timestamp_s,Bx_mT,By_mT,Bz_mT,Fx_N,Fy_N,Fz_N,Tx_Nm,Ty_Nm,Tz_Nm,phase
13.56300,4.270000,1.580000,12.170000,0.042260,-0.122399,-1.544589,-0.010187,-0.003223,0.000425,zero
14.20400,4.260000,1.580000,12.160000,0.042260,-0.122399,-1.544589,-0.010187,-0.003223,0.000425,zero
14.21900,4.310000,1.570000,12.180000,0.035105,-0.117949,-1.554951,-0.010155,-0.003366,0.000526,zero
14.23500,4.260000,1.590000,12.180000,0.035053,-0.126340,-1.554902,-0.010213,-0.003366,0.000635,zero
14.25000,4.270000,1.640000,12.180000,0.034684,-0.126313,-1.534198,-0.010048,-0.003268,0.000642,zero
14.26600,4.270000,1.590000,12.170000,0.035053,-0.126340,-1.554902,-0.010213,-0.003366,0.000635,zero
14.26600,4.260000,1.580000,12.170000,0.035083,-0.126612,-1.544454,-0.010216,-0.003174,0.000640,zero
14.28200,4.270000,1.620000,12.150000,0.035083,-0.126612,-1.544454,-0.010216,-0.003174,0.000640,zero
14.29700,4.280000,1.610000,12.170000,0.042178,-0.130517,-1.554988,-0.010243,-0.003416,0.000528,zero
14.31300,4.310000,1.600000,12.180000,0.042209,-0.130789,-1.544540,-0.010246,-0.003224,0.000533,zero
14.31300,4.290000,1.620000,12.170000,0.042209,-0.130789,-1.544540,-0.010246,-0.003224,0.000533,zero
14.32900,4.260000,1.610000,12.160000,0.042209,-0.130789,-1.544540,-0.010246,-0.003224,0.000533,zero
14.34400,4.290000,1.600000,12.190000,0.042209,-0.130789,-1.544540,-0.010246,-0.003224,0.000533,zero
14.36000,4.280000,1.600000,12.180000,0.042178,-0.130517,-1.554988,-0.010243,-0.003416,0.000528,zero
14.37500,4.270000,1.610000,12.160000,0.034934,-0.134957,-1.544649,-0.010274,-0.003173,0.000426,zero
14.37500,4.260000,1.590000,12.160000,0.042209,-0.130789,-1.544540,-0.010246,-0.003224,0.000533,zero
14.39100,4.260000,1.590000,12.160000,0.042209,-0.130789,-1.544540,-0.010246,-0.003224,0.000533,zero
14.40700,4.270000,1.630000,12.180000,0.042490,-0.130744,-1.534258,-0.010410,-0.003319,0.000539,zero
14.42200,4.250000,1.610000,12.170000,0.042157,-0.139180,-1.544491,-0.010304,-0.003224,0.000641,zero
14.42200,4.290000,1.580000,12.170000,0.049303,-0.134695,-1.555074,-0.010273,-0.003465,0.000422,zero
14.43800,4.240000,1.650000,12.180000,0.049533,-0.143040,-1.544743,-0.010497,-0.003561,0.000536,zero
14.45400,4.290000,1.640000,12.180000,0.042126,-0.138908,-1.554939,-0.010302,-0.003416,0.000637,zero
14.46900,4.270000,1.600000,12.160000,0.042490,-0.130744,-1.534258,-0.010410,-0.003319,0.000539,zero
14.48500,4.280000,1.600000,12.160000,0.042157,-0.139180,-1.544491,-0.010304,-0.003224,0.000641,zero
14.48500,4.260000,1.610000,12.170000,0.049282,-0.143357,-1.544577,-0.010334,-0.003275,0.000535,zero
14.50000,4.280000,1.590000,12.160000,0.049282,-0.143357,-1.544577,-0.010334,-0.003275,0.000535,zero
14.51600,4.240000,1.620000,12.150000,0.056608,-0.130799,-1.544517,-0.010247,-0.003324,0.000534,zero
14.53200,4.300000,1.610000,12.170000,0.049585,-0.134650,-1.544791,-0.010438,-0.003561,0.000428,zero
14.54700,4.240000,1.600000,12.180000,0.042439,-0.139135,-1.534209,-0.010469,-0.003319,0.000647,zero
14.56300,4.290000,1.600000,12.190000,0.041779,-0.130219,-1.544731,-0.010076,-0.003510,0.000530,zero
14.56300,4.250000,1.590000,12.160000,0.042126,-0.138908,-1.554939,-0.010302,-0.003416,0.000637,zero
14.57900,4.300000,1.560000,12.190000,0.041779,-0.130219,-1.544731,-0.010076,-0.003510,0.000530,zero
14.59400,4.290000,1.590000,12.160000,0.042178,-0.130517,-1.554988,-0.010243,-0.003416,0.000528,zero
14.61000,4.250000,1.580000,12.190000,0.049303,-0.134695,-1.555074,-0.010273,-0.003465,0.000422,zero
14.62500,4.250000,1.580000,12.170000,0.056578,-0.130527,-1.554965,-0.010245,-0.003516,0.000529,zero
14.64100,4.260000,1.610000,12.170000,0.056608,-0.130799,-1.544517,-0.010247,-0.003324,0.000534,zero
14.65700,4.290000,1.640000,12.170000,0.056578,-0.130527,-1.554965,-0.010245,-0.003516,0.000529,zero
14.65700,4.230000,1.610000,12.160000,0.056859,-0.130482,-1.544682,-0.010409,-0.003611,0.000535,zero
14.67200,4.240000,1.600000,12.190000,0.049303,-0.134695,-1.555074,-0.010273,-0.003465,0.000422,zero
14.68800,4.260000,1.630000,12.170000,0.042209,-0.130789,-1.544540,-0.010246,-0.003224,0.000533,zero
14.70400,4.280000,1.610000,12.180000,0.042460,-0.130472,-1.544706,-0.010408,-0.003511,0.000534,zero
14.71900,4.290000,1.570000,12.170000,0.042178,-0.130517,-1.554988,-0.010243,-0.003416,0.000528,zero
14.73500,4.290000,1.610000,12.170000,0.049564,-0.143312,-1.534295,-0.010499,-0.003369,0.000541,zero
14.73500,4.290000,1.610000,12.160000,0.056859,-0.130482,-1.544682,-0.010409,-0.003611,0.000535,zero
14.75000,4.220000,1.610000,12.160000,0.049564,-0.143312,-1.534295,-0.010499,-0.003369,0.000541,zero
14.76600,4.250000,1.640000,12.180000,0.049616,-0.134922,-1.534344,-0.010440,-0.003368,0.000432,zero
14.78200,4.260000,1.600000,12.170000,0.042209,-0.130789,-1.544540,-0.010246,-0.003224,0.000533,zero
14.78200,4.250000,1.610000,12.190000,0.042209,-0.130789,-1.544540,-0.010246,-0.003224,0.000533,zero
14.79700,4.230000,1.570000,12.170000,0.042209,-0.130789,-1.544540,-0.010246,-0.003224,0.000533,zero
14.81300,4.260000,1.620000,12.150000,0.042260,-0.122399,-1.544589,-0.010187,-0.003223,0.000425,zero
14.82900,4.260000,1.650000,12.160000,0.042378,-0.122743,-1.565127,-0.010190,-0.003034,0.000417,zero
14.84400,4.240000,1.610000,12.170000,0.049704,-0.110185,-1.565067,-0.010103,-0.003085,0.000416,zero
14.84400,4.260000,1.600000,12.190000,0.049704,-0.110185,-1.565067,-0.010103,-0.003085,0.000416,zero
14.86000,4.280000,1.570000,12.160000,0.035305,-0.110175,-1.565090,-0.010101,-0.002984,0.000415,zero
14.87500,4.220000,1.570000,12.160000,0.034905,-0.109876,-1.554834,-0.009933,-0.003079,0.000417,zero
14.89100,4.230000,1.620000,12.140000,0.027861,-0.122389,-1.544612,-0.010185,-0.003123,0.000424,zero
14.90700,4.270000,1.620000,12.160000,0.042378,-0.122743,-1.565127,-0.010190,-0.003034,0.000417,zero
14.92200,4.270000,1.600000,12.160000,0.041979,-0.122444,-1.554871,-0.010022,-0.003128,0.000419,zero
14.92200,4.270000,1.590000,12.160000,0.041927,-0.130835,-1.554822,-0.010081,-0.003128,0.000527,zero
14.93800,4.290000,1.610000,12.150000,0.042209,-0.130789,-1.544540,-0.010246,-0.003224,0.000533,zero
14.95400,4.260000,1.580000,12.150000,0.049334,-0.134967,-1.544626,-0.010275,-0.003273,0.000426,zero
14.96900,4.240000,1.600000,12.140000,0.042209,-0.130789,-1.544540,-0.010246,-0.003224,0.000533,zero
14.98500,4.270000,1.580000,12.180000,0.035017,-0.126839,-1.534250,-0.010217,-0.002981,0.000322,zero
15.00000,4.270000,1.640000,12.160000,0.027861,-0.122389,-1.544612,-0.010185,-0.003123,0.000424,zero
15.00000,4.300000,1.610000,12.150000,0.027610,-0.122707,-1.544446,-0.010023,-0.002835,0.000423,zero
15.01600,4.270000,1.600000,12.170000,0.020905,-0.110165,-1.565114,-0.010100,-0.002883,0.000415,zero
15.03200,4.260000,1.610000,12.170000,0.028210,-0.106269,-1.554557,-0.010073,-0.002742,0.000527,zero
15.04700,4.260000,1.610000,12.170000,0.035105,-0.102102,-1.564973,-0.009880,-0.002696,0.000306,zero
15.06300,4.320000,1.610000,12.170000,0.027980,-0.097924,-1.564888,-0.009850,-0.002646,0.000412,zero
15.07900,4.280000,1.590000,12.180000,0.027980,-0.097924,-1.564888,-0.009850,-0.002646,0.000412,zero
15.07900,4.280000,1.640000,12.170000,0.028231,-0.097607,-1.565053,-0.010013,-0.002935,0.000413,zero
15.09400,4.270000,1.580000,12.150000,0.020936,-0.110437,-1.554666,-0.010102,-0.002691,0.000419,zero
15.11000,4.270000,1.620000,12.170000,0.013463,-0.097571,-1.544372,-0.009845,-0.002736,0.000419,zero
15.12500,4.270000,1.620000,12.170000,0.020936,-0.110437,-1.554666,-0.010102,-0.002691,0.000419,zero
15.14100,4.260000,1.620000,12.150000,0.020936,-0.110437,-1.554666,-0.010102,-0.002691,0.000419,zero
15.15700,4.260000,1.550000,12.160000,0.035335,-0.110447,-1.554642,-0.010103,-0.002792,0.000420,zero
15.17200,4.230000,1.600000,12.160000,0.035335,-0.110447,-1.554642,-0.010103,-0.002792,0.000420,zero
15.18800,4.250000,1.600000,12.160000,0.035305,-0.110175,-1.565090,-0.010101,-0.002984,0.000415,zero
15.18800,4.240000,1.590000,12.160000,0.035335,-0.110447,-1.554642,-0.010103,-0.002792,0.000420,zero
15.20400,4.280000,1.630000,12.170000,0.034936,-0.110148,-1.544386,-0.009936,-0.002886,0.000422,zero
15.21900,4.240000,1.620000,12.160000,0.035253,-0.118565,-1.565042,-0.010160,-0.002984,0.000524,zero
15.23500,4.270000,1.630000,12.170000,0.035253,-0.118565,-1.565042,-0.010160,-0.002984,0.000524,zero
15.25000,4.240000,1.590000,12.160000,0.035335,-0.110447,-1.554642,-0.010103,-0.002792,0.000420,zero
15.26600,4.260000,1.630000,12.170000,0.035305,-0.110175,-1.565090,-0.010101,-0.002984,0.000415,zero
15.28200,4.280000,1.590000,12.170000,0.035305,-0.110175,-1.565090,-0.010101,-0.002984,0.000415,zero
15.29700,4.270000,1.600000,12.170000,0.028061,-0.114615,-1.554752,-0.010132,-0.002742,0.000313,zero
15.31300,4.280000,1.560000,12.160000,0.028030,-0.114343,-1.565199,-0.010130,-0.002933,0.000308,zero
15.32900,4.280000,1.620000,12.160000,0.020936,-0.110437,-1.554666,-0.010102,-0.002691,0.000419,zero
15.32900,4.270000,1.620000,12.180000,0.020905,-0.110165,-1.565114,-0.010100,-0.002883,0.000415,zero
15.34400,4.240000,1.620000,12.170000,0.028009,-0.123005,-1.554703,-0.010191,-0.002742,0.000421,zero
15.36000,4.290000,1.580000,12.150000,0.035305,-0.110175,-1.565090,-0.010101,-0.002984,0.000415,zero
15.37500,4.270000,1.570000,12.150000,0.035283,-0.118837,-1.554594,-0.010162,-0.002792,0.000528,zero
15.39100,4.280000,1.610000,12.150000,0.035253,-0.118565,-1.565042,-0.010160,-0.002984,0.000524,zero
15.40700,4.250000,1.610000,12.160000,0.035253,-0.118565,-1.565042,-0.010160,-0.002984,0.000524,zero
15.40700,4.290000,1.600000,12.190000,0.020853,-0.118556,-1.565065,-0.010159,-0.002884,0.000523,zero
15.42200,4.260000,1.590000,12.170000,0.027579,-0.122435,-1.554894,-0.010021,-0.003027,0.000418,zero
15.43800,4.300000,1.600000,12.180000,0.034853,-0.118267,-1.554785,-0.009992,-0.003079,0.000525,zero
15.45400,4.230000,1.600000,12.180000,0.034853,-0.118267,-1.554785,-0.009992,-0.003079,0.000525,zero
15.46900,4.290000,1.620000,12.180000,0.042009,-0.122716,-1.544423,-0.010024,-0.002936,0.000424,zero
15.48500,4.300000,1.610000,12.160000,0.042260,-0.122399,-1.544589,-0.010187,-0.003223,0.000425,zero
15.50000,4.270000,1.620000,12.150000,0.042209,-0.130789,-1.544540,-0.010246,-0.003224,0.000533,zero
15.51600,4.280000,1.610000,12.180000,0.049334,-0.134967,-1.544626,-0.010275,-0.003273,0.000426,zero
15.53200,4.260000,1.620000,12.160000,0.042209,-0.130789,-1.544540,-0.010246,-0.003224,0.000533,zero
15.53200,4.280000,1.620000,12.190000,0.049052,-0.135012,-1.554908,-0.010111,-0.003178,0.000421,zero
15.54700,4.260000,1.610000,12.150000,0.049104,-0.126622,-1.554957,-0.010052,-0.003177,0.000312,zero
15.56300,4.290000,1.630000,12.170000,0.049104,-0.126622,-1.554957,-0.010052,-0.003177,0.000312,zero
15.57900,4.240000,1.610000,12.170000,0.056578,-0.130527,-1.554965,-0.010245,-0.003516,0.000529,zero
15.57900,4.240000,1.600000,12.170000,0.056608,-0.130799,-1.544517,-0.010247,-0.003324,0.000534,zero
15.59400,4.290000,1.600000,12.170000,0.049334,-0.134967,-1.544626,-0.010275,-0.003273,0.000426,zero
15.61000,4.270000,1.600000,12.180000,0.042209,-0.130789,-1.544540,-0.010246,-0.003224,0.000533,zero
15.62500,4.270000,1.610000,12.170000,0.042178,-0.130517,-1.554988,-0.010243,-0.003416,0.000528,zero
15.64100,4.300000,1.620000,12.170000,0.042178,-0.130517,-1.554988,-0.010243,-0.003416,0.000528,zero
15.65700,4.250000,1.600000,12.170000,0.049021,-0.134740,-1.565356,-0.010109,-0.003370,0.000416,zero
15.65700,4.280000,1.610000,12.170000,0.049303,-0.134695,-1.555074,-0.010273,-0.003465,0.000422,zero
15.67200,4.260000,1.610000,12.170000,0.056578,-0.130527,-1.554965,-0.010245,-0.003516,0.000529,zero
15.68800,4.260000,1.620000,12.170000,0.049303,-0.134695,-1.555074,-0.010273,-0.003465,0.000422,zero
15.70400,4.290000,1.590000,12.150000,0.049303,-0.134695,-1.555074,-0.010273,-0.003465,0.000422,zero
15.71900,4.270000,1.610000,12.160000,0.049334,-0.134967,-1.544626,-0.010275,-0.003273,0.000426,zero
15.71900,4.270000,1.610000,12.180000,0.049021,-0.134740,-1.565356,-0.010109,-0.003370,0.000416,zero
15.73500,4.240000,1.590000,12.170000,0.041896,-0.130563,-1.565270,-0.010079,-0.003320,0.000522,zero
15.75000,4.260000,1.590000,12.150000,0.049303,-0.134695,-1.555074,-0.010273,-0.003465,0.000422,zero
15.76600,4.270000,1.620000,12.150000,0.049303,-0.134695,-1.555074,-0.010273,-0.003465,0.000422,zero
15.78200,4.270000,1.600000,12.180000,0.049282,-0.143357,-1.544577,-0.010334,-0.003275,0.000535,zero
15.79700,4.260000,1.620000,12.170000,0.049251,-0.143085,-1.555025,-0.010332,-0.003466,0.000530,zero
15.79700,4.270000,1.610000,12.140000,0.049334,-0.134967,-1.544626,-0.010275,-0.003273,0.000426,zero
15.81300,4.270000,1.620000,12.160000,0.049334,-0.134967,-1.544626,-0.010275,-0.003273,0.000426,zero
15.82900,4.270000,1.600000,12.160000,0.049334,-0.134967,-1.544626,-0.010275,-0.003273,0.000426,zero
15.82900,4.250000,1.580000,12.170000,0.042157,-0.139180,-1.544491,-0.010304,-0.003224,0.000641,zero
15.84400,4.280000,1.630000,12.150000,0.049282,-0.143357,-1.544577,-0.010334,-0.003275,0.000535,zero
15.86000,4.260000,1.630000,12.180000,0.049052,-0.135012,-1.554908,-0.010111,-0.003178,0.000421,zero
15.87500,4.260000,1.610000,12.170000,0.049052,-0.135012,-1.554908,-0.010111,-0.003178,0.000421,zero
15.87500,4.250000,1.610000,12.180000,0.049334,-0.134967,-1.544626,-0.010275,-0.003273,0.000426,zero
15.89100,4.260000,1.600000,12.170000,0.049334,-0.134967,-1.544626,-0.010275,-0.003273,0.000426,zero
15.90700,4.260000,1.620000,12.180000,0.042209,-0.130789,-1.544540,-0.010246,-0.003224,0.000533,zero
15.92200,4.270000,1.620000,12.160000,0.042209,-0.130789,-1.544540,-0.010246,-0.003224,0.000533,zero
15.93800,4.280000,1.610000,12.170000,0.049334,-0.134967,-1.544626,-0.010275,-0.003273,0.000426,zero
15.95400,4.250000,1.570000,12.160000,0.049451,-0.135311,-1.565164,-0.010279,-0.003085,0.000419,zero
15.96900,4.270000,1.610000,12.170000,0.049334,-0.134967,-1.544626,-0.010275,-0.003273,0.000426,zero
15.96900,4.270000,1.610000,12.170000,0.049303,-0.134695,-1.555074,-0.010273,-0.003465,0.000422,zero
15.98500,4.270000,1.580000,12.170000,0.056428,-0.138873,-1.555159,-0.010303,-0.003515,0.000315,zero
16.00000,4.300000,1.590000,12.190000,0.056177,-0.139190,-1.554994,-0.010141,-0.003227,0.000314,zero
16.01600,4.300000,1.610000,12.180000,0.049251,-0.143085,-1.555025,-0.010332,-0.003466,0.000530,zero
16.03200,4.240000,1.610000,12.170000,0.049282,-0.143357,-1.544577,-0.010334,-0.003275,0.000535,zero
16.04700,4.310000,1.610000,12.170000,0.041977,-0.147253,-1.555134,-0.010361,-0.003415,0.000423,zero
16.04700,4.260000,1.590000,12.160000,0.041977,-0.147253,-1.555134,-0.010361,-0.003415,0.000423,zero
16.06300,4.290000,1.600000,12.160000,0.041977,-0.147253,-1.555134,-0.010361,-0.003415,0.000423,zero
16.07900,4.280000,1.590000,12.160000,0.048703,-0.151132,-1.544963,-0.010223,-0.003559,0.000318,zero
16.09400,4.260000,1.610000,12.150000,0.055977,-0.146964,-1.544854,-0.010194,-0.003609,0.000425,zero
16.11000,4.240000,1.630000,12.160000,0.049050,-0.159821,-1.555171,-0.010449,-0.003465,0.000425,zero
16.11000,4.270000,1.600000,12.180000,0.056325,-0.155653,-1.555062,-0.010421,-0.003516,0.000532,zero
16.12500,4.260000,1.610000,12.170000,0.055925,-0.155355,-1.544806,-0.010253,-0.003610,0.000534,zero
16.14100,4.290000,1.590000,12.170000,0.056377,-0.147263,-1.555111,-0.010362,-0.003515,0.000424,zero
16.15700,4.290000,1.640000,12.150000,0.056325,-0.155653,-1.555062,-0.010421,-0.003516,0.000532,zero
16.15700,4.280000,1.580000,12.170000,0.056325,-0.155653,-1.555062,-0.010421,-0.003516,0.000532,zero
16.17200,4.280000,1.600000,12.170000,0.063450,-0.159831,-1.555148,-0.010451,-0.003565,0.000425,zero
16.18800,4.270000,1.620000,12.170000,0.056176,-0.163999,-1.555257,-0.010479,-0.003515,0.000318,zero
16.20400,4.260000,1.640000,12.150000,0.056325,-0.155653,-1.555062,-0.010421,-0.003516,0.000532,zero
16.21900,4.270000,1.620000,12.160000,0.049332,-0.159776,-1.544889,-0.010614,-0.003560,0.000431,zero
16.23500,4.260000,1.600000,12.170000,0.048933,-0.159477,-1.534633,-0.010446,-0.003654,0.000432,zero
16.25000,4.320000,1.590000,12.160000,0.048933,-0.159477,-1.534633,-0.010446,-0.003654,0.000432,zero
16.25000,4.300000,1.580000,12.160000,0.055925,-0.155355,-1.544806,-0.010253,-0.003610,0.000534,zero
16.26600,4.260000,1.600000,12.170000,0.055925,-0.155355,-1.544806,-0.010253,-0.003610,0.000534,zero
16.28200,4.270000,1.600000,12.160000,0.055925,-0.155355,-1.544806,-0.010253,-0.003610,0.000534,zero
16.29700,4.270000,1.620000,12.160000,0.056207,-0.155309,-1.534523,-0.010418,-0.003706,0.000540,zero
16.29700,4.280000,1.610000,12.150000,0.056207,-0.155309,-1.534523,-0.010418,-0.003706,0.000540,zero
16.31300,4.260000,1.610000,12.160000,0.063450,-0.159831,-1.555148,-0.010451,-0.003565,0.000425,zero
16.32900,4.250000,1.570000,12.170000,0.063051,-0.159532,-1.544891,-0.010283,-0.003659,0.000427,zero
16.34400,4.290000,1.620000,12.170000,0.062999,-0.167923,-1.544843,-0.010342,-0.003660,0.000536,zero
16.36000,4.280000,1.610000,12.160000,0.062999,-0.167923,-1.544843,-0.010342,-0.003660,0.000536,zero
16.37500,4.280000,1.580000,12.180000,0.063051,-0.159532,-1.544891,-0.010283,-0.003659,0.000427,zero
16.39100,4.320000,1.620000,12.160000,0.063398,-0.168221,-1.555099,-0.010510,-0.003566,0.000534,zero
16.40700,4.270000,1.600000,12.180000,0.063281,-0.167877,-1.534561,-0.010506,-0.003755,0.000541,zero
16.42200,4.290000,1.590000,12.170000,0.063281,-0.167877,-1.534561,-0.010506,-0.003755,0.000541,zero
16.42200,4.300000,1.630000,12.160000,0.056006,-0.172045,-1.534670,-0.010535,-0.003704,0.000434,zero
16.43800,4.290000,1.620000,12.160000,0.055776,-0.163700,-1.545000,-0.010312,-0.003608,0.000320,zero
16.45400,4.260000,1.610000,12.170000,0.063450,-0.159831,-1.555148,-0.010451,-0.003565,0.000425,zero
16.46900,4.260000,1.610000,12.160000,0.063450,-0.159831,-1.555148,-0.010451,-0.003565,0.000425,zero
16.48500,4.260000,1.590000,12.160000,0.063450,-0.159831,-1.555148,-0.010451,-0.003565,0.000425,zero
16.50000,4.290000,1.600000,12.150000,0.063450,-0.159831,-1.555148,-0.010451,-0.003565,0.000425,zero
16.51600,4.250000,1.610000,12.160000,0.063450,-0.159831,-1.555148,-0.010451,-0.003565,0.000425,zero
16.51600,4.260000,1.620000,12.170000,0.056457,-0.163953,-1.544975,-0.010644,-0.003610,0.000324,zero
16.53200,4.270000,1.640000,12.150000,0.056176,-0.163999,-1.555257,-0.010479,-0.003515,0.000318,zero
16.54700,4.240000,1.610000,12.170000,0.049050,-0.159821,-1.555171,-0.010449,-0.003465,0.000425,zero
16.56300,4.260000,1.600000,12.150000,0.049050,-0.159821,-1.555171,-0.010449,-0.003465,0.000425,zero
16.57900,4.260000,1.610000,12.150000,0.063502,-0.151440,-1.555196,-0.010392,-0.003565,0.000317,zero
16.59400,4.270000,1.640000,12.160000,0.063502,-0.151440,-1.555196,-0.010392,-0.003565,0.000317,zero
16.61000,4.270000,1.600000,12.160000,0.071176,-0.147571,-1.565344,-0.010532,-0.003523,0.000422,zero
16.61000,4.280000,1.620000,12.170000,0.063450,-0.159831,-1.555148,-0.010451,-0.003565,0.000425,zero
16.62500,4.300000,1.600000,12.160000,0.063732,-0.159786,-1.544866,-0.010615,-0.003661,0.000431,zero
16.64100,4.260000,1.580000,12.150000,0.070724,-0.155663,-1.555039,-0.010423,-0.003616,0.000532,zero
16.64100,4.260000,1.580000,12.140000,0.070575,-0.164008,-1.555234,-0.010481,-0.003615,0.000319,zero
16.65700,4.290000,1.600000,12.170000,0.077798,-0.168231,-1.555076,-0.010511,-0.003666,0.000534,zero
16.67200,4.260000,1.590000,12.170000,0.070523,-0.172399,-1.555185,-0.010540,-0.003616,0.000427,zero
16.68800,4.260000,1.620000,12.170000,0.070805,-0.172354,-1.544903,-0.010704,-0.003711,0.000433,zero
16.68800,4.290000,1.630000,12.180000,0.070805,-0.172354,-1.544903,-0.010704,-0.003711,0.000433,zero
16.70400,4.290000,1.610000,12.170000,0.063398,-0.168221,-1.555099,-0.010510,-0.003566,0.000534,zero
16.71900,4.300000,1.600000,12.160000,0.063398,-0.168221,-1.555099,-0.010510,-0.003566,0.000534,zero
16.73500,4.240000,1.620000,12.150000,0.063680,-0.168176,-1.544817,-0.010674,-0.003661,0.000540,zero
16.73500,4.270000,1.610000,12.160000,0.063680,-0.168176,-1.544817,-0.010674,-0.003661,0.000540,zero
16.75000,4.250000,1.590000,12.180000,0.063650,-0.167904,-1.555265,-0.010672,-0.003853,0.000535,zero
16.76600,4.280000,1.650000,12.170000,0.063680,-0.168176,-1.544817,-0.010674,-0.003661,0.000540,zero
16.78200,4.280000,1.590000,12.170000,0.070523,-0.172399,-1.555185,-0.010540,-0.003616,0.000427,zero
16.79700,4.260000,1.620000,12.170000,0.070575,-0.164008,-1.555234,-0.010481,-0.003615,0.000319,zero
16.79700,4.280000,1.580000,12.150000,0.070857,-0.163963,-1.544951,-0.010645,-0.003710,0.000325,zero
16.81300,4.280000,1.610000,12.150000,0.063450,-0.159831,-1.555148,-0.010451,-0.003565,0.000425,zero
16.82900,4.270000,1.590000,12.180000,0.063450,-0.159831,-1.555148,-0.010451,-0.003565,0.000425,zero
16.82900,4.300000,1.610000,12.160000,0.063450,-0.159831,-1.555148,-0.010451,-0.003565,0.000425,zero
16.84400,4.270000,1.590000,12.150000,0.063502,-0.151440,-1.555196,-0.010392,-0.003565,0.000317,zero
16.86000,4.250000,1.630000,12.180000,0.063502,-0.151440,-1.555196,-0.010392,-0.003565,0.000317,zero
16.87500,4.270000,1.600000,12.150000,0.056377,-0.147263,-1.555111,-0.010362,-0.003515,0.000424,zero
16.89100,4.280000,1.620000,12.150000,0.070776,-0.147273,-1.555087,-0.010364,-0.003616,0.000424,zero
16.89100,4.250000,1.620000,12.160000,0.063784,-0.151395,-1.544914,-0.010557,-0.003660,0.000323,zero
16.90700,4.240000,1.620000,12.170000,0.063420,-0.159559,-1.565596,-0.010449,-0.003758,0.000421,zero
16.92200,4.300000,1.580000,12.160000,0.063420,-0.159559,-1.565596,-0.010449,-0.003758,0.000421,zero
16.93800,4.230000,1.580000,12.150000,0.063701,-0.159514,-1.555313,-0.010613,-0.003853,0.000426,zero
16.95400,4.260000,1.620000,12.160000,0.063701,-0.159514,-1.555313,-0.010613,-0.003853,0.000426,zero
16.96900,4.250000,1.600000,12.150000,0.063701,-0.159514,-1.555313,-0.010613,-0.003853,0.000426,zero
16.98500,4.290000,1.620000,12.160000,0.063701,-0.159514,-1.555313,-0.010613,-0.003853,0.000426,zero
16.98500,4.260000,1.620000,12.160000,0.063732,-0.159786,-1.544866,-0.010615,-0.003661,0.000431,zero
17.00000,4.300000,1.580000,12.160000,0.063332,-0.159487,-1.534609,-0.010448,-0.003755,0.000433,zero
17.01600,4.300000,1.600000,12.170000,0.063332,-0.159487,-1.534609,-0.010448,-0.003755,0.000433,zero
17.03200,4.280000,1.600000,12.150000,0.063732,-0.159786,-1.544866,-0.010615,-0.003661,0.000431,zero
17.04700,4.300000,1.590000,12.170000,0.056457,-0.163953,-1.544975,-0.010644,-0.003610,0.000324,zero
17.06300,4.250000,1.630000,12.170000,0.056457,-0.163953,-1.544975,-0.010644,-0.003610,0.000324,zero
17.06300,4.240000,1.610000,12.170000,0.063502,-0.151440,-1.555196,-0.010392,-0.003565,0.000317,zero
17.07900,4.270000,1.620000,12.140000,0.056377,-0.147263,-1.555111,-0.010362,-0.003515,0.000424,zero
17.09400,4.270000,1.600000,12.160000,0.056407,-0.147535,-1.544663,-0.010364,-0.003324,0.000428,zero
17.11000,4.250000,1.580000,12.200000,0.056428,-0.138873,-1.555159,-0.010303,-0.003515,0.000315,zero
17.12500,4.290000,1.640000,12.170000,0.056407,-0.147535,-1.544663,-0.010364,-0.003324,0.000428,zero
17.14100,4.250000,1.580000,12.140000,0.049133,-0.151703,-1.544772,-0.010393,-0.003272,0.000321,zero
17.14100,4.270000,1.610000,12.170000,0.049133,-0.151703,-1.544772,-0.010393,-0.003272,0.000321,zero
17.15700,4.270000,1.620000,12.180000,0.049133,-0.151703,-1.544772,-0.010393,-0.003272,0.000321,zero
17.17200,4.270000,1.610000,12.160000,0.049102,-0.151431,-1.555220,-0.010391,-0.003465,0.000316,zero
17.18800,4.300000,1.630000,12.180000,0.056407,-0.147535,-1.544663,-0.010364,-0.003324,0.000428,zero
17.20400,4.290000,1.590000,12.120000,0.056428,-0.138873,-1.555159,-0.010303,-0.003515,0.000315,zero
17.21900,4.280000,1.590000,12.160000,0.056377,-0.147263,-1.555111,-0.010362,-0.003515,0.000424,zero
17.23500,4.290000,1.590000,12.170000,0.063502,-0.151440,-1.555196,-0.010392,-0.003565,0.000317,zero
17.25000,4.250000,1.640000,12.180000,0.063102,-0.151142,-1.544940,-0.010224,-0.003659,0.000319,zero
17.26600,4.280000,1.610000,12.180000,0.056176,-0.163999,-1.555257,-0.010479,-0.003515,0.000318,zero
17.28200,4.280000,1.620000,12.160000,0.056058,-0.163655,-1.534718,-0.010476,-0.003704,0.000326,zero
17.28200,4.290000,1.590000,12.160000,0.063450,-0.159831,-1.555148,-0.010451,-0.003565,0.000425,zero
17.29700,4.280000,1.620000,12.150000,0.063051,-0.159532,-1.544891,-0.010283,-0.003659,0.000427,zero
17.31300,4.270000,1.590000,12.160000,0.063332,-0.159487,-1.534609,-0.010448,-0.003755,0.000433,zero
17.32900,4.240000,1.610000,12.160000,0.056058,-0.163655,-1.534718,-0.010476,-0.003704,0.000326,zero
17.32900,4.280000,1.630000,12.170000,0.063701,-0.159514,-1.555313,-0.010613,-0.003853,0.000426,zero
17.34400,4.280000,1.630000,12.160000,0.056028,-0.163383,-1.545166,-0.010474,-0.003896,0.000321,zero
17.36000,4.280000,1.610000,12.170000,0.063020,-0.159260,-1.555339,-0.010281,-0.003851,0.000422,zero
17.37500,4.260000,1.600000,12.140000,0.056176,-0.163999,-1.555257,-0.010479,-0.003515,0.000318,zero
17.39100,4.260000,1.590000,12.150000,0.063302,-0.159215,-1.545057,-0.010445,-0.003947,0.000428,zero
17.39100,4.270000,1.610000,12.160000,0.063051,-0.159532,-1.544891,-0.010283,-0.003659,0.000427,zero
17.40700,4.270000,1.610000,12.170000,0.070145,-0.163438,-1.555425,-0.010311,-0.003902,0.000316,zero
17.42200,4.240000,1.590000,12.170000,0.070176,-0.163710,-1.544977,-0.010313,-0.003709,0.000321,zero
17.43800,4.240000,1.600000,12.140000,0.070427,-0.163392,-1.545143,-0.010475,-0.003997,0.000322,zero
17.45400,4.250000,1.600000,12.170000,0.070857,-0.163963,-1.544951,-0.010645,-0.003710,0.000325,zero
17.46900,4.280000,1.580000,12.170000,0.070458,-0.163665,-1.534695,-0.010477,-0.003804,0.000326,zero
17.46900,4.250000,1.610000,12.150000,0.070575,-0.164008,-1.555234,-0.010481,-0.003615,0.000319,zero
17.48500,4.270000,1.620000,12.160000,0.070575,-0.164008,-1.555234,-0.010481,-0.003615,0.000319,zero
17.50000,4.320000,1.580000,12.170000,0.070545,-0.163736,-1.565681,-0.010479,-0.003807,0.000314,zero
17.51600,4.260000,1.580000,12.160000,0.077819,-0.159569,-1.565572,-0.010450,-0.003858,0.000421,zero
17.53200,4.250000,1.630000,12.150000,0.084893,-0.172136,-1.565609,-0.010539,-0.003908,0.000423,zero
17.54700,4.260000,1.600000,12.180000,0.070145,-0.163438,-1.555425,-0.010311,-0.003902,0.000316,zero
17.56300,4.250000,1.630000,12.160000,0.070458,-0.163665,-1.534695,-0.010477,-0.003804,0.000326,zero
17.56300,4.260000,1.590000,12.160000,0.070458,-0.163665,-1.534695,-0.010477,-0.003804,0.000326,zero
17.57900,4.260000,1.620000,12.150000,0.063332,-0.159487,-1.534609,-0.010448,-0.003755,0.000433,zero
17.59400,4.290000,1.610000,12.160000,0.063732,-0.159786,-1.544866,-0.010615,-0.003661,0.000431,zero
17.61000,4.280000,1.590000,12.160000,0.063732,-0.159786,-1.544866,-0.010615,-0.003661,0.000431,zero
17.62500,4.280000,1.610000,12.170000,0.063051,-0.159532,-1.544891,-0.010283,-0.003659,0.000427,zero
17.64100,4.250000,1.560000,12.180000,0.063051,-0.159532,-1.544891,-0.010283,-0.003659,0.000427,zero
17.65700,4.290000,1.600000,12.160000,0.063102,-0.151142,-1.544940,-0.010224,-0.003659,0.000319,zero
17.65700,4.270000,1.610000,12.160000,0.063332,-0.159487,-1.534609,-0.010448,-0.003755,0.000433,zero
17.67200,4.250000,1.600000,12.170000,0.063384,-0.151097,-1.534658,-0.010389,-0.003755,0.000325,zero
17.68800,4.260000,1.650000,12.160000,0.056110,-0.155264,-1.534767,-0.010417,-0.003703,0.000217,zero
17.70400,4.260000,1.600000,12.160000,0.063502,-0.151440,-1.555196,-0.010392,-0.003565,0.000317,zero
17.71900,4.290000,1.610000,12.150000,0.063450,-0.159831,-1.555148,-0.010451,-0.003565,0.000425,zero
17.73500,4.290000,1.590000,12.160000,0.063450,-0.159831,-1.555148,-0.010451,-0.003565,0.000425,zero
17.73500,4.270000,1.630000,12.130000,0.070575,-0.164008,-1.555234,-0.010481,-0.003615,0.000319,zero
17.75000,4.260000,1.600000,12.170000,0.070909,-0.155573,-1.545000,-0.010587,-0.003710,0.000216,zero
17.76600,4.260000,1.640000,12.170000,0.070627,-0.155618,-1.555282,-0.010422,-0.003615,0.000210,zero
17.76600,4.290000,1.640000,12.190000,0.063384,-0.151097,-1.534658,-0.010389,-0.003755,0.000325,zero
17.78200,4.280000,1.610000,12.160000,0.063102,-0.151142,-1.544940,-0.010224,-0.003659,0.000319,zero
17.79700,4.270000,1.630000,12.150000,0.063502,-0.151440,-1.555196,-0.010392,-0.003565,0.000317,zero
17.79700,4.280000,1.620000,12.160000,0.063502,-0.151440,-1.555196,-0.010392,-0.003565,0.000317,zero
17.81300,4.270000,1.620000,12.170000,0.056377,-0.147263,-1.555111,-0.010362,-0.003515,0.000424,zero
17.82900,4.280000,1.620000,12.180000,0.056377,-0.147263,-1.555111,-0.010362,-0.003515,0.000424,zero
17.82900,4.260000,1.610000,12.190000,0.056377,-0.147263,-1.555111,-0.010362,-0.003515,0.000424,zero
17.84400,4.260000,1.600000,12.180000,0.063532,-0.151713,-1.544749,-0.010394,-0.003373,0.000322,zero
17.86000,4.250000,1.620000,12.160000,0.063450,-0.159831,-1.555148,-0.010451,-0.003565,0.000425,zero
17.87500,4.270000,1.630000,12.150000,0.070575,-0.164008,-1.555234,-0.010481,-0.003615,0.000319,zero
17.89100,4.290000,1.590000,12.160000,0.070575,-0.164008,-1.555234,-0.010481,-0.003615,0.000319,zero
17.90700,4.290000,1.610000,12.170000,0.070575,-0.164008,-1.555234,-0.010481,-0.003615,0.000319,zero
17.90700,4.280000,1.610000,12.160000,0.063301,-0.168176,-1.555343,-0.010509,-0.003564,0.000212,zero
17.92200,4.250000,1.620000,12.170000,0.063732,-0.159786,-1.544866,-0.010615,-0.003661,0.000431,zero
17.93800,4.250000,1.580000,12.170000,0.070857,-0.163963,-1.544951,-0.010645,-0.003710,0.000325,zero
17.95400,4.270000,1.610000,12.170000,0.063450,-0.159831,-1.555148,-0.010451,-0.003565,0.000425,zero
17.96900,4.270000,1.600000,12.170000,0.063450,-0.159831,-1.555148,-0.010451,-0.003565,0.000425,zero
17.96900,4.270000,1.600000,12.170000,0.070575,-0.164008,-1.555234,-0.010481,-0.003615,0.000319,zero
17.98500,4.250000,1.610000,12.160000,0.070575,-0.164008,-1.555234,-0.010481,-0.003615,0.000319,zero
18.00000,4.260000,1.600000,12.160000,0.063301,-0.168176,-1.555343,-0.010509,-0.003564,0.000212,zero
18.01600,4.260000,1.590000,12.170000,0.063583,-0.168131,-1.545060,-0.010674,-0.003659,0.000217,zero
18.03200,4.290000,1.600000,12.170000,0.063301,-0.168176,-1.555343,-0.010509,-0.003564,0.000212,zero
18.04700,4.270000,1.600000,12.180000,0.056058,-0.163655,-1.534718,-0.010476,-0.003704,0.000326,zero
18.06300,4.260000,1.630000,12.160000,0.070857,-0.163963,-1.544951,-0.010645,-0.003710,0.000325,zero
18.07900,4.270000,1.620000,12.160000,0.070575,-0.164008,-1.555234,-0.010481,-0.003615,0.000319,zero
18.07900,4.270000,1.610000,12.170000,0.070857,-0.163963,-1.544951,-0.010645,-0.003710,0.000325,zero
18.09400,4.260000,1.600000,12.150000,0.056058,-0.163655,-1.534718,-0.010476,-0.003704,0.000326,zero
18.11000,4.270000,1.610000,12.170000,0.070458,-0.163665,-1.534695,-0.010477,-0.003804,0.000326,zero
18.12500,4.270000,1.610000,12.160000,0.070458,-0.163665,-1.534695,-0.010477,-0.003804,0.000326,zero
18.14100,4.290000,1.620000,12.160000,0.070606,-0.164280,-1.544786,-0.010483,-0.003423,0.000323,zero
18.15700,4.280000,1.600000,12.170000,0.070575,-0.164008,-1.555234,-0.010481,-0.003615,0.000319,zero
18.17200,4.240000,1.590000,12.170000,0.070857,-0.163963,-1.544951,-0.010645,-0.003710,0.000325,zero
18.17200,4.310000,1.570000,12.160000,0.070575,-0.164008,-1.555234,-0.010481,-0.003615,0.000319,zero
18.18800,4.240000,1.590000,12.150000,0.070575,-0.164008,-1.555234,-0.010481,-0.003615,0.000319,zero
18.20400,4.280000,1.600000,12.160000,0.070606,-0.164280,-1.544786,-0.010483,-0.003423,0.000323,zero
18.21900,4.300000,1.610000,12.150000,0.056509,-0.155563,-1.545023,-0.010585,-0.003609,0.000216,zero
18.23500,4.270000,1.610000,12.150000,0.056509,-0.155563,-1.545023,-0.010585,-0.003609,0.000216,zero
18.25000,4.300000,1.590000,12.160000,0.056176,-0.163999,-1.555257,-0.010479,-0.003515,0.000318,zero
18.25000,4.320000,1.600000,12.170000,0.056176,-0.163999,-1.555257,-0.010479,-0.003515,0.000318,zero
18.26600,4.270000,1.610000,12.150000,0.056227,-0.155608,-1.555306,-0.010421,-0.003514,0.000210,zero
18.28200,4.270000,1.600000,12.170000,0.063814,-0.151667,-1.534466,-0.010559,-0.003468,0.000327,zero
18.29700,4.290000,1.620000,12.160000,0.063532,-0.151713,-1.544749,-0.010394,-0.003373,0.000322,zero
18.31300,4.280000,1.610000,12.190000,0.056540,-0.155835,-1.534575,-0.010587,-0.003417,0.000220,zero
18.31300,4.280000,1.600000,12.170000,0.049384,-0.151385,-1.544938,-0.010555,-0.003560,0.000322,zero
18.32900,4.280000,1.600000,12.150000,0.056509,-0.155563,-1.545023,-0.010585,-0.003609,0.000216,zero
18.34400,4.250000,1.610000,12.150000,0.063450,-0.159831,-1.555148,-0.010451,-0.003565,0.000425,zero
18.36000,4.270000,1.580000,12.170000,0.056457,-0.163953,-1.544975,-0.010644,-0.003610,0.000324,zero
18.37500,4.280000,1.610000,12.170000,0.063481,-0.160103,-1.544700,-0.010453,-0.003373,0.000430,zero
18.39100,4.270000,1.620000,12.160000,0.070258,-0.155591,-1.534578,-0.010256,-0.003516,0.000217,zero
18.39100,4.260000,1.590000,12.160000,0.070658,-0.155890,-1.544834,-0.010424,-0.003422,0.000215,zero
18.40700,4.270000,1.630000,12.170000,0.070575,-0.164008,-1.555234,-0.010481,-0.003615,0.000319,zero
18.42200,4.290000,1.560000,12.170000,0.063450,-0.159831,-1.555148,-0.010451,-0.003565,0.000425,zero
18.43800,4.280000,1.610000,12.170000,0.056540,-0.155835,-1.534575,-0.010587,-0.003417,0.000220,zero
18.45400,4.260000,1.590000,12.160000,0.063450,-0.159831,-1.555148,-0.010451,-0.003565,0.000425,zero
18.46900,4.250000,1.620000,12.160000,0.056258,-0.155880,-1.544858,-0.010423,-0.003322,0.000214,zero
18.48500,4.260000,1.640000,12.160000,0.063784,-0.151395,-1.544914,-0.010557,-0.003660,0.000323,zero
18.50000,4.310000,1.630000,12.150000,0.063502,-0.151440,-1.555196,-0.010392,-0.003565,0.000317,zero
18.50000,4.280000,1.590000,12.150000,0.063502,-0.151440,-1.555196,-0.010392,-0.003565,0.000317,zero
18.51600,4.250000,1.590000,12.170000,0.063532,-0.151713,-1.544749,-0.010394,-0.003373,0.000322,zero
18.53200,4.270000,1.590000,12.170000,0.056258,-0.155880,-1.544858,-0.010423,-0.003322,0.000214,zero
18.54700,4.260000,1.620000,12.150000,0.063732,-0.159786,-1.544866,-0.010615,-0.003661,0.000431,zero
31.51600,4.420000,1.610000,12.550000,0.104858,-0.087180,-1.326888,-0.008790,-0.001062,-0.000784,calib
31.98500,4.460000,1.590000,12.570000,0.104858,-0.087180,-1.326888,-0.008790,-0.001062,-0.000784,calib
32.00000,4.440000,1.580000,12.580000,0.104541,-0.078763,-1.306232,-0.008565,-0.000963,-0.000886,calib
32.01600,4.420000,1.610000,12.620000,0.104541,-0.078763,-1.306232,-0.008565,-0.000963,-0.000886,calib
32.03200,4.410000,1.560000,12.640000,0.104454,-0.078691,-1.275246,-0.008564,-0.000960,-0.000874,calib
32.09400,4.480000,1.570000,12.640000,0.103853,-0.095128,-1.265135,-0.008513,-0.001053,-0.000977,calib
32.11000,4.440000,1.580000,12.630000,0.104284,-0.086737,-1.254658,-0.008619,-0.001149,-0.000758,calib
32.12500,4.430000,1.580000,12.660000,0.097242,-0.074441,-1.244173,-0.008532,-0.000907,-0.000755,calib
32.14100,4.450000,1.600000,12.700000,0.089568,-0.078311,-1.234026,-0.008393,-0.000950,-0.000860,calib
32.14100,4.480000,1.580000,12.700000,0.096641,-0.090879,-1.234063,-0.008482,-0.001000,-0.000858,calib
32.21900,4.430000,1.600000,12.710000,0.110333,-0.091107,-1.182183,-0.008154,-0.000712,-0.000840,calib
32.23500,4.500000,1.600000,12.740000,0.117459,-0.095285,-1.182269,-0.008184,-0.000761,-0.000946,calib
32.25000,4.490000,1.590000,12.740000,0.117489,-0.095557,-1.171821,-0.008186,-0.000570,-0.000941,calib
32.25000,4.530000,1.580000,12.740000,0.124194,-0.108098,-1.151154,-0.008109,-0.000521,-0.000933,calib
32.26600,4.530000,1.600000,12.740000,0.131319,-0.112276,-1.151239,-0.008139,-0.000570,-0.001040,calib
32.34400,4.580000,1.600000,12.840000,0.174153,-0.113022,-1.068134,-0.007983,-0.000194,-0.001004,calib
32.36000,4.570000,1.600000,12.860000,0.173784,-0.112996,-1.047430,-0.007817,-0.000097,-0.000998,calib
32.37500,4.560000,1.630000,12.860000,0.173867,-0.104878,-1.037031,-0.007760,0.000097,-0.001101,calib
32.39100,4.570000,1.610000,12.940000,0.173780,-0.104806,-1.006044,-0.007759,0.000099,-0.001089,calib
32.40700,4.580000,1.630000,13.000000,0.166537,-0.100284,-0.985420,-0.007725,-0.000039,-0.000975,calib
32.46900,4.640000,1.670000,13.120000,0.186859,-0.078978,-0.799325,-0.007078,0.000117,-0.001014,calib
32.48500,4.640000,1.620000,13.140000,0.186890,-0.079250,-0.788877,-0.007080,0.000309,-0.001009,calib
32.48500,4.690000,1.650000,13.150000,0.200890,-0.078961,-0.778597,-0.006914,0.000114,-0.001007,calib
32.50000,4.670000,1.670000,13.140000,0.201254,-0.070797,-0.757916,-0.007022,0.000212,-0.001105,calib
32.51600,4.610000,1.630000,13.200000,0.200916,-0.071043,-0.726764,-0.006858,0.000503,-0.001093,calib
32.56300,4.750000,1.620000,13.370000,0.199286,-0.086939,-0.592733,-0.006470,0.000423,-0.001151,calib
32.57900,4.730000,1.620000,13.360000,0.198886,-0.086641,-0.582476,-0.006302,0.000329,-0.001149,calib
32.59400,4.700000,1.610000,13.430000,0.206473,-0.082700,-0.561637,-0.006440,0.000375,-0.001031,calib
32.61000,4.720000,1.600000,13.480000,0.206104,-0.082673,-0.540933,-0.006274,0.000474,-0.001025,calib
32.62500,4.690000,1.610000,13.530000,0.198944,-0.070033,-0.509909,-0.006184,0.000527,-0.001014,calib
32.67200,4.780000,1.640000,13.610000,0.205808,-0.073995,-0.417035,-0.006210,0.000486,-0.001083,calib
32.68800,4.730000,1.650000,13.620000,0.213113,-0.070099,-0.406478,-0.006184,0.000628,-0.000971,calib
32.70400,4.810000,1.620000,13.700000,0.213077,-0.061637,-0.375540,-0.006123,0.000632,-0.001067,calib
32.70400,4.760000,1.630000,13.710000,0.212709,-0.061611,-0.354836,-0.005958,0.000730,-0.001061,calib
32.71900,4.800000,1.650000,13.770000,0.219747,-0.065716,-0.323935,-0.005986,0.000683,-0.001155,calib
32.78200,4.810000,1.640000,13.880000,0.219717,-0.049037,-0.220381,-0.005867,0.000884,-0.001007,calib
32.79700,4.800000,1.650000,13.960000,0.219599,-0.048693,-0.199842,-0.005864,0.000695,-0.001000,calib
32.81300,4.870000,1.650000,13.970000,0.219282,-0.040276,-0.179187,-0.005639,0.000793,-0.001101,calib
32.82900,4.860000,1.670000,13.990000,0.204765,-0.039922,-0.158671,-0.005634,0.000705,-0.001094,calib
32.82900,4.860000,1.650000,14.020000,0.211901,-0.044073,-0.127527,-0.005663,0.000656,-0.000866,calib
32.89100,4.920000,1.630000,14.150000,0.217802,-0.047827,-0.044961,-0.005193,0.000713,-0.000945,calib
32.90700,4.940000,1.640000,14.140000,0.217433,-0.047800,-0.024257,-0.005027,0.000811,-0.000938,calib
32.92200,4.910000,1.650000,14.160000,0.217433,-0.047800,-0.024257,-0.005027,0.000811,-0.000938,calib
32.93800,4.900000,1.630000,14.150000,0.210190,-0.043279,-0.003632,-0.004993,0.000672,-0.000824,calib
32.93800,4.940000,1.630000,14.190000,0.210220,-0.043551,0.006816,-0.004995,0.000864,-0.000819,calib
33.01600,4.940000,1.630000,14.320000,0.216990,-0.013698,0.109995,-0.004619,0.000730,-0.000998,calib
33.03200,4.960000,1.660000,14.340000,0.216708,-0.013743,0.099713,-0.004454,0.000825,-0.001004,calib
33.04700,4.980000,1.680000,14.320000,0.223863,-0.018193,0.110075,-0.004486,0.000968,-0.001106,calib
33.06300,4.920000,1.660000,14.340000,0.231138,-0.014025,0.110184,-0.004458,0.000917,-0.000999,calib
33.07900,4.960000,1.650000,14.380000,0.231103,-0.005562,0.141122,-0.004398,0.000920,-0.001095,calib
33.15700,5.000000,1.710000,14.660000,0.245400,0.003223,0.306312,-0.004498,0.000741,-0.001134,calib
33.17200,5.020000,1.670000,14.680000,0.238522,0.015908,0.347618,-0.004572,0.000699,-0.001118,calib
33.18800,5.060000,1.670000,14.790000,0.238465,0.015708,0.389053,-0.004573,0.000895,-0.001101,calib
33.20400,5.050000,1.690000,14.820000,0.244770,0.003465,0.419976,-0.004328,0.000848,-0.001090,calib
33.20400,5.090000,1.680000,14.850000,0.251505,-0.009348,0.451091,-0.004254,0.001089,-0.001077,calib
33.28200,5.170000,1.720000,15.060000,0.277033,-0.050356,0.636902,-0.003383,0.001200,-0.001116,calib
33.29700,5.220000,1.730000,15.060000,0.277346,-0.050583,0.657632,-0.003549,0.001296,-0.001106,calib
33.29700,5.160000,1.710000,15.100000,0.277028,-0.042166,0.678288,-0.003325,0.001394,-0.001208,calib
33.31300,5.200000,1.750000,15.150000,0.284615,-0.038225,0.699127,-0.003463,0.001440,-0.001090,calib
33.32900,5.220000,1.730000,15.200000,0.284298,-0.029808,0.719783,-0.003238,0.001539,-0.001192,calib
33.39100,5.190000,1.800000,15.380000,0.306241,0.007928,0.864641,-0.003137,0.001497,-0.001135,calib
33.40700,5.200000,1.780000,15.360000,0.306241,0.007928,0.864641,-0.003137,0.001497,-0.001135,calib
33.42200,5.260000,1.770000,15.360000,0.312633,-0.004387,0.864578,-0.002894,0.001449,-0.001137,calib
33.43800,5.250000,1.760000,15.350000,0.319758,-0.008564,0.864492,-0.002924,0.001399,-0.001244,calib
33.43800,5.260000,1.770000,15.370000,0.319337,-0.016928,0.885245,-0.002817,0.001497,-0.001129,calib
33.51600,5.280000,1.750000,15.480000,0.289934,-0.016194,0.946980,-0.002641,0.001418,-0.001108,calib
33.51600,5.300000,1.760000,15.500000,0.289934,-0.016194,0.946980,-0.002641,0.001418,-0.001108,calib
33.53200,5.290000,1.740000,15.540000,0.296861,-0.003338,0.957297,-0.002386,0.001275,-0.001107,calib
33.54700,5.300000,1.750000,15.590000,0.290018,0.000885,0.967665,-0.002521,0.001228,-0.000995,calib
33.56300,5.280000,1.780000,15.610000,0.289649,0.000912,0.988370,-0.002355,0.001326,-0.000988,calib
33.62500,5.380000,1.780000,15.710000,0.294812,-0.002789,1.112344,-0.001553,0.001579,-0.001054,calib
33.64100,5.340000,1.790000,15.740000,0.295094,-0.002744,1.122626,-0.001717,0.001484,-0.001048,calib
33.64100,5.410000,1.790000,15.780000,0.294725,-0.002717,1.143331,-0.001551,0.001582,-0.001041,calib
33.65700,5.380000,1.810000,15.830000,0.301732,-0.006551,1.163784,-0.001578,0.001344,-0.001140,calib
33.67200,5.350000,1.800000,15.860000,0.301711,-0.015213,1.174280,-0.001639,0.001535,-0.001027,calib
33.73500,5.480000,1.810000,15.900000,0.336190,-0.019576,1.267507,-0.001011,0.001870,-0.001101,calib
33.75000,5.440000,1.810000,15.990000,0.336704,-0.003067,1.288383,-0.001060,0.001968,-0.000985,calib
33.76600,5.440000,1.840000,15.980000,0.336704,-0.003067,1.288383,-0.001060,0.001968,-0.000985,calib
33.76600,5.440000,1.820000,15.970000,0.343859,-0.007516,1.298745,-0.001092,0.002109,-0.001087,calib
33.78200,5.460000,1.850000,15.940000,0.351164,-0.003620,1.309302,-0.001066,0.002250,-0.000975,calib
33.84400,5.460000,1.830000,16.060000,0.328943,-0.006864,1.329517,-0.000919,0.001927,-0.001078,calib
33.86000,5.480000,1.800000,16.060000,0.328943,-0.006864,1.329517,-0.000919,0.001927,-0.001078,calib
33.87500,5.520000,1.840000,16.020000,0.336617,-0.002995,1.319370,-0.001059,0.001971,-0.000973,calib
33.89100,5.530000,1.860000,15.990000,0.343408,-0.015608,1.309050,-0.000983,0.002015,-0.000977,calib
33.90700,5.490000,1.810000,16.020000,0.343859,-0.007516,1.298745,-0.001092,0.002109,-0.001087,calib
33.96900,5.450000,1.800000,15.970000,0.344465,0.000731,1.247249,-0.001201,0.002007,-0.000892,calib
33.98500,5.430000,1.830000,15.930000,0.330434,0.000714,1.226521,-0.001365,0.002010,-0.000900,calib
33.98500,5.440000,1.830000,15.910000,0.330486,0.009104,1.226473,-0.001306,0.002010,-0.001008,calib
34.00000,5.430000,1.810000,15.920000,0.330455,0.009376,1.216025,-0.001304,0.001817,-0.001013,calib
34.01600,5.460000,1.780000,15.920000,0.323729,0.013255,1.205854,-0.001442,0.001961,-0.000908,calib
34.07900,5.460000,1.840000,15.910000,0.338247,0.012902,1.185339,-0.001447,0.002050,-0.000915,calib
34.09400,5.450000,1.800000,15.860000,0.338282,0.004439,1.154401,-0.001507,0.002046,-0.000819,calib
34.09400,5.430000,1.810000,15.840000,0.338000,0.004394,1.144119,-0.001343,0.002141,-0.000825,calib
34.11000,5.410000,1.800000,15.850000,0.338702,0.012803,1.133648,-0.001614,0.001948,-0.000934,calib
34.12500,5.410000,1.810000,15.850000,0.331577,0.016981,1.133734,-0.001584,0.001997,-0.000828,calib
34.18800,5.410000,1.820000,15.800000,0.332685,0.041710,1.071884,-0.001743,0.001989,-0.000852,calib
34.20400,5.390000,1.800000,15.820000,0.332685,0.041710,1.071884,-0.001743,0.001989,-0.000852,calib
34.21900,5.360000,1.800000,15.840000,0.326293,0.054025,1.071947,-0.001987,0.002038,-0.000850,calib
34.23500,5.350000,1.810000,15.880000,0.333619,0.066583,1.072007,-0.001899,0.001988,-0.000851,calib
34.25000,5.380000,1.830000,15.860000,0.333619,0.066583,1.072007,-0.001899,0.001988,-0.000851,calib
34.32900,5.340000,1.820000,15.870000,0.334301,0.066330,1.072033,-0.002232,0.001986,-0.000847,calib
34.34400,5.320000,1.790000,15.880000,0.334301,0.066330,1.072033,-0.002232,0.001986,-0.000847,calib
34.36000,5.350000,1.840000,15.860000,0.348700,0.066320,1.072057,-0.002233,0.001886,-0.000846,calib
34.37500,5.360000,1.840000,15.800000,0.348818,0.065976,1.051518,-0.002237,0.002076,-0.000854,calib
34.39100,5.350000,1.850000,15.800000,0.355861,0.053680,1.041033,-0.002323,0.001833,-0.000857,calib
34.45400,5.360000,1.780000,15.830000,0.334104,0.041404,1.030501,-0.002407,0.001791,-0.000861,calib
34.46900,5.350000,1.800000,15.780000,0.340948,0.037181,1.020133,-0.002272,0.001837,-0.000973,calib
34.48500,5.390000,1.790000,15.760000,0.333622,0.024622,1.020073,-0.002360,0.001887,-0.000972,calib
34.50000,5.410000,1.820000,15.750000,0.333591,0.024894,1.009625,-0.002358,0.001695,-0.000977,calib
34.51600,5.400000,1.810000,15.760000,0.326466,0.029072,1.009710,-0.002328,0.001745,-0.000870,calib
34.59400,5.370000,1.800000,15.690000,0.354167,0.003790,0.978813,-0.002013,0.001830,-0.000884,calib
34.61000,5.410000,1.810000,15.650000,0.354566,0.003492,0.968556,-0.002181,0.001924,-0.000886,calib
34.62500,5.420000,1.790000,15.680000,0.347493,0.016060,0.968594,-0.002093,0.001975,-0.000887,calib
34.62500,5.390000,1.800000,15.700000,0.347406,0.016132,0.999580,-0.002091,0.001978,-0.000875,calib
34.64100,5.390000,1.770000,15.750000,0.340584,0.029017,0.999452,-0.002165,0.001740,-0.000876,calib
34.70400,5.410000,1.820000,15.690000,0.347493,0.016060,0.968594,-0.002093,0.001975,-0.000887,calib
34.71900,5.410000,1.780000,15.720000,0.340650,0.020283,0.978962,-0.002227,0.001928,-0.000775,calib
34.73500,5.420000,1.780000,15.730000,0.340332,0.028700,0.999617,-0.002002,0.002027,-0.000877,calib
34.75000,5.400000,1.780000,15.810000,0.333541,0.041313,1.009937,-0.002078,0.001982,-0.000873,calib
34.76600,5.330000,1.780000,15.830000,0.326697,0.045536,1.020304,-0.002212,0.001936,-0.000760,calib
34.82900,5.360000,1.830000,15.860000,0.333871,0.066900,1.071842,-0.002062,0.001700,-0.000850,calib
34.84400,5.390000,1.820000,15.900000,0.334634,0.074765,1.082267,-0.002337,0.001892,-0.000950,calib
34.86000,5.360000,1.860000,15.900000,0.334634,0.074765,1.082267,-0.002337,0.001892,-0.000950,calib
34.87500,5.360000,1.830000,15.890000,0.348783,0.074438,1.082456,-0.002176,0.002079,-0.000950,calib
34.87500,5.400000,1.850000,15.860000,0.355856,0.061870,1.082419,-0.002265,0.002028,-0.000948,calib
34.93800,5.350000,1.820000,15.880000,0.348752,0.074710,1.072008,-0.002174,0.001886,-0.000955,calib
34.95400,5.340000,1.800000,15.900000,0.341627,0.078888,1.072094,-0.002144,0.001936,-0.000848,calib
34.96900,5.360000,1.810000,15.910000,0.341909,0.078933,1.082376,-0.002309,0.001841,-0.000842,calib
34.98500,5.360000,1.790000,15.900000,0.334352,0.074720,1.071984,-0.002173,0.001988,-0.000955,calib
34.98500,5.380000,1.800000,15.860000,0.334301,0.066330,1.072033,-0.002232,0.001986,-0.000847,calib
35.06300,5.380000,1.770000,15.900000,0.326176,0.054369,1.092485,-0.001983,0.001850,-0.000842,calib
35.07900,5.380000,1.790000,15.910000,0.326176,0.054369,1.092485,-0.001983,0.001850,-0.000842,calib
35.09400,5.400000,1.790000,15.890000,0.325944,0.037905,1.081891,-0.002098,0.001658,-0.000952,calib
35.09400,5.400000,1.820000,15.880000,0.325944,0.037905,1.081891,-0.002098,0.001658,-0.000952,calib
35.11000,5.390000,1.790000,15.840000,0.326062,0.037561,1.061353,-0.002102,0.001847,-0.000960,calib
35.17200,5.400000,1.800000,15.850000,0.340913,0.045643,1.051071,-0.002212,0.001841,-0.001069,calib
35.18800,5.420000,1.830000,15.850000,0.340631,0.045598,1.040789,-0.002048,0.001936,-0.001075,calib
35.20400,5.430000,1.820000,15.810000,0.340631,0.045598,1.040789,-0.002048,0.001936,-0.001075,calib
35.21900,5.390000,1.810000,15.790000,0.340579,0.037207,1.040837,-0.002107,0.001935,-0.000967,calib
35.23500,5.440000,1.790000,15.800000,0.340631,0.045598,1.040789,-0.002048,0.001936,-0.001075,calib
35.29700,5.390000,1.840000,15.930000,0.341057,0.062179,1.092652,-0.002096,0.002035,-0.000947,calib
35.31300,5.420000,1.820000,15.860000,0.348152,0.058273,1.082118,-0.002124,0.001793,-0.001058,calib
35.32900,5.420000,1.820000,15.860000,0.355144,0.062396,1.071945,-0.001931,0.001838,-0.000957,calib
35.34400,5.350000,1.800000,15.870000,0.355825,0.062142,1.071971,-0.002263,0.001837,-0.000953,calib
35.36000,5.400000,1.840000,15.890000,0.348752,0.074710,1.072008,-0.002174,0.001886,-0.000955,calib
35.42200,5.420000,1.850000,15.860000,0.363182,0.074429,1.082479,-0.002178,0.001978,-0.000949,calib
35.43800,5.410000,1.850000,15.850000,0.362900,0.074383,1.072197,-0.002014,0.002073,-0.000955,calib
35.45400,5.420000,1.850000,15.870000,0.363182,0.074429,1.082479,-0.002178,0.001978,-0.000949,calib
35.46900,5.390000,1.850000,15.890000,0.363182,0.074429,1.082479,-0.002178,0.001978,-0.000949,calib
35.46900,5.420000,1.840000,15.920000,0.355508,0.070559,1.092627,-0.002038,0.001935,-0.001055,calib
35.54700,5.390000,1.780000,15.840000,0.333787,0.049821,1.051157,-0.002182,0.001890,-0.000963,calib
35.56300,5.370000,1.800000,15.900000,0.326714,0.062389,1.051194,-0.002093,0.001940,-0.000965,calib
35.57900,5.370000,1.790000,15.890000,0.326863,0.070734,1.051389,-0.002035,0.001939,-0.000751,calib
35.59400,5.360000,1.820000,15.900000,0.327197,0.079170,1.061622,-0.002141,0.001845,-0.000853,calib
35.61000,5.360000,1.790000,15.880000,0.334388,0.066258,1.041047,-0.002233,0.001984,-0.000859,calib
35.65700,5.420000,1.830000,15.790000,0.348023,0.049422,1.020359,-0.002023,0.002074,-0.000976,calib
35.67200,5.410000,1.810000,15.820000,0.348305,0.049467,1.030642,-0.002187,0.001979,-0.000970,calib
35.68800,5.370000,1.830000,15.870000,0.333506,0.049775,1.040875,-0.002018,0.001985,-0.000969,calib
35.70400,5.400000,1.790000,15.870000,0.347905,0.049766,1.040898,-0.002019,0.001885,-0.000968,calib
35.71900,5.400000,1.800000,15.860000,0.340579,0.037207,1.040837,-0.002107,0.001935,-0.000967,calib
35.78200,5.440000,1.810000,15.830000,0.355096,0.036854,1.020322,-0.002112,0.002024,-0.000974,calib
35.79700,5.410000,1.830000,15.860000,0.354697,0.037152,1.030579,-0.001944,0.001930,-0.000972,calib
35.79700,5.390000,1.800000,15.870000,0.361822,0.032975,1.030493,-0.001974,0.001881,-0.001079,calib
35.81300,5.420000,1.820000,15.830000,0.354496,0.020416,1.030432,-0.002061,0.001931,-0.001077,calib
35.82900,5.440000,1.780000,15.810000,0.361370,0.015922,1.030512,-0.001929,0.002169,-0.001185,calib
35.87500,5.440000,1.830000,15.840000,0.375717,0.007521,1.030584,-0.001989,0.002069,-0.001076,calib
35.89100,5.430000,1.820000,15.840000,0.368443,0.003354,1.030475,-0.002017,0.002119,-0.001183,calib
35.90700,5.410000,1.840000,15.850000,0.368161,0.003308,1.020193,-0.001853,0.002214,-0.001189,calib
35.92200,5.440000,1.830000,15.780000,0.368109,-0.005082,1.020242,-0.001912,0.002213,-0.001081,calib
35.92200,5.480000,1.810000,15.770000,0.375204,-0.008988,1.009708,-0.001940,0.001972,-0.001192,calib
35.96900,5.430000,1.770000,15.840000,0.346488,0.008111,1.030346,-0.001816,0.001984,-0.001080,calib
35.98500,5.410000,1.790000,15.900000,0.339645,0.012334,1.040714,-0.001950,0.001937,-0.000968,calib
36.00000,5.390000,1.800000,15.860000,0.346770,0.008157,1.040628,-0.001980,0.001887,-0.001074,calib
36.01600,5.440000,1.800000,15.810000,0.339132,-0.004175,1.019838,-0.001901,0.001841,-0.001084,calib
36.01600,5.490000,1.810000,15.800000,0.346005,-0.008670,1.019918,-0.001769,0.002079,-0.001191,calib
36.06300,5.440000,1.810000,15.880000,0.338763,-0.004148,1.040542,-0.001735,0.001939,-0.001077,calib
36.07900,5.420000,1.760000,15.900000,0.339045,-0.004103,1.050824,-0.001900,0.001845,-0.001071,calib
36.09400,5.480000,1.750000,15.920000,0.331854,0.008809,1.071400,-0.001808,0.001705,-0.001065,calib
36.09400,5.440000,1.800000,15.940000,0.331572,0.008764,1.061118,-0.001643,0.001801,-0.001071,calib
36.11000,5.410000,1.790000,15.900000,0.331520,0.000373,1.061166,-0.001702,0.001801,-0.000963,calib
36.17200,5.450000,1.790000,15.820000,0.345836,-0.016716,1.040505,-0.001824,0.001889,-0.001075,calib
36.18800,5.410000,1.790000,15.890000,0.339045,-0.004103,1.050824,-0.001900,0.001845,-0.001071,calib
36.20400,5.440000,1.780000,15.910000,0.339096,0.004287,1.050776,-0.001841,0.001845,-0.001180,calib
36.20400,5.460000,1.810000,15.920000,0.346401,0.008183,1.061333,-0.001815,0.001986,-0.001068,calib
36.21900,5.430000,1.810000,15.840000,0.353592,-0.004729,1.040757,-0.001907,0.002125,-0.001074,calib
36.26600,5.460000,1.820000,15.830000,0.374866,-0.009233,1.040860,-0.001776,0.002262,-0.001181,calib
36.28200,5.420000,1.800000,15.860000,0.368074,0.003380,1.051180,-0.001852,0.002217,-0.001177,calib
36.29700,5.460000,1.860000,15.910000,0.375348,0.007548,1.051289,-0.001823,0.002167,-0.001069,calib
36.31300,5.450000,1.820000,15.920000,0.375630,0.007593,1.061571,-0.001988,0.002071,-0.001064,calib
36.31300,5.470000,1.830000,15.870000,0.375348,0.007548,1.051289,-0.001823,0.002167,-0.001069,calib
36.37500,5.490000,1.820000,15.880000,0.375800,0.015640,1.040984,-0.001932,0.002260,-0.001180,calib
36.39100,5.420000,1.830000,15.910000,0.375800,0.015640,1.040984,-0.001932,0.002260,-0.001180,calib
36.40700,5.430000,1.800000,15.880000,0.375800,0.015640,1.040984,-0.001932,0.002260,-0.001180,calib
36.42200,5.470000,1.840000,15.830000,0.382740,0.011372,1.030859,-0.001798,0.002304,-0.000970,calib
36.42200,5.440000,1.840000,15.820000,0.390265,0.006896,1.020517,-0.001996,0.002350,-0.001078,calib
36.48500,5.450000,1.810000,15.820000,0.375783,-0.001213,1.010094,-0.002051,0.002256,-0.000975,calib
36.50000,5.450000,1.810000,15.780000,0.375471,-0.000986,0.989364,-0.001885,0.002159,-0.000986,calib
36.51600,5.450000,1.800000,15.740000,0.382262,-0.013599,0.979045,-0.001809,0.002205,-0.000990,calib
36.53200,5.470000,1.820000,15.710000,0.389787,-0.018076,0.968703,-0.002007,0.002249,-0.001098,calib
36.54700,5.500000,1.790000,15.730000,0.389453,-0.026511,0.958469,-0.001901,0.002344,-0.000996,calib
36.57900,5.420000,1.810000,15.810000,0.375892,0.007378,0.968611,-0.001992,0.002063,-0.001101,calib
36.59400,5.410000,1.810000,15.820000,0.376291,0.007079,0.958355,-0.002159,0.002155,-0.001103,calib
36.61000,5.420000,1.810000,15.790000,0.383648,0.019365,0.968863,-0.002074,0.002298,-0.001099,calib
36.62500,5.410000,1.890000,15.770000,0.383648,0.019365,0.968863,-0.002074,0.002298,-0.001099,calib
36.62500,5.490000,1.850000,15.770000,0.390439,0.006752,0.958544,-0.001999,0.002342,-0.001103,calib
36.67200,5.460000,1.880000,15.800000,0.398078,0.019084,0.979335,-0.002078,0.002389,-0.001094,calib
36.68800,5.420000,1.840000,15.830000,0.391004,0.031652,0.979372,-0.001989,0.002439,-0.001096,calib
36.70400,5.410000,1.840000,15.840000,0.397678,0.019382,0.989591,-0.001910,0.002295,-0.001092,calib
36.71900,5.460000,1.850000,15.770000,0.397678,0.019382,0.989591,-0.001910,0.002295,-0.001092,calib
36.73500,5.480000,1.860000,15.730000,0.404869,0.006470,0.969015,-0.002002,0.002435,-0.001098,calib
36.76600,5.440000,1.860000,15.810000,0.412108,0.019101,1.000062,-0.001914,0.002387,-0.001087,calib
36.79700,5.440000,1.820000,15.840000,0.412508,0.018802,0.989806,-0.002082,0.002481,-0.001089,calib
36.79700,5.410000,1.860000,15.830000,0.412538,0.018530,1.000254,-0.002084,0.002674,-0.001084,calib
36.81300,5.470000,1.870000,15.820000,0.412538,0.018530,1.000254,-0.002084,0.002674,-0.001084,calib
36.82900,5.450000,1.830000,15.780000,0.405233,0.014634,0.989697,-0.002110,0.002533,-0.001196,calib
36.89100,5.430000,1.820000,15.870000,0.397591,0.019454,1.020578,-0.001909,0.002298,-0.001080,calib
36.90700,5.480000,1.840000,15.830000,0.404716,0.015277,1.020492,-0.001939,0.002249,-0.001186,calib
36.92200,5.490000,1.850000,15.820000,0.404383,0.006841,1.010258,-0.001833,0.002344,-0.001084,calib
36.93800,5.500000,1.810000,15.810000,0.404383,0.006841,1.010258,-0.001833,0.002344,-0.001084,calib
36.95400,5.470000,1.850000,15.810000,0.404182,-0.009895,1.010112,-0.001950,0.002344,-0.001189,calib
37.01600,5.470000,1.850000,15.860000,0.404747,0.015005,1.030940,-0.001941,0.002442,-0.001182,calib
37.04700,5.480000,1.880000,15.810000,0.404747,0.015005,1.030940,-0.001941,0.002442,-0.001182,calib
37.04700,5.450000,1.860000,15.860000,0.404747,0.015005,1.030940,-0.001941,0.002442,-0.001182,calib
37.06300,5.460000,1.860000,15.850000,0.397955,0.027618,1.041259,-0.002016,0.002396,-0.001178,calib
37.07900,5.440000,1.870000,15.870000,0.405282,0.040176,1.041320,-0.001929,0.002345,-0.001179,calib
37.12500,5.460000,1.840000,15.810000,0.412473,0.027264,1.020744,-0.002021,0.002484,-0.001185,calib
37.14100,5.490000,1.860000,15.790000,0.412191,0.027219,1.010462,-0.001857,0.002579,-0.001191,calib
37.15700,5.450000,1.830000,15.780000,0.419465,0.031387,1.010571,-0.001829,0.002530,-0.001083,calib
37.17200,5.450000,1.850000,15.810000,0.419747,0.031432,1.020853,-0.001993,0.002433,-0.001078,calib
37.18800,5.440000,1.850000,15.830000,0.419799,0.039823,1.020804,-0.001934,0.002435,-0.001186,calib
37.23500,5.480000,1.830000,15.770000,0.427020,0.026639,1.010676,-0.002029,0.002765,-0.001187,calib
37.25000,5.440000,1.870000,15.780000,0.426708,0.026865,0.989946,-0.001862,0.002668,-0.001198,calib
37.26600,5.460000,1.870000,15.770000,0.426990,0.026911,1.000229,-0.002026,0.002573,-0.001192,calib
37.26600,5.450000,1.890000,15.770000,0.419895,0.030816,1.010762,-0.001999,0.002815,-0.001080,calib
37.28200,5.480000,1.870000,15.810000,0.419947,0.039207,1.010714,-0.001940,0.002815,-0.001189,calib
37.34400,5.450000,1.850000,15.770000,0.434798,0.047289,1.000432,-0.002050,0.002809,-0.001299,calib
37.36000,5.430000,1.900000,15.810000,0.434798,0.047289,1.000432,-0.002050,0.002809,-0.001299,calib
37.37500,5.470000,1.850000,15.840000,0.441985,0.051529,1.031528,-0.002021,0.002762,-0.001179,calib
37.39100,5.420000,1.850000,15.870000,0.434860,0.055706,1.031613,-0.001991,0.002811,-0.001072,calib
37.39100,5.470000,1.870000,15.900000,0.434593,0.047705,1.051957,-0.002046,0.002623,-0.001278,calib
37.46900,5.510000,1.880000,15.970000,0.455302,0.034708,1.145235,-0.001807,0.003057,-0.001241,calib
37.48500,5.440000,1.910000,16.040000,0.454867,0.043469,1.186429,-0.001579,0.002966,-0.001335,calib
37.48500,5.450000,1.920000,16.110000,0.462506,0.055800,1.207220,-0.001658,0.003013,-0.001326,calib
37.50000,5.460000,1.950000,16.120000,0.455294,0.060050,1.238292,-0.001627,0.003065,-0.001206,calib
37.51600,5.520000,1.920000,16.140000,0.455258,0.068512,1.269230,-0.001567,0.003069,-0.001302,calib
37.56300,5.450000,1.940000,16.300000,0.456265,0.102036,1.372547,-0.001825,0.002982,-0.001367,calib
37.57900,5.420000,1.980000,16.400000,0.456661,0.118889,1.413962,-0.001871,0.002889,-0.001243,calib
37.59400,5.400000,1.970000,16.440000,0.457025,0.127053,1.434643,-0.001978,0.002987,-0.001341,calib
37.59400,5.440000,1.970000,16.460000,0.464264,0.139683,1.465690,-0.001890,0.002939,-0.001330,calib
37.61000,5.490000,2.040000,16.440000,0.470968,0.127142,1.486358,-0.001813,0.002987,-0.001321,calib
37.65700,5.480000,2.030000,16.480000,0.484313,0.135602,1.548445,-0.001258,0.003182,-0.001409,calib
37.67200,5.460000,2.020000,16.540000,0.491900,0.139543,1.569285,-0.001396,0.003229,-0.001292,calib
37.68800,5.500000,2.060000,16.520000,0.499077,0.143756,1.569150,-0.001367,0.003180,-0.001507,calib
37.70400,5.500000,2.030000,16.510000,0.499107,0.143484,1.579598,-0.001370,0.003371,-0.001502,calib
37.71900,5.520000,2.060000,16.510000,0.513173,0.135039,1.569388,-0.001265,0.003366,-0.001399,calib
37.75000,5.480000,2.060000,16.630000,0.491178,0.156449,1.641583,-0.000946,0.003429,-0.001483,calib
37.76600,5.530000,2.090000,16.670000,0.491061,0.156793,1.662121,-0.000942,0.003240,-0.001475,calib
37.78200,5.540000,2.050000,16.700000,0.490974,0.156865,1.693108,-0.000941,0.003243,-0.001462,calib
37.79700,5.530000,2.070000,16.710000,0.490640,0.148429,1.682874,-0.000835,0.003338,-0.001360,calib
37.79700,5.560000,2.060000,16.660000,0.497345,0.135888,1.703542,-0.000758,0.003386,-0.001351,calib
37.86000,5.600000,2.080000,16.770000,0.510437,0.119222,1.765532,-0.000380,0.003582,-0.001436,calib
37.89100,5.550000,2.070000,16.800000,0.510749,0.118995,1.786262,-0.000546,0.003678,-0.001426,calib
37.89100,5.590000,2.060000,16.810000,0.510298,0.110903,1.796567,-0.000437,0.003585,-0.001315,calib
37.90700,5.610000,2.070000,16.760000,0.517141,0.106681,1.786199,-0.000303,0.003631,-0.001428,calib
37.92200,5.640000,2.120000,16.750000,0.517141,0.106681,1.786199,-0.000303,0.003631,-0.001428,calib
37.96900,5.550000,2.100000,16.810000,0.511148,0.118697,1.776006,-0.000714,0.003772,-0.001428,calib
37.98500,5.550000,2.080000,16.780000,0.518191,0.106401,1.765521,-0.000801,0.003530,-0.001431,calib
38.00000,5.630000,2.070000,16.750000,0.517510,0.106654,1.765495,-0.000469,0.003531,-0.001434,calib
38.01600,5.640000,2.080000,16.710000,0.524302,0.094041,1.755175,-0.000393,0.003576,-0.001438,calib
38.01600,5.650000,2.050000,16.720000,0.524302,0.094041,1.755175,-0.000393,0.003576,-0.001438,calib
38.06300,5.640000,2.060000,16.780000,0.509820,0.085932,1.744753,-0.000448,0.003484,-0.001335,calib
38.09400,5.630000,2.070000,16.750000,0.509538,0.085887,1.734471,-0.000284,0.003579,-0.001341,calib
38.09400,5.680000,2.010000,16.720000,0.509507,0.086159,1.724023,-0.000282,0.003387,-0.001346,calib
38.11000,5.640000,2.060000,16.700000,0.509174,0.077723,1.713789,-0.000176,0.003482,-0.001243,calib
38.12500,5.660000,2.060000,16.700000,0.509055,0.069106,1.724042,-0.000237,0.003675,-0.001452,calib
38.17200,5.650000,2.070000,16.780000,0.509538,0.085887,1.734471,-0.000284,0.003579,-0.001341,calib
38.18800,5.640000,2.080000,16.750000,0.501812,0.073627,1.744666,-0.000203,0.003536,-0.001338,calib
38.20400,5.640000,2.070000,16.730000,0.501930,0.073283,1.724128,-0.000207,0.003725,-0.001346,calib
38.20400,5.670000,2.060000,16.720000,0.508625,0.069676,1.723851,-0.000067,0.003389,-0.001455,calib
38.21900,5.650000,2.070000,16.720000,0.501530,0.073582,1.734384,-0.000039,0.003631,-0.001344,calib
38.26600,5.630000,2.040000,16.800000,0.494739,0.086195,1.744704,-0.000114,0.003586,-0.001340,calib
38.28200,5.650000,2.090000,16.760000,0.501812,0.073627,1.744666,-0.000203,0.003536,-0.001338,calib
38.29700,5.680000,2.050000,16.740000,0.501530,0.073582,1.734384,-0.000039,0.003631,-0.001344,calib
38.31300,5.700000,2.080000,16.730000,0.501530,0.073582,1.734384,-0.000039,0.003631,-0.001344,calib
38.32900,5.710000,2.040000,16.770000,0.501479,0.065191,1.734433,-0.000098,0.003631,-0.001235,calib
38.39100,5.680000,2.050000,16.810000,0.494201,0.078175,1.785995,-0.000004,0.003495,-0.001217,calib
38.40700,5.680000,2.040000,16.840000,0.494231,0.077903,1.796443,-0.000006,0.003687,-0.001212,calib
38.42200,5.670000,2.030000,16.840000,0.486557,0.074034,1.806590,0.000133,0.003644,-0.001318,calib
38.43800,5.660000,2.050000,16.880000,0.494165,0.086637,1.816933,0.000056,0.003498,-0.001313,calib
38.43800,5.690000,2.070000,16.910000,0.487353,0.090588,1.837749,-0.000080,0.003645,-0.001196,calib
38.50000,5.670000,2.050000,16.920000,0.494709,0.102874,1.848257,0.000005,0.003787,-0.001192,calib
38.51600,5.660000,2.080000,16.920000,0.494991,0.102920,1.858540,-0.000160,0.003691,-0.001187,calib
38.53200,5.670000,2.060000,16.960000,0.487369,0.107441,1.868638,0.000039,0.003649,-0.001400,calib
38.54700,5.650000,2.050000,16.970000,0.487518,0.115786,1.868833,0.000097,0.003648,-0.001186,calib
38.54700,5.640000,2.050000,17.010000,0.480675,0.120009,1.879201,-0.000038,0.003602,-0.001074,calib
38.61000,5.650000,2.080000,16.980000,0.487518,0.115786,1.868833,0.000097,0.003648,-0.001186,calib
38.62500,5.680000,2.120000,17.010000,0.487831,0.115560,1.889563,-0.000070,0.003745,-0.001176,calib
38.64100,5.680000,2.080000,17.020000,0.487431,0.115858,1.899820,0.000098,0.003651,-0.001174,calib
38.65700,5.640000,2.120000,17.040000,0.487431,0.115858,1.899820,0.000098,0.003651,-0.001174,calib
38.65700,5.650000,2.080000,17.020000,0.480306,0.120036,1.899905,0.000128,0.003700,-0.001067,calib
38.73500,5.670000,2.090000,17.010000,0.487067,0.107694,1.879138,0.000206,0.003553,-0.001076,calib
38.75000,5.660000,2.110000,17.030000,0.487379,0.107468,1.899868,0.000039,0.003650,-0.001066,calib
38.76600,5.670000,2.100000,17.030000,0.487098,0.107422,1.889586,0.000204,0.003745,-0.001071,calib
38.76600,5.760000,2.080000,17.020000,0.493889,0.094809,1.879267,0.000280,0.003791,-0.001075,calib
38.78200,5.700000,2.040000,16.960000,0.500732,0.090586,1.868899,0.000414,0.003836,-0.001188,calib
38.84400,5.670000,2.070000,16.980000,0.500732,0.090586,1.868899,0.000414,0.003836,-0.001188,calib
38.86000,5.700000,2.060000,17.000000,0.494340,0.102901,1.868962,0.000171,0.003885,-0.001186,calib
38.87500,5.650000,2.060000,17.010000,0.494028,0.103128,1.848232,0.000337,0.003788,-0.001196,calib
38.89100,5.640000,2.070000,16.970000,0.508545,0.102774,1.827716,0.000332,0.003877,-0.001203,calib
38.89100,5.750000,2.110000,16.870000,0.515736,0.089862,1.807141,0.000240,0.004017,-0.001209,calib
38.95400,5.650000,2.100000,16.930000,0.516388,0.114690,1.796982,0.000248,0.004109,-0.001214,calib
38.96900,5.680000,2.090000,16.920000,0.531157,0.114654,1.776301,0.000081,0.003910,-0.001220,calib
38.98500,5.710000,2.080000,16.840000,0.537948,0.102040,1.765981,0.000156,0.003956,-0.001224,calib
39.00000,5.720000,2.100000,16.810000,0.530371,0.089165,1.766087,0.000231,0.004293,-0.001224,calib
39.01600,5.730000,2.080000,16.790000,0.544458,0.089382,1.745380,0.000396,0.004096,-0.001234,calib
39.07900,5.640000,2.060000,16.840000,0.531244,0.114582,1.745314,0.000079,0.003907,-0.001233,calib
39.09400,5.660000,2.120000,16.820000,0.531331,0.114510,1.714328,0.000078,0.003904,-0.001245,calib
39.11000,5.660000,2.100000,16.790000,0.538123,0.101897,1.704008,0.000154,0.003949,-0.001249,calib
39.11000,5.700000,2.070000,16.800000,0.530879,0.097457,1.714347,0.000123,0.004193,-0.001352,calib
39.12500,5.700000,2.090000,16.780000,0.537871,0.101579,1.704174,0.000316,0.004237,-0.001250,calib
39.18800,5.650000,2.090000,16.890000,0.524939,0.126825,1.714391,-0.000165,0.003953,-0.001243,calib
39.20400,5.660000,2.080000,16.850000,0.524939,0.126825,1.714391,-0.000165,0.003953,-0.001243,calib
39.20400,5.660000,2.110000,16.800000,0.539057,0.126770,1.704132,-0.000003,0.003948,-0.001248,calib
39.21900,5.660000,2.110000,16.820000,0.539087,0.126498,1.714580,-0.000005,0.004141,-0.001244,calib
39.23500,5.670000,2.080000,16.840000,0.538886,0.109762,1.714433,-0.000122,0.004142,-0.001349,calib
39.28200,5.660000,2.090000,16.820000,0.531366,0.106048,1.683390,0.000018,0.003902,-0.001149,calib
39.29700,5.640000,2.050000,16.800000,0.531418,0.114438,1.683341,0.000077,0.003902,-0.001258,calib
39.31300,5.630000,2.100000,16.790000,0.524543,0.109972,1.672975,-0.000120,0.004046,-0.001367,calib
39.32900,5.640000,2.040000,16.780000,0.524825,0.110017,1.683258,-0.000284,0.003952,-0.001361,calib
39.32900,5.660000,2.080000,16.790000,0.524974,0.118362,1.683453,-0.000226,0.003949,-0.001147,calib
39.39100,5.680000,2.060000,16.770000,0.531817,0.114139,1.673085,-0.000091,0.003995,-0.001260,calib
39.40700,5.700000,2.050000,16.760000,0.538609,0.101526,1.662765,-0.000016,0.004040,-0.001264,calib
39.40700,5.660000,2.060000,16.740000,0.531335,0.097358,1.662656,-0.000044,0.004091,-0.001371,calib
39.42200,5.670000,2.090000,16.760000,0.531304,0.097630,1.652208,-0.000042,0.003899,-0.001375,calib
39.43800,5.670000,2.070000,16.800000,0.524543,0.109972,1.672975,-0.000120,0.004046,-0.001367,calib
39.48500,5.650000,2.100000,16.830000,0.510626,0.126762,1.683381,-0.000165,0.004050,-0.001256,calib
39.50000,5.670000,2.100000,16.810000,0.517300,0.114493,1.693600,-0.000086,0.003907,-0.001252,calib
39.51600,5.690000,2.080000,16.790000,0.524092,0.101880,1.683281,-0.000011,0.003952,-0.001256,calib
39.53200,5.680000,2.090000,16.750000,0.524209,0.101536,1.662742,-0.000014,0.004142,-0.001264,calib
39.53200,5.700000,2.100000,16.760000,0.531335,0.097358,1.662656,-0.000044,0.004091,-0.001371,calib
39.57900,5.660000,2.100000,16.820000,0.531817,0.114139,1.673085,-0.000091,0.003995,-0.001260,calib
39.59400,5.650000,2.120000,16.780000,0.531817,0.114139,1.673085,-0.000091,0.003995,-0.001260,calib
39.61000,5.670000,2.100000,16.780000,0.531817,0.114139,1.673085,-0.000091,0.003995,-0.001260,calib
39.62500,5.710000,2.090000,16.780000,0.524574,0.109700,1.683423,-0.000122,0.004239,-0.001362,calib
39.62500,5.680000,2.090000,16.790000,0.524522,0.101309,1.683472,-0.000180,0.004239,-0.001254,calib
39.68800,5.630000,2.120000,16.880000,0.531813,0.122330,1.714470,-0.000033,0.004191,-0.001351,calib
39.70400,5.640000,2.100000,16.880000,0.539087,0.126498,1.714580,-0.000005,0.004141,-0.001244,calib
39.71900,5.670000,2.120000,16.850000,0.539035,0.118107,1.714628,-0.000063,0.004139,-0.001135,calib
39.73500,5.660000,2.110000,16.850000,0.539399,0.126271,1.735310,-0.000171,0.004237,-0.001233,calib
39.73500,5.690000,2.120000,16.860000,0.532274,0.130448,1.735395,-0.000141,0.004286,-0.001126,calib
39.78200,5.680000,2.120000,16.940000,0.532469,0.130566,1.776664,-0.000304,0.004194,-0.001108,calib
39.79700,5.660000,2.110000,16.920000,0.532469,0.130566,1.776664,-0.000304,0.004194,-0.001108,calib
39.81300,5.690000,2.100000,16.890000,0.532100,0.130592,1.797369,-0.000139,0.004293,-0.001102,calib
39.82900,5.650000,2.110000,16.890000,0.532152,0.138983,1.797320,-0.000080,0.004293,-0.001210,calib
39.82900,5.680000,2.160000,16.930000,0.532152,0.138983,1.797320,-0.000080,0.004293,-0.001210,calib
39.89100,5.670000,2.150000,16.900000,0.561099,0.138347,1.787276,-0.000088,0.004474,-0.001212,calib
39.90700,5.690000,2.090000,16.910000,0.546669,0.138629,1.776805,-0.000085,0.004383,-0.001217,calib
39.92200,5.700000,2.140000,16.900000,0.546669,0.138629,1.776805,-0.000085,0.004383,-0.001217,calib
39.93800,5.660000,2.140000,16.930000,0.547033,0.146793,1.797486,-0.000192,0.004479,-0.001315,calib
39.95400,5.630000,2.120000,16.950000,0.539908,0.150970,1.797572,-0.000162,0.004529,-0.001208,calib
40.00000,5.690000,2.110000,16.920000,0.553908,0.151259,1.807852,0.000004,0.004334,-0.001206,calib
40.01600,5.680000,2.140000,16.910000,0.561012,0.138419,1.818263,-0.000087,0.004477,-0.001199,calib
40.03200,5.710000,2.170000,16.930000,0.560678,0.129983,1.808029,0.000019,0.004572,-0.001097,calib
40.04700,5.710000,2.120000,16.920000,0.553686,0.125861,1.818202,-0.000174,0.004527,-0.001198,calib
40.06300,5.670000,2.130000,16.990000,0.553338,0.134550,1.828410,0.000052,0.004435,-0.001305,calib
40.09400,5.660000,2.130000,16.940000,0.546161,0.130337,1.828544,0.000024,0.004483,-0.001090,calib
40.11000,5.710000,2.130000,16.930000,0.546161,0.130337,1.828544,0.000024,0.004483,-0.001090,calib
40.12500,5.710000,2.090000,16.950000,0.552953,0.117724,1.818225,0.000099,0.004528,-0.001094,calib
40.14100,5.710000,2.170000,16.970000,0.553235,0.117769,1.828507,-0.000065,0.004433,-0.001088,calib
40.15700,5.700000,2.130000,16.980000,0.553235,0.117769,1.828507,-0.000065,0.004433,-0.001088,calib
40.18800,5.730000,2.160000,16.960000,0.567203,0.109369,1.818054,0.000039,0.004429,-0.001307,calib
40.20400,5.720000,2.140000,16.910000,0.566870,0.100933,1.807820,0.000145,0.004523,-0.001204,calib
40.21900,5.710000,2.150000,16.900000,0.566870,0.100933,1.807820,0.000145,0.004523,-0.001204,calib
40.23500,5.750000,2.130000,16.900000,0.566987,0.100589,1.787281,0.000141,0.004712,-0.001212,calib
40.25000,5.740000,2.140000,16.910000,0.566870,0.100933,1.807820,0.000145,0.004523,-0.001204,calib
40.28200,5.730000,2.100000,16.930000,0.559595,0.096765,1.807711,0.000116,0.004574,-0.001311,calib
40.29700,5.750000,2.130000,16.910000,0.559144,0.088673,1.818016,0.000226,0.004481,-0.001201,calib
40.31300,5.770000,2.120000,16.880000,0.558862,0.088628,1.807734,0.000390,0.004575,-0.001207,calib
40.32900,5.760000,2.120000,16.900000,0.558862,0.088628,1.807734,0.000390,0.004575,-0.001207,calib
40.34400,5.780000,2.150000,16.910000,0.558862,0.088628,1.807734,0.000390,0.004575,-0.001207,calib
40.37500,5.740000,2.100000,16.950000,0.552470,0.100943,1.807796,0.000146,0.004625,-0.001205,calib
40.40700,5.730000,2.140000,16.940000,0.559744,0.105110,1.807906,0.000175,0.004573,-0.001098,calib
40.42200,5.760000,2.140000,16.910000,0.552136,0.092507,1.797563,0.000252,0.004719,-0.001102,calib
40.42200,5.760000,2.110000,16.910000,0.559262,0.088329,1.797477,0.000222,0.004670,-0.001209,calib
40.43800,5.780000,2.120000,16.900000,0.552136,0.092507,1.797563,0.000252,0.004719,-0.001102,calib
40.46900,5.720000,2.160000,17.020000,0.531762,0.130347,1.828521,0.000025,0.004583,-0.001090,calib
40.50000,5.660000,2.120000,17.050000,0.524571,0.143259,1.849097,0.000117,0.004444,-0.001084,calib
40.50000,5.690000,2.120000,17.030000,0.517415,0.147708,1.838734,0.000149,0.004301,-0.000982,calib
40.51600,5.680000,2.090000,17.000000,0.510422,0.143586,1.848908,-0.000043,0.004257,-0.001084,calib
40.53200,5.740000,2.100000,17.010000,0.510371,0.135195,1.848956,-0.000102,0.004257,-0.000975,calib
40.57900,5.700000,2.140000,17.070000,0.517209,0.139163,1.879974,0.000090,0.004498,-0.001179,calib
40.59400,5.680000,2.110000,17.060000,0.517157,0.130772,1.880023,0.000031,0.004498,-0.001071,calib
40.61000,5.710000,2.100000,17.070000,0.516758,0.131071,1.890279,0.000199,0.004404,-0.001069,calib
40.61000,5.740000,2.120000,17.050000,0.509401,0.118784,1.879771,0.000114,0.004262,-0.001072,calib
40.62500,5.750000,2.080000,17.010000,0.509401,0.118784,1.879771,0.000114,0.004262,-0.001072,calib
40.67200,5.650000,2.100000,17.160000,0.474176,0.148542,1.921010,-0.000002,0.004132,-0.000950,calib
40.68800,5.670000,2.100000,17.170000,0.474509,0.156978,1.931244,-0.000108,0.004038,-0.001053,calib
40.70400,5.650000,2.090000,17.160000,0.474509,0.156978,1.931244,-0.000108,0.004038,-0.001053,calib
40.70400,5.690000,2.130000,17.150000,0.474176,0.148542,1.921010,-0.000002,0.004132,-0.000950,calib
40.71900,5.690000,2.110000,17.150000,0.481332,0.144093,1.931372,-0.000034,0.004275,-0.001052,calib
40.76600,5.740000,2.130000,17.140000,0.509310,0.127047,1.952143,0.000174,0.004462,-0.001151,calib
40.78200,5.750000,2.090000,17.160000,0.516584,0.131214,1.952252,0.000202,0.004410,-0.001044,calib
40.79700,5.700000,2.120000,17.170000,0.509310,0.127047,1.952143,0.000174,0.004462,-0.001151,calib
40.81300,5.740000,2.120000,17.160000,0.509310,0.127047,1.952143,0.000174,0.004462,-0.001151,calib
40.81300,5.730000,2.150000,17.140000,0.509310,0.127047,1.952143,0.000174,0.004462,-0.001151,calib
40.86000,5.760000,2.120000,17.200000,0.509140,0.119000,1.972730,0.000118,0.004272,-0.001035,calib
40.87500,5.720000,2.110000,17.220000,0.494741,0.119010,1.972707,0.000120,0.004372,-0.001035,calib
40.89100,5.750000,2.120000,17.230000,0.494372,0.119036,1.993411,0.000285,0.004470,-0.001029,calib
40.90700,5.740000,2.100000,17.220000,0.494623,0.119354,1.993246,0.000123,0.004182,-0.001028,calib
40.90700,5.740000,2.070000,17.250000,0.480223,0.119363,1.993222,0.000125,0.004283,-0.001028,calib
40.95400,5.710000,2.100000,17.270000,0.479855,0.119390,2.013927,0.000290,0.004381,-0.001022,calib
40.96900,5.730000,2.110000,17.270000,0.486980,0.115212,2.013841,0.000260,0.004332,-0.001128,calib
40.98500,5.790000,2.060000,17.260000,0.486580,0.115511,2.024097,0.000428,0.004239,-0.001126,calib
41.00000,5.770000,2.120000,17.240000,0.486379,0.098775,2.023951,0.000311,0.004240,-0.001232,calib
41.01600,5.790000,2.090000,17.230000,0.486046,0.090339,2.013718,0.000417,0.004333,-0.001129,calib
41.04700,5.780000,2.080000,17.250000,0.471216,0.090920,2.013503,0.000588,0.004148,-0.001133,calib
41.06300,5.750000,2.080000,17.280000,0.464425,0.103533,2.023822,0.000513,0.004103,-0.001129,calib
41.07900,5.750000,2.020000,17.280000,0.464455,0.103261,2.034270,0.000510,0.004295,-0.001124,calib
41.09400,5.760000,2.040000,17.260000,0.464403,0.094870,2.034318,0.000452,0.004294,-0.001015,calib
41.11000,5.800000,2.060000,17.230000,0.471216,0.090920,2.013503,0.000588,0.004148,-0.001133,calib
41.14100,5.820000,2.090000,17.170000,0.484830,0.065421,2.003312,0.000737,0.004430,-0.001136,calib
41.15700,5.770000,2.090000,17.220000,0.484882,0.073811,2.003263,0.000796,0.004431,-0.001244,calib
41.17200,5.830000,2.060000,17.230000,0.484882,0.073811,2.003263,0.000796,0.004431,-0.001244,calib
41.18800,5.820000,2.080000,17.210000,0.484882,0.073811,2.003263,0.000796,0.004431,-0.001244,calib
41.20400,5.800000,2.080000,17.180000,0.499281,0.073802,2.003287,0.000795,0.004331,-0.001244,calib
41.23500,5.800000,2.090000,17.130000,0.499768,0.073431,1.962044,0.000625,0.004422,-0.001258,calib
41.25000,5.810000,2.090000,17.160000,0.499768,0.073431,1.962044,0.000625,0.004422,-0.001258,calib
41.26600,5.790000,2.080000,17.180000,0.499768,0.073431,1.962044,0.000625,0.004422,-0.001258,calib
41.28200,5.820000,2.080000,17.190000,0.507042,0.077599,1.962153,0.000654,0.004370,-0.001151,calib
41.29700,5.830000,2.080000,17.190000,0.507042,0.077599,1.962153,0.000654,0.004370,-0.001151,calib
41.32900,5.820000,2.070000,17.110000,0.520625,0.052373,1.941514,0.000805,0.004462,-0.001159,calib
41.36000,5.850000,2.080000,17.090000,0.513921,0.064914,1.920847,0.000728,0.004412,-0.001167,calib
41.36000,5.830000,2.080000,17.110000,0.506646,0.060746,1.920738,0.000700,0.004463,-0.001274,calib
41.37500,5.810000,2.050000,17.120000,0.513521,0.065213,1.931103,0.000896,0.004318,-0.001165,calib
41.39100,5.850000,2.060000,17.100000,0.506646,0.060746,1.920738,0.000700,0.004463,-0.001274,calib
41.42200,5.860000,2.070000,17.100000,0.505913,0.052609,1.920761,0.000973,0.004464,-0.001170,calib
41.43800,5.890000,2.070000,17.090000,0.506195,0.052654,1.931043,0.000809,0.004370,-0.001164,calib
41.45400,5.850000,2.030000,17.120000,0.506195,0.052654,1.931043,0.000809,0.004370,-0.001164,calib
41.46900,5.880000,2.070000,17.110000,0.513720,0.048178,1.920701,0.000611,0.004413,-0.001273,calib
41.48500,5.830000,2.040000,17.110000,0.520712,0.052301,1.910528,0.000804,0.004457,-0.001171,calib
41.51600,5.900000,2.070000,17.020000,0.527222,0.039642,1.889926,0.001044,0.004599,-0.001181,calib
41.54700,5.880000,2.080000,17.060000,0.527534,0.039415,1.910656,0.000877,0.004696,-0.001170,calib
41.54700,5.860000,2.060000,17.070000,0.527534,0.039415,1.910656,0.000877,0.004696,-0.001170,calib
41.56300,5.850000,2.060000,17.070000,0.527868,0.047851,1.920890,0.000772,0.004600,-0.001273,calib
41.57900,5.850000,2.080000,17.170000,0.528048,0.055925,1.931532,0.000828,0.004791,-0.001055,calib
41.62500,5.880000,2.090000,17.130000,0.534485,0.035382,1.972544,0.000850,0.004651,-0.001252,calib
41.64100,5.920000,2.120000,17.150000,0.534117,0.035408,1.993248,0.001016,0.004750,-0.001246,calib
41.65700,5.900000,2.130000,17.220000,0.541386,0.047766,2.034743,0.001102,0.004895,-0.001230,calib
41.67200,5.900000,2.120000,17.270000,0.541750,0.055930,2.055424,0.000995,0.004992,-0.001327,calib
41.68800,5.890000,2.090000,17.330000,0.534820,0.060225,2.096779,0.000862,0.004949,-0.001203,calib
41.75000,5.980000,2.180000,17.330000,0.554869,0.056144,2.179534,0.001493,0.005193,-0.001282,calib
41.76600,5.970000,2.190000,17.400000,0.554782,0.056216,2.210521,0.001494,0.005196,-0.001270,calib
41.78200,5.950000,2.190000,17.440000,0.562108,0.068774,2.210581,0.001582,0.005145,-0.001271,calib
41.79700,5.890000,2.150000,17.430000,0.555347,0.081115,2.231348,0.001504,0.005292,-0.001262,calib
41.79700,5.940000,2.170000,17.440000,0.562622,0.085283,2.231458,0.001532,0.005241,-0.001155,calib
41.87500,5.980000,2.210000,17.570000,0.562947,0.119061,2.334748,0.001607,0.005156,-0.001223,calib
41.89100,5.990000,2.180000,17.550000,0.562296,0.119042,2.345171,0.001937,0.005350,-0.001222,calib
41.90700,6.000000,2.200000,17.590000,0.569452,0.114592,2.355533,0.001905,0.005492,-0.001324,calib
41.92200,5.990000,2.220000,17.580000,0.562060,0.110768,2.375962,0.001880,0.005354,-0.001424,calib
41.92200,6.000000,2.200000,17.610000,0.554935,0.114946,2.376048,0.001910,0.005403,-0.001317,calib
42.00000,5.970000,2.170000,17.750000,0.519838,0.153555,2.479047,0.001693,0.004993,-0.001278,calib
42.01600,5.980000,2.190000,17.770000,0.519469,0.153582,2.499751,0.001859,0.005091,-0.001271,calib
42.01600,5.960000,2.210000,17.750000,0.526774,0.157477,2.510308,0.001885,0.005233,-0.001159,calib
42.03200,5.950000,2.260000,17.800000,0.527108,0.165913,2.520542,0.001779,0.005138,-0.001262,calib
42.04700,5.940000,2.200000,17.870000,0.519895,0.170163,2.551614,0.001811,0.005191,-0.001143,calib
42.11000,5.960000,2.280000,17.940000,0.555794,0.165494,2.603457,0.001775,0.005328,-0.001226,calib
42.12500,5.980000,2.290000,17.920000,0.562637,0.161271,2.593089,0.001909,0.005373,-0.001339,calib
42.14100,5.990000,2.270000,17.940000,0.570044,0.157138,2.603286,0.001715,0.005228,-0.001439,calib
42.15700,6.000000,2.300000,17.940000,0.577349,0.161034,2.613843,0.001741,0.005370,-0.001327,calib
42.15700,6.000000,2.280000,17.950000,0.577349,0.161034,2.613843,0.001741,0.005370,-0.001327,calib
42.21900,6.000000,2.270000,17.990000,0.583706,0.157182,2.644718,0.002045,0.005325,-0.001426,calib
42.23500,6.010000,2.300000,18.010000,0.583988,0.157227,2.655000,0.001880,0.005229,-0.001420,calib
42.25000,5.980000,2.310000,18.030000,0.583988,0.157227,2.655000,0.001880,0.005229,-0.001420,calib
42.26600,6.010000,2.310000,18.000000,0.591380,0.161051,2.634571,0.001905,0.005369,-0.001320,calib
42.28200,6.010000,2.250000,18.000000,0.598453,0.148483,2.634534,0.001817,0.005318,-0.001318,calib
42.34400,6.050000,2.340000,17.970000,0.598571,0.148139,2.613995,0.001813,0.005507,-0.001326,calib
42.36000,5.960000,2.320000,18.020000,0.598223,0.156828,2.624203,0.002040,0.005413,-0.001433,calib
42.37500,5.950000,2.290000,18.040000,0.591380,0.161051,2.634571,0.001905,0.005369,-0.001320,calib
42.37500,5.980000,2.320000,18.030000,0.598171,0.148438,2.624251,0.001981,0.005413,-0.001324,calib
42.39100,6.010000,2.290000,17.990000,0.598171,0.148438,2.624251,0.001981,0.005413,-0.001324,calib
42.45400,6.070000,2.290000,18.030000,0.603972,0.110751,2.655243,0.002212,0.005655,-0.001312,calib
42.46900,6.080000,2.270000,18.020000,0.610847,0.115218,2.665609,0.002408,0.005510,-0.001203,calib
42.48500,6.100000,2.280000,18.010000,0.611298,0.123310,2.655304,0.002299,0.005605,-0.001313,calib
42.48500,6.120000,2.320000,17.980000,0.610965,0.114874,2.645070,0.002405,0.005699,-0.001211,calib
42.50000,6.080000,2.270000,17.990000,0.610986,0.123536,2.634574,0.002466,0.005507,-0.001324,calib
42.54700,6.030000,2.330000,18.080000,0.612514,0.148228,2.665709,0.001979,0.005507,-0.001306,calib
42.57900,6.050000,2.310000,18.070000,0.611781,0.140091,2.665732,0.002252,0.005508,-0.001202,calib
42.57900,6.090000,2.330000,18.030000,0.618937,0.135641,2.676094,0.002220,0.005651,-0.001304,calib
42.59400,6.100000,2.310000,18.030000,0.618603,0.127206,2.665861,0.002326,0.005746,-0.001201,calib
42.61000,6.130000,2.320000,18.020000,0.618055,0.119159,2.675922,0.002435,0.005653,-0.001413,calib
42.68800,6.100000,2.320000,18.070000,0.603717,0.127586,2.707080,0.002496,0.005755,-0.001187,calib
42.70400,6.090000,2.320000,18.110000,0.604051,0.136021,2.717314,0.002391,0.005661,-0.001290,calib
42.71900,6.080000,2.320000,18.120000,0.603964,0.136093,2.748301,0.002392,0.005664,-0.001278,calib
42.73500,6.060000,2.340000,18.190000,0.611520,0.140307,2.758692,0.002256,0.005518,-0.001165,calib
42.75000,6.120000,2.340000,18.200000,0.617994,0.136110,2.769028,0.002556,0.005662,-0.001270,calib
42.79700,6.100000,2.330000,18.220000,0.610633,0.132014,2.799906,0.002529,0.005716,-0.001365,calib
42.81300,6.100000,2.320000,18.260000,0.603790,0.136237,2.810274,0.002395,0.005670,-0.001253,calib
42.84400,6.050000,2.340000,18.270000,0.596599,0.149149,2.830849,0.002487,0.005531,-0.001247,calib
42.84400,6.050000,2.310000,18.290000,0.596599,0.149149,2.830849,0.002487,0.005531,-0.001247,calib
42.86000,6.090000,2.300000,18.290000,0.596599,0.149149,2.830849,0.002487,0.005531,-0.001247,calib
42.90700,6.100000,2.340000,18.310000,0.596932,0.157585,2.841083,0.002381,0.005436,-0.001349,calib
42.93800,6.030000,2.310000,18.320000,0.589838,0.161490,2.851617,0.002409,0.005678,-0.001238,calib
42.93800,6.040000,2.330000,18.360000,0.583046,0.174103,2.861936,0.002334,0.005633,-0.001234,calib
42.95400,6.010000,2.320000,18.390000,0.583046,0.174103,2.861936,0.002334,0.005633,-0.001234,calib
42.95400,6.040000,2.350000,18.400000,0.583380,0.182539,2.872170,0.002228,0.005539,-0.001337,calib
43.00000,6.020000,2.400000,18.500000,0.583458,0.207809,2.934240,0.002407,0.005544,-0.001315,calib
43.01600,6.000000,2.380000,18.520000,0.583740,0.207854,2.944523,0.002242,0.005449,-0.001309,calib
43.04700,6.010000,2.380000,18.560000,0.591045,0.211750,2.955080,0.002269,0.005590,-0.001197,calib
43.04700,5.980000,2.390000,18.560000,0.598222,0.215963,2.954945,0.002298,0.005541,-0.001412,calib
43.06300,6.000000,2.390000,18.560000,0.597801,0.207599,2.975698,0.002404,0.005639,-0.001297,calib
43.14100,6.000000,2.400000,18.700000,0.613391,0.232036,3.038010,0.002079,0.005829,-0.001268,calib
43.15700,5.960000,2.420000,18.690000,0.620116,0.228157,3.048180,0.002217,0.005685,-0.001372,calib
43.17200,5.980000,2.440000,18.690000,0.619865,0.227839,3.048346,0.002380,0.005973,-0.001374,calib
43.18800,6.020000,2.450000,18.690000,0.633896,0.227856,3.069074,0.002544,0.005971,-0.001366,calib
43.18800,6.030000,2.450000,18.660000,0.641420,0.223380,3.058732,0.002346,0.006016,-0.001475,calib
43.26600,5.990000,2.430000,18.770000,0.641216,0.223796,3.110257,0.002351,0.005829,-0.001455,calib
43.28200,6.040000,2.460000,18.740000,0.640513,0.215387,3.120728,0.002622,0.006023,-0.001345,calib
43.28200,6.040000,2.420000,18.740000,0.647357,0.211164,3.110360,0.002757,0.006069,-0.001458,calib
43.29700,6.000000,2.440000,18.760000,0.647638,0.211209,3.120642,0.002592,0.005972,-0.001452,calib
43.31300,6.030000,2.450000,18.790000,0.647638,0.211209,3.120642,0.002592,0.005972,-0.001452,calib
43.39100,6.020000,2.450000,18.830000,0.654596,0.223794,3.141407,0.002845,0.006020,-0.001447,calib
43.40700,6.020000,2.430000,18.820000,0.654929,0.232230,3.151641,0.002740,0.005925,-0.001549,calib
43.42200,5.980000,2.460000,18.880000,0.647804,0.236407,3.151726,0.002770,0.005975,-0.001443,calib
43.42200,6.010000,2.470000,18.890000,0.647687,0.236751,3.172265,0.002773,0.005786,-0.001435,calib
43.43800,5.980000,2.450000,18.900000,0.640561,0.240929,3.172351,0.002803,0.005836,-0.001328,calib
43.48500,5.960000,2.440000,18.900000,0.618857,0.237043,3.161770,0.002778,0.005795,-0.001441,calib
43.50000,5.940000,2.460000,18.970000,0.612014,0.241265,3.172138,0.002644,0.005749,-0.001328,calib
43.50000,5.910000,2.450000,18.980000,0.598127,0.257784,3.192991,0.002596,0.005946,-0.001213,calib
43.51600,5.900000,2.420000,19.010000,0.590936,0.270696,3.213567,0.002688,0.005808,-0.001207,calib
43.53200,5.900000,2.410000,19.030000,0.591218,0.270741,3.223849,0.002524,0.005711,-0.001201,calib
43.57900,6.010000,2.420000,18.970000,0.611328,0.249709,3.213498,0.003034,0.005946,-0.001423,calib
43.59400,5.990000,2.420000,18.950000,0.611245,0.241591,3.203099,0.002977,0.005753,-0.001320,calib
43.61000,5.970000,2.440000,18.980000,0.604454,0.254204,3.213418,0.002902,0.005709,-0.001316,calib
43.62500,5.920000,2.400000,19.000000,0.604454,0.254204,3.213418,0.002902,0.005709,-0.001316,calib
43.62500,5.950000,2.420000,19.030000,0.598061,0.266519,3.213481,0.002658,0.005757,-0.001314,calib
43.67200,5.970000,2.420000,18.880000,0.612049,0.232803,3.141200,0.002584,0.005745,-0.001232,calib
43.68800,5.970000,2.400000,18.900000,0.612166,0.232459,3.120661,0.002580,0.005935,-0.001240,calib
43.70400,5.950000,2.400000,18.900000,0.612166,0.232459,3.120661,0.002580,0.005935,-0.001240,calib
43.71900,5.910000,2.400000,18.920000,0.612470,0.241167,3.120447,0.002477,0.005648,-0.001347,calib
43.73500,5.940000,2.420000,18.900000,0.605744,0.245046,3.110276,0.002339,0.005791,-0.001243,calib
43.78200,5.990000,2.400000,18.810000,0.619132,0.219702,3.048369,0.002653,0.005974,-0.001269,calib
43.79700,6.000000,2.390000,18.800000,0.633931,0.219394,3.038136,0.002484,0.005967,-0.001270,calib
43.81300,5.980000,2.430000,18.810000,0.626806,0.223572,3.038222,0.002514,0.006017,-0.001164,calib
43.82900,5.950000,2.420000,18.860000,0.627140,0.232007,3.048455,0.002408,0.005922,-0.001266,calib
43.82900,5.910000,2.420000,18.870000,0.612740,0.232017,3.048432,0.002410,0.006023,-0.001267,calib
43.87500,5.970000,2.380000,18.800000,0.626574,0.207108,3.027628,0.002399,0.005825,-0.001274,calib
43.90700,6.000000,2.400000,18.830000,0.619449,0.211285,3.027713,0.002428,0.005875,-0.001167,calib
43.90700,5.950000,2.360000,18.830000,0.612227,0.215508,3.027555,0.002459,0.005926,-0.001383,calib
43.92200,5.940000,2.400000,18.860000,0.604984,0.220029,3.048180,0.002492,0.005788,-0.001269,calib
43.93800,5.940000,2.370000,18.890000,0.604984,0.220029,3.048180,0.002492,0.005788,-0.001269,calib
43.96900,5.950000,2.390000,18.810000,0.604737,0.211522,3.006960,0.002597,0.005879,-0.001178,calib
43.98500,5.970000,2.410000,18.810000,0.604620,0.211866,3.027498,0.002600,0.005690,-0.001171,calib
44.00000,5.940000,2.360000,18.800000,0.597745,0.207399,3.017133,0.002404,0.005834,-0.001280,calib
44.01600,5.930000,2.390000,18.860000,0.597894,0.215745,3.017328,0.002462,0.005834,-0.001066,calib
44.03200,5.910000,2.340000,18.880000,0.590923,0.220284,3.017004,0.002330,0.005598,-0.001281,calib
44.07900,5.990000,2.360000,18.800000,0.590589,0.211849,3.006771,0.002436,0.005691,-0.001178,calib
44.09400,6.000000,2.390000,18.810000,0.605106,0.211495,2.986255,0.002431,0.005781,-0.001185,calib
44.11000,6.000000,2.360000,18.790000,0.597832,0.207327,2.986146,0.002402,0.005831,-0.001292,calib
44.11000,5.960000,2.330000,18.810000,0.604707,0.211794,2.996512,0.002599,0.005686,-0.001183,calib
44.12500,5.940000,2.380000,18.830000,0.590707,0.211505,2.986232,0.002432,0.005880,-0.001186,calib
44.17200,5.970000,2.380000,18.760000,0.597468,0.199164,2.965465,0.002510,0.005733,-0.001194,calib
44.18800,5.970000,2.320000,18.750000,0.597468,0.199164,2.965465,0.002510,0.005733,-0.001194,calib
44.20400,6.000000,2.380000,18.760000,0.597016,0.191072,2.975770,0.002619,0.005639,-0.001084,calib
44.20400,6.000000,2.350000,18.790000,0.597068,0.199462,2.975721,0.002678,0.005640,-0.001192,calib
44.21900,5.970000,2.350000,18.780000,0.589943,0.203640,2.975807,0.002708,0.005690,-0.001086,calib
44.26600,5.910000,2.320000,18.770000,0.583319,0.199491,2.965276,0.002349,0.005546,-0.001194,calib
44.28200,5.960000,2.320000,18.740000,0.582986,0.191055,2.955042,0.002455,0.005641,-0.001091,calib
44.29700,6.010000,2.340000,18.700000,0.589777,0.178442,2.944723,0.002530,0.005686,-0.001095,calib
44.29700,6.010000,2.330000,18.670000,0.596339,0.174173,2.924072,0.002829,0.005827,-0.001214,calib
44.31300,6.040000,2.320000,18.660000,0.611138,0.173865,2.913839,0.002660,0.005821,-0.001215,calib
44.36000,6.030000,2.330000,18.720000,0.603464,0.169996,2.923987,0.002799,0.005778,-0.001320,calib
44.37500,6.040000,2.320000,18.700000,0.603530,0.161262,2.903497,0.002737,0.005966,-0.001219,calib
44.39100,6.060000,2.310000,18.640000,0.610321,0.148648,2.893177,0.002813,0.006011,-0.001223,calib
44.40700,6.130000,2.320000,18.630000,0.616995,0.136379,2.903397,0.002892,0.005867,-0.001220,calib
44.42200,6.090000,2.320000,18.610000,0.609839,0.131867,2.882749,0.002860,0.006108,-0.001335,calib
44.48500,6.070000,2.330000,18.600000,0.609756,0.123749,2.872350,0.002803,0.005915,-0.001231,calib
44.50000,6.120000,2.300000,18.580000,0.609475,0.123703,2.862067,0.002968,0.006010,-0.001237,calib
44.51600,6.080000,2.330000,18.570000,0.609475,0.123703,2.862067,0.002968,0.006010,-0.001237,calib
44.53200,6.060000,2.330000,18.590000,0.602631,0.127926,2.872435,0.002833,0.005964,-0.001124,calib
44.54700,6.030000,2.290000,18.630000,0.602683,0.136317,2.872387,0.002892,0.005965,-0.001233,calib
44.59400,6.100000,2.320000,18.600000,0.623853,0.115031,2.872587,0.002905,0.006102,-0.001123,calib
44.62500,6.150000,2.330000,18.560000,0.615897,0.111117,2.872452,0.003209,0.006154,-0.001234,calib
44.62500,6.120000,2.350000,18.560000,0.622971,0.098549,2.872415,0.003120,0.006103,-0.001232,calib
44.64100,6.120000,2.320000,18.590000,0.615897,0.111117,2.872452,0.003209,0.006154,-0.001234,calib
44.65700,6.110000,2.280000,18.620000,0.616179,0.111162,2.882735,0.003045,0.006058,-0.001228,calib
44.70400,6.070000,2.310000,18.670000,0.609387,0.123775,2.893054,0.002969,0.006013,-0.001224,calib
44.71900,6.130000,2.300000,18.640000,0.594537,0.115693,2.903336,0.003080,0.006019,-0.001115,calib
44.73500,6.090000,2.260000,18.640000,0.594506,0.115965,2.892888,0.003082,0.005827,-0.001119,calib
44.73500,6.110000,2.310000,18.650000,0.587262,0.111525,2.903226,0.003051,0.006070,-0.001222,calib
44.75000,6.070000,2.300000,18.670000,0.587263,0.120487,2.913512,0.003115,0.005687,-0.001005,calib
44.79700,6.010000,2.280000,18.770000,0.545215,0.154168,2.944337,0.002861,0.005703,-0.001101,calib
44.81300,6.000000,2.230000,18.800000,0.538371,0.158391,2.954705,0.002727,0.005658,-0.000988,calib
44.82900,5.980000,2.240000,18.800000,0.524275,0.167109,2.954468,0.002625,0.005471,-0.001096,calib
44.84400,5.990000,2.210000,18.830000,0.517084,0.180020,2.975044,0.002717,0.005332,-0.001090,calib
44.86000,5.950000,2.250000,18.840000,0.524358,0.184188,2.975153,0.002746,0.005281,-0.000983,calib
44.89100,6.030000,2.250000,18.790000,0.546062,0.179113,2.975447,0.002706,0.005705,-0.001087,calib
44.92200,6.010000,2.270000,18.790000,0.553156,0.175208,2.964914,0.002679,0.005463,-0.001199,calib
44.93800,5.990000,2.300000,18.780000,0.538757,0.175217,2.964890,0.002680,0.005563,-0.001199,calib
44.93800,5.990000,2.270000,18.820000,0.531883,0.179712,2.964810,0.002548,0.005326,-0.001092,calib
44.95400,5.930000,2.260000,18.820000,0.525091,0.192325,2.975130,0.002472,0.005280,-0.001088,calib
45.01600,5.930000,2.240000,18.830000,0.511342,0.192354,2.964684,0.002143,0.005187,-0.001089,calib
45.01600,6.000000,2.260000,18.810000,0.517735,0.180039,2.964621,0.002387,0.005139,-0.001091,calib
45.03200,6.000000,2.230000,18.800000,0.517431,0.171331,2.964836,0.002490,0.005426,-0.000984,calib
45.04700,5.990000,2.260000,18.800000,0.524557,0.167154,2.964750,0.002460,0.005376,-0.001090,calib
45.06300,5.970000,2.250000,18.840000,0.524557,0.167154,2.964750,0.002460,0.005376,-0.001090,calib
45.09400,5.950000,2.250000,18.810000,0.510096,0.167708,2.943831,0.002466,0.005092,-0.001101,calib
45.11000,5.950000,2.250000,18.790000,0.509814,0.167662,2.933549,0.002631,0.005187,-0.001106,calib
45.12500,6.020000,2.240000,18.740000,0.523911,0.158945,2.933786,0.002733,0.005374,-0.000998,calib
45.14100,6.010000,2.260000,18.710000,0.531153,0.154423,2.913162,0.002699,0.005514,-0.001113,calib
45.15700,5.990000,2.230000,18.740000,0.538196,0.142127,2.902677,0.002612,0.005272,-0.001116,calib
45.20400,5.960000,2.230000,18.760000,0.523397,0.142436,2.912910,0.002782,0.005278,-0.001114,calib
45.21900,6.010000,2.220000,18.740000,0.530523,0.138258,2.912824,0.002752,0.005228,-0.001221,calib
45.23500,6.040000,2.230000,18.720000,0.530671,0.137642,2.902733,0.002746,0.005609,-0.001224,calib
45.25000,6.020000,2.240000,18.730000,0.537494,0.133718,2.913148,0.002884,0.005464,-0.001006,calib
45.26600,6.020000,2.240000,18.740000,0.545018,0.129242,2.902805,0.002686,0.005508,-0.001115,calib
45.32900,6.040000,2.280000,18.740000,0.559500,0.137351,2.913228,0.002741,0.005601,-0.001218,calib
45.34400,6.020000,2.230000,18.730000,0.559101,0.137649,2.923485,0.002909,0.005507,-0.001216,calib
45.34400,6.010000,2.230000,18.740000,0.552375,0.141528,2.913314,0.002771,0.005651,-0.001111,calib
45.36000,5.990000,2.230000,18.750000,0.545532,0.145751,2.923682,0.002637,0.005605,-0.000999,calib
45.37500,5.980000,2.230000,18.800000,0.545584,0.154142,2.923633,0.002696,0.005605,-0.001107,calib
45.45400,5.990000,2.250000,18.770000,0.538761,0.167027,2.923505,0.002622,0.005369,-0.001108,calib
45.46900,5.920000,2.240000,18.790000,0.538761,0.167027,2.923505,0.002622,0.005369,-0.001108,calib
45.48500,5.930000,2.240000,18.850000,0.531970,0.179640,2.933824,0.002546,0.005324,-0.001104,calib
45.50000,5.900000,2.220000,18.880000,0.532252,0.179686,2.944106,0.002382,0.005227,-0.001098,calib
45.51600,5.950000,2.250000,18.890000,0.539126,0.175191,2.944186,0.002514,0.005465,-0.001206,calib
45.57900,5.970000,2.280000,18.870000,0.560225,0.170830,3.006263,0.002648,0.005609,-0.001288,calib
45.59400,5.940000,2.280000,18.980000,0.560257,0.179519,3.026996,0.002710,0.005418,-0.001067,calib
45.61000,5.980000,2.300000,19.000000,0.567295,0.175414,3.057897,0.002681,0.005372,-0.001161,calib
45.62500,6.000000,2.280000,18.980000,0.566443,0.158659,3.068173,0.002894,0.005566,-0.001265,calib
45.62500,6.070000,2.300000,18.950000,0.580171,0.149968,3.089115,0.003162,0.005851,-0.001151,calib
45.70400,6.060000,2.290000,19.210000,0.578723,0.176122,3.285119,0.003846,0.005778,-0.001403,calib
45.71900,6.080000,2.300000,19.240000,0.585593,0.188779,3.336871,0.004101,0.005829,-0.001385,calib
45.71900,6.050000,2.350000,19.270000,0.592610,0.176011,3.378268,0.004011,0.005975,-0.001366,calib
45.73500,6.130000,2.340000,19.320000,0.598997,0.171887,3.419591,0.004313,0.006122,-0.001460,calib
45.75000,6.140000,2.400000,19.360000,0.598142,0.172284,3.481538,0.004648,0.006129,-0.001439,calib
45.81300,6.210000,2.370000,19.650000,0.596825,0.172568,3.750301,0.004987,0.006540,-0.001334,calib
45.84400,6.240000,2.360000,19.700000,0.596738,0.172640,3.781288,0.004988,0.006543,-0.001321,calib
45.84400,6.240000,2.380000,19.720000,0.596421,0.181057,3.801943,0.005213,0.006641,-0.001423,calib
45.86000,6.210000,2.350000,19.750000,0.595934,0.181427,3.843186,0.005382,0.006552,-0.001409,calib
45.87500,6.230000,2.350000,19.770000,0.610247,0.181489,3.874196,0.005382,0.006454,-0.001396,calib
45.93800,6.320000,2.400000,19.950000,0.622678,0.165338,4.039403,0.005932,0.006565,-0.001441,calib
45.95400,6.320000,2.380000,20.000000,0.615466,0.169587,4.070475,0.005963,0.006618,-0.001322,calib
45.96900,6.290000,2.390000,20.030000,0.615431,0.178049,4.101413,0.006023,0.006620,-0.001418,calib
45.96900,6.280000,2.420000,20.110000,0.622588,0.182561,4.122061,0.006055,0.006380,-0.001303,calib
45.98500,6.290000,2.400000,20.130000,0.622500,0.182633,4.153048,0.006057,0.006383,-0.001291,calib
46.04700,6.360000,2.440000,20.210000,0.628284,0.179223,4.256152,0.006531,0.006252,-0.001362,calib
46.06300,6.350000,2.440000,20.220000,0.628032,0.178906,4.256318,0.006693,0.006539,-0.001363,calib
46.07900,6.360000,2.420000,20.210000,0.627915,0.179249,4.276857,0.006697,0.006350,-0.001355,calib
46.07900,6.320000,2.440000,20.210000,0.635241,0.191808,4.276917,0.006784,0.006298,-0.001357,calib
46.09400,6.300000,2.440000,20.270000,0.628515,0.195687,4.266746,0.006646,0.006442,-0.001252,calib
46.14100,6.340000,2.410000,20.280000,0.606842,0.200490,4.276899,0.006683,0.006212,-0.001143,calib
46.15700,6.360000,2.400000,20.290000,0.606530,0.200717,4.256169,0.006849,0.006115,-0.001153,calib
46.17200,6.330000,2.360000,20.270000,0.606812,0.200762,4.266452,0.006685,0.006019,-0.001148,calib
46.18800,6.370000,2.380000,20.280000,0.606500,0.200989,4.245721,0.006852,0.005922,-0.001158,calib
46.20400,6.360000,2.400000,20.280000,0.606847,0.192300,4.235514,0.006625,0.006016,-0.001052,calib
46.25000,6.370000,2.380000,20.230000,0.614146,0.187978,4.173455,0.006592,0.005959,-0.001183,calib
46.26600,6.360000,2.400000,20.230000,0.607672,0.192175,4.163118,0.006292,0.005815,-0.001077,calib
46.28200,6.310000,2.370000,20.240000,0.600568,0.205015,4.152708,0.006383,0.005673,-0.001084,calib
46.29700,6.260000,2.380000,20.250000,0.594124,0.208939,4.152819,0.006081,0.005722,-0.000974,calib
46.29700,6.250000,2.380000,20.260000,0.594124,0.208939,4.152819,0.006081,0.005722,-0.000974,calib
46.36000,6.360000,2.380000,20.120000,0.608246,0.191732,4.090889,0.006121,0.005903,-0.001104,calib
46.37500,6.350000,2.380000,20.180000,0.600971,0.187564,4.090780,0.006093,0.005954,-0.001211,calib
46.39100,6.350000,2.400000,20.190000,0.593815,0.192014,4.080417,0.006125,0.005811,-0.001110,calib
46.39100,6.300000,2.390000,20.190000,0.594698,0.208497,4.080589,0.005910,0.005809,-0.001000,calib
46.40700,6.290000,2.360000,20.220000,0.601541,0.204274,4.070221,0.006044,0.005855,-0.001113,calib
46.45400,6.400000,2.400000,20.100000,0.622880,0.191035,4.049835,0.006113,0.006181,-0.001119,calib
46.46900,6.320000,2.420000,20.120000,0.622880,0.191035,4.049835,0.006113,0.006181,-0.001119,calib
46.48500,6.300000,2.410000,20.160000,0.630207,0.203593,4.049895,0.006200,0.006130,-0.001120,calib
46.48500,6.290000,2.420000,20.190000,0.623363,0.207816,4.060263,0.006066,0.006085,-0.001008,calib
46.50000,6.290000,2.420000,20.200000,0.630488,0.203638,4.060178,0.006036,0.006036,-0.001115,calib
46.54700,6.430000,2.420000,20.070000,0.657938,0.178040,4.029446,0.006512,0.006409,-0.001129,calib
46.56300,6.460000,2.410000,20.090000,0.657938,0.178040,4.029446,0.006512,0.006409,-0.001129,calib
46.57900,6.400000,2.420000,20.100000,0.650813,0.182217,4.029531,0.006542,0.006457,-0.001022,calib
46.59400,6.370000,2.440000,20.140000,0.643872,0.186485,4.039656,0.006408,0.006413,-0.001232,calib
46.59400,6.360000,2.450000,20.160000,0.636695,0.182272,4.039790,0.006379,0.006462,-0.001017,calib
46.65700,6.450000,2.390000,20.020000,0.649996,0.157000,4.008869,0.006695,0.006648,-0.001031,calib
46.67200,6.430000,2.410000,20.030000,0.650114,0.156656,3.988331,0.006692,0.006837,-0.001038,calib
46.67200,6.420000,2.430000,20.020000,0.650135,0.165319,3.977834,0.006753,0.006645,-0.001152,calib
46.68800,6.420000,2.420000,20.060000,0.643713,0.177905,3.967449,0.006511,0.006502,-0.001154,calib
46.70400,6.410000,2.420000,20.090000,0.636869,0.182128,3.977817,0.006377,0.006456,-0.001042,calib
46.75000,6.450000,2.370000,20.000000,0.650622,0.164948,3.936591,0.006583,0.006736,-0.001166,calib
46.76600,6.460000,2.390000,19.980000,0.650652,0.164676,3.947039,0.006581,0.006928,-0.001161,calib
46.78200,6.460000,2.420000,20.000000,0.650622,0.164948,3.936591,0.006583,0.006736,-0.001166,calib
46.79700,6.480000,2.400000,20.010000,0.650771,0.173294,3.936786,0.006642,0.006735,-0.000952,calib
46.79700,6.420000,2.410000,20.040000,0.651105,0.181729,3.947020,0.006536,0.006640,-0.001055,calib
46.86000,6.450000,2.400000,19.920000,0.664775,0.156431,3.895394,0.006686,0.006727,-0.001075,calib
46.87500,6.510000,2.420000,19.920000,0.664775,0.156431,3.895394,0.006686,0.006727,-0.001075,calib
46.87500,6.480000,2.420000,19.940000,0.664775,0.156431,3.895394,0.006686,0.006727,-0.001075,calib
46.89100,6.460000,2.420000,19.920000,0.665226,0.164523,3.885089,0.006577,0.006822,-0.001186,calib
46.90700,6.430000,2.430000,19.990000,0.665508,0.164568,3.895372,0.006413,0.006726,-0.001180,calib
46.95400,6.510000,2.420000,19.890000,0.692840,0.139313,3.885178,0.006893,0.006910,-0.001186,calib
46.96900,6.560000,2.410000,19.880000,0.706757,0.122522,3.874773,0.006938,0.006905,-0.001297,calib
46.98500,6.590000,2.430000,19.850000,0.700031,0.126401,3.864603,0.006800,0.007049,-0.001192,calib
47.00000,6.530000,2.420000,19.870000,0.700364,0.134837,3.874836,0.006695,0.006954,-0.001295,calib
47.00000,6.480000,2.420000,19.950000,0.700817,0.151890,3.874817,0.006650,0.006666,-0.001188,calib
47.06300,6.540000,2.410000,19.870000,0.708038,0.138706,3.864689,0.006555,0.006997,-0.001190,calib
47.07900,6.570000,2.450000,19.840000,0.714882,0.134483,3.854321,0.006690,0.007043,-0.001302,calib
47.07900,6.550000,2.440000,19.860000,0.722156,0.138651,3.854430,0.006718,0.006992,-0.001195,calib
47.09400,6.520000,2.430000,19.860000,0.714851,0.134756,3.843873,0.006692,0.006851,-0.001307,calib
47.09400,6.460000,2.410000,19.890000,0.715451,0.151193,3.833763,0.006641,0.006944,-0.001203,calib
47.15700,6.560000,2.440000,19.830000,0.729999,0.150567,3.823696,0.006634,0.007225,-0.001206,calib
47.17200,6.540000,2.420000,19.800000,0.730086,0.150495,3.792709,0.006633,0.007221,-0.001218,calib
47.18800,6.520000,2.450000,19.800000,0.722812,0.146327,3.792600,0.006604,0.007272,-0.001325,calib
47.20400,6.470000,2.420000,19.830000,0.708813,0.155000,3.792606,0.006502,0.007084,-0.001111,calib
47.20400,6.460000,2.440000,19.880000,0.694747,0.163445,3.802816,0.006398,0.007090,-0.001214,calib
47.28200,6.570000,2.400000,19.900000,0.699944,0.126473,3.895589,0.006802,0.007052,-0.001180,calib
47.29700,6.530000,2.400000,19.940000,0.685427,0.126827,3.916104,0.006807,0.006964,-0.001173,calib
47.31300,6.550000,2.400000,20.020000,0.664118,0.139794,3.946939,0.006736,0.006829,-0.001162,calib
47.32900,6.500000,2.370000,20.060000,0.656927,0.152705,3.967515,0.006828,0.006690,-0.001156,calib
47.34400,6.470000,2.360000,20.070000,0.650083,0.156928,3.977883,0.006694,0.006645,-0.001043,calib
47.40700,6.550000,2.390000,20.040000,0.655988,0.136023,4.008777,0.007043,0.006888,-0.001248,calib
47.42200,6.550000,2.370000,20.060000,0.655988,0.136023,4.008777,0.007043,0.006888,-0.001248,calib
47.43800,6.510000,2.390000,20.050000,0.656305,0.127606,3.988122,0.006818,0.006789,-0.001146,calib
47.43800,6.530000,2.390000,20.010000,0.656023,0.127560,3.977839,0.006982,0.006884,-0.001152,calib
47.45400,6.580000,2.370000,19.950000,0.662867,0.123338,3.967471,0.007117,0.006931,-0.001264,calib
47.51600,6.550000,2.420000,19.950000,0.685145,0.126781,3.905822,0.006971,0.007058,-0.001178,calib
47.54700,6.510000,2.420000,19.910000,0.699262,0.126726,3.895563,0.007134,0.007053,-0.001184,calib
47.54700,6.590000,2.410000,19.890000,0.706085,0.113841,3.895692,0.007208,0.007291,-0.001183,calib
47.56300,6.610000,2.420000,19.850000,0.713210,0.109664,3.895606,0.007178,0.007241,-0.001290,calib
47.57900,6.610000,2.410000,19.890000,0.712528,0.109917,3.895581,0.007510,0.007242,-0.001293,calib
47.64100,6.570000,2.370000,19.890000,0.705454,0.097676,3.895354,0.007260,0.007005,-0.001291,calib
47.65700,6.630000,2.370000,19.860000,0.705172,0.097631,3.885072,0.007425,0.007101,-0.001297,calib
47.67200,6.600000,2.370000,19.830000,0.705120,0.089240,3.885121,0.007366,0.007101,-0.001189,calib
47.68800,6.620000,2.370000,19.840000,0.691141,0.097614,3.864344,0.007261,0.007103,-0.001304,calib
47.70400,6.580000,2.310000,19.900000,0.691141,0.097614,3.864344,0.007261,0.007103,-0.001304,calib
47.75000,6.620000,2.360000,19.840000,0.705658,0.097260,3.843829,0.007256,0.007191,-0.001311,calib
47.76600,6.620000,2.380000,19.780000,0.705658,0.097260,3.843829,0.007256,0.007191,-0.001311,calib
47.78200,6.660000,2.400000,19.810000,0.712849,0.084348,3.823253,0.007163,0.007330,-0.001317,calib
47.79700,6.650000,2.400000,19.800000,0.712819,0.084620,3.812805,0.007165,0.007138,-0.001322,calib
47.79700,6.610000,2.390000,19.800000,0.705745,0.097188,3.812842,0.007254,0.007188,-0.001324,calib
47.86000,6.550000,2.400000,19.880000,0.699437,0.126583,3.833590,0.007131,0.007047,-0.001209,calib
47.87500,6.620000,2.360000,19.810000,0.706228,0.113969,3.823271,0.007207,0.007092,-0.001213,calib
47.89100,6.620000,2.390000,19.800000,0.706228,0.113969,3.823271,0.007207,0.007092,-0.001213,calib
47.90700,6.600000,2.340000,19.820000,0.706228,0.113969,3.823271,0.007207,0.007092,-0.001213,calib
47.90700,6.590000,2.360000,19.830000,0.699236,0.109847,3.833444,0.007014,0.007049,-0.001314,calib
47.96900,6.580000,2.360000,19.870000,0.683985,0.102063,3.853982,0.007293,0.006960,-0.001202,calib
47.98500,6.590000,2.310000,19.870000,0.683784,0.085327,3.853836,0.007175,0.006961,-0.001308,calib
48.00000,6.620000,2.320000,19.820000,0.676260,0.089804,3.864178,0.007373,0.006918,-0.001199,calib
48.00000,6.610000,2.360000,19.870000,0.676659,0.089505,3.853922,0.007205,0.007011,-0.001201,calib
48.01600,6.550000,2.290000,19.900000,0.669416,0.094027,3.874546,0.007239,0.006872,-0.001087,calib
48.07900,6.690000,2.310000,19.850000,0.682082,0.060780,3.884673,0.007665,0.006967,-0.001300,calib
48.09400,6.650000,2.320000,19.830000,0.682082,0.060780,3.884673,0.007665,0.006967,-0.001300,calib
48.11000,6.680000,2.300000,19.850000,0.674957,0.064957,3.884759,0.007695,0.007017,-0.001193,calib
48.12500,6.650000,2.300000,19.910000,0.667964,0.060835,3.894932,0.007502,0.006972,-0.001295,calib
48.14100,6.640000,2.300000,19.920000,0.667565,0.061133,3.905189,0.007670,0.006879,-0.001293,calib
48.20400,6.710000,2.350000,19.880000,0.674588,0.064984,3.905463,0.007861,0.007115,-0.001187,calib
48.21900,6.660000,2.370000,19.890000,0.675470,0.081466,3.905635,0.007646,0.007114,-0.001078,calib
48.23500,6.660000,2.340000,19.910000,0.675470,0.081466,3.905635,0.007646,0.007114,-0.001078,calib
48.25000,6.680000,2.330000,19.850000,0.682314,0.077243,3.895267,0.007780,0.007158,-0.001190,calib
48.26600,6.690000,2.350000,19.810000,0.689439,0.073066,3.895182,0.007750,0.007109,-0.001297,calib
48.31300,6.660000,2.390000,19.810000,0.719386,0.088569,3.864771,0.007523,0.007476,-0.001197,calib
48.32900,6.670000,2.380000,19.820000,0.719438,0.096960,3.864722,0.007582,0.007477,-0.001305,calib
48.34400,6.680000,2.400000,19.850000,0.734237,0.096651,3.854489,0.007413,0.007470,-0.001306,calib
48.34400,6.670000,2.380000,19.830000,0.733955,0.096606,3.844207,0.007577,0.007565,-0.001312,calib
48.36000,6.710000,2.380000,19.800000,0.741229,0.100774,3.844316,0.007606,0.007514,-0.001205,calib
48.42200,6.680000,2.400000,19.840000,0.741542,0.100547,3.865047,0.007439,0.007611,-0.001195,calib
48.43800,6.710000,2.400000,19.830000,0.741542,0.100547,3.865047,0.007439,0.007611,-0.001195,calib
48.45400,6.700000,2.360000,19.810000,0.748385,0.096324,3.854679,0.007574,0.007657,-0.001307,calib
48.46900,6.750000,2.390000,19.770000,0.748333,0.087934,3.854727,0.007515,0.007657,-0.001199,calib
48.48500,6.730000,2.390000,19.760000,0.755177,0.083711,3.844359,0.007649,0.007702,-0.001311,calib
48.54700,6.770000,2.380000,19.770000,0.754663,0.067202,3.823483,0.007699,0.007606,-0.001427,calib
48.56300,6.820000,2.390000,19.730000,0.754330,0.058766,3.813249,0.007804,0.007702,-0.001324,calib
48.57900,6.730000,2.390000,19.690000,0.754330,0.058766,3.813249,0.007804,0.007702,-0.001324,calib
48.59400,6.770000,2.370000,19.700000,0.754330,0.058766,3.813249,0.007804,0.007702,-0.001324,calib
48.61000,6.710000,2.350000,19.730000,0.747337,0.054644,3.823422,0.007611,0.007656,-0.001426,calib
48.65700,6.840000,2.360000,19.690000,0.752144,0.017437,3.833658,0.008341,0.007803,-0.001428,calib
48.67200,6.860000,2.360000,19.670000,0.752426,0.017483,3.843940,0.008177,0.007709,-0.001422,calib
48.68800,6.840000,2.360000,19.670000,0.752426,0.017483,3.843940,0.008177,0.007709,-0.001422,calib
48.70400,6.810000,2.320000,19.730000,0.737996,0.017764,3.833469,0.008180,0.007617,-0.001427,calib
48.71900,6.800000,2.330000,19.750000,0.731235,0.030106,3.854236,0.008103,0.007763,-0.001419,calib
48.76600,6.870000,2.340000,19.740000,0.744214,0.005593,3.895379,0.008427,0.007573,-0.001405,calib
48.78200,6.890000,2.340000,19.740000,0.744214,0.005593,3.895379,0.008427,0.007573,-0.001405,calib
48.79700,6.900000,2.330000,19.720000,0.729815,0.005603,3.895356,0.008428,0.007674,-0.001405,calib
48.81300,6.830000,2.280000,19.770000,0.729866,0.013993,3.895307,0.008487,0.007674,-0.001514,calib
48.82900,6.840000,2.340000,19.800000,0.723305,0.018262,3.915958,0.008188,0.007534,-0.001395,calib
48.87500,6.920000,2.350000,19.760000,0.729380,0.014364,3.936550,0.008656,0.007584,-0.001499,calib
48.89100,6.930000,2.300000,19.740000,0.736484,0.001524,3.946961,0.008565,0.007726,-0.001493,calib
48.90700,6.900000,2.310000,19.760000,0.729328,0.005974,3.936599,0.008597,0.007583,-0.001391,calib
48.92200,6.860000,2.320000,19.800000,0.729662,0.014409,3.946833,0.008492,0.007488,-0.001493,calib
48.92200,6.810000,2.310000,19.830000,0.722818,0.018632,3.957201,0.008357,0.007443,-0.001381,calib
48.98500,6.860000,2.300000,19.820000,0.708419,0.018642,3.957177,0.008359,0.007543,-0.001382,calib
49.00000,6.890000,2.290000,19.840000,0.715693,0.022810,3.957286,0.008387,0.007493,-0.001274,calib
49.01600,6.840000,2.290000,19.830000,0.722501,0.027049,3.977856,0.008582,0.007542,-0.001483,calib
49.01600,6.860000,2.320000,19.840000,0.715509,0.022927,3.988029,0.008389,0.007497,-0.001584,calib
49.03200,6.860000,2.290000,19.850000,0.707984,0.027403,3.998372,0.008587,0.007454,-0.001476,calib
49.07900,6.910000,2.260000,19.850000,0.706963,0.002602,4.029235,0.008744,0.007458,-0.001464,calib
49.09400,6.880000,2.240000,19.860000,0.706932,0.002874,4.018787,0.008747,0.007266,-0.001469,calib
49.11000,6.880000,2.250000,19.870000,0.699807,0.007051,4.018873,0.008776,0.007315,-0.001362,calib
49.12500,6.810000,2.240000,19.910000,0.693385,0.019638,4.008488,0.008535,0.007173,-0.001365,calib
49.12500,6.830000,2.270000,19.950000,0.679267,0.019693,4.018746,0.008372,0.007177,-0.001360,calib
49.18800,6.900000,2.270000,19.880000,0.700171,0.015215,4.039554,0.008669,0.007413,-0.001460,calib
49.20400,6.870000,2.270000,19.880000,0.700171,0.015215,4.039554,0.008669,0.007413,-0.001460,calib
49.21900,6.890000,2.250000,19.890000,0.693297,0.019710,4.039474,0.008536,0.007175,-0.001352,calib
49.21900,6.830000,2.240000,19.960000,0.679381,0.036501,4.049879,0.008491,0.007179,-0.001242,calib
49.23500,6.750000,2.230000,20.010000,0.665315,0.044946,4.060089,0.008387,0.007186,-0.001345,calib
49.28200,6.840000,2.240000,20.020000,0.649978,0.037234,4.111614,0.008666,0.007101,-0.001221,calib
49.29700,6.850000,2.220000,20.040000,0.649890,0.037306,4.142601,0.008668,0.007103,-0.001208,calib
49.31300,6.800000,2.230000,20.070000,0.649890,0.037306,4.142601,0.008668,0.007103,-0.001208,calib
49.32900,6.780000,2.240000,20.110000,0.642730,0.049946,4.173624,0.008758,0.007156,-0.001198,calib
49.34400,6.750000,2.220000,20.170000,0.635851,0.062631,4.214930,0.008684,0.007114,-0.001181,calib
49.39100,6.810000,2.350000,20.290000,0.686571,0.082724,4.360046,0.008656,0.007446,-0.001227,calib
49.40700,6.850000,2.350000,20.350000,0.686254,0.091141,4.380702,0.008881,0.007545,-0.001329,calib
49.42200,6.800000,2.380000,20.380000,0.693322,0.086763,4.422050,0.008850,0.007690,-0.001418,calib
49.43800,6.830000,2.350000,20.390000,0.686162,0.099403,4.453074,0.008940,0.007743,-0.001408,calib
49.43800,6.780000,2.330000,20.500000,0.679135,0.112704,4.504471,0.008871,0.007320,-0.001388,calib
49.50000,6.810000,2.300000,20.720000,0.642228,0.118175,4.679790,0.009085,0.007111,-0.001216,calib
49.50000,6.830000,2.300000,20.790000,0.656571,0.117965,4.721248,0.009082,0.007206,-0.001198,calib
49.51600,6.820000,2.310000,20.760000,0.663379,0.122204,4.741818,0.009277,0.007255,-0.001406,calib
49.53200,6.800000,2.310000,20.830000,0.677440,0.121949,4.772993,0.009439,0.007445,-0.001394,calib
49.54700,6.830000,2.310000,20.790000,0.692152,0.121713,4.793747,0.009271,0.007441,-0.001383,calib
49.59400,6.770000,2.380000,20.870000,0.722481,0.171194,4.825193,0.009119,0.007528,-0.001369,calib
49.61000,6.760000,2.400000,20.900000,0.730571,0.191617,4.835678,0.008931,0.007669,-0.001470,calib
49.62500,6.730000,2.430000,20.920000,0.737897,0.204175,4.835739,0.009018,0.007618,-0.001471,calib
49.64100,6.730000,2.450000,20.930000,0.745484,0.208117,4.856578,0.008880,0.007664,-0.001353,calib
49.65700,6.700000,2.440000,20.930000,0.759914,0.207835,4.867050,0.008876,0.007756,-0.001348,calib
49.70400,6.720000,2.450000,20.970000,0.759566,0.216524,4.877257,0.009103,0.007663,-0.001454,calib
49.71900,6.720000,2.430000,21.000000,0.752723,0.220747,4.887625,0.008969,0.007617,-0.001342,calib
49.73500,6.690000,2.400000,21.020000,0.738657,0.229192,4.897835,0.008864,0.007624,-0.001445,calib
49.75000,6.660000,2.420000,21.030000,0.738657,0.229192,4.897835,0.008864,0.007624,-0.001445,calib
49.75000,6.670000,2.400000,21.030000,0.738205,0.221100,4.908141,0.008973,0.007528,-0.001335,calib
49.81300,6.820000,2.430000,21.030000,0.743746,0.192031,4.918354,0.009430,0.007674,-0.001442,calib
49.82900,6.750000,2.390000,21.050000,0.744079,0.200467,4.928587,0.009324,0.007579,-0.001544,calib
49.84400,6.730000,2.380000,21.080000,0.736837,0.204988,4.949212,0.009358,0.007441,-0.001430,calib
49.84400,6.690000,2.400000,21.100000,0.722719,0.205043,4.959470,0.009195,0.007445,-0.001425,calib
49.86000,6.750000,2.380000,21.100000,0.721986,0.196906,4.959493,0.009468,0.007446,-0.001320,calib
49.90700,6.810000,2.360000,21.090000,0.742203,0.176063,5.021398,0.009817,0.007592,-0.001512,calib
49.92200,6.800000,2.400000,21.140000,0.742203,0.176063,5.021398,0.009817,0.007592,-0.001512,calib
49.95400,6.770000,2.390000,21.180000,0.734960,0.180584,5.042022,0.009850,0.007452,-0.001397,calib
49.96900,6.790000,2.400000,21.140000,0.734991,0.180312,5.052470,0.009848,0.007644,-0.001393,calib
49.98500,6.830000,2.430000,21.120000,0.748657,0.172165,5.052516,0.010120,0.007545,-0.001287,calib
50.04700,6.770000,2.430000,21.300000,0.756891,0.209124,5.104583,0.010048,0.007881,-0.001266,calib
50.06300,6.750000,2.450000,21.280000,0.756405,0.209495,5.145826,0.010218,0.007789,-0.001252,calib
50.07900,6.870000,2.410000,21.250000,0.763110,0.196953,5.166493,0.010294,0.007837,-0.001243,calib
50.09400,6.900000,2.460000,21.230000,0.769532,0.184367,5.176878,0.010536,0.007981,-0.001240,calib
50.11000,6.920000,2.440000,21.250000,0.776354,0.171481,5.177006,0.010609,0.008219,-0.001240,calib
50.17200,6.960000,2.430000,21.300000,0.767691,0.151500,5.238750,0.010968,0.007990,-0.001112,calib
50.18800,6.940000,2.400000,21.290000,0.760017,0.147631,5.248898,0.011108,0.007947,-0.001217,calib
50.18800,6.970000,2.410000,21.330000,0.759965,0.139241,5.248946,0.011049,0.007947,-0.001109,calib
50.20400,6.950000,2.390000,21.320000,0.745535,0.139522,5.238475,0.011053,0.007855,-0.001114,calib
50.21900,6.940000,2.360000,21.370000,0.745869,0.147958,5.248709,0.010947,0.007761,-0.001217,calib
50.28200,7.020000,2.390000,21.270000,0.759319,0.131032,5.217983,0.011321,0.007945,-0.001017,calib
50.29700,6.970000,2.380000,21.260000,0.759719,0.130733,5.207726,0.011153,0.008038,-0.001019,calib
50.31300,6.910000,2.390000,21.300000,0.752865,0.134929,5.186864,0.011018,0.007992,-0.001241,calib
50.31300,6.930000,2.360000,21.280000,0.738918,0.151992,5.186821,0.010974,0.007803,-0.001135,calib
50.32900,6.870000,2.380000,21.300000,0.731762,0.156441,5.176459,0.011006,0.007661,-0.001033,calib
50.39100,6.920000,2.350000,21.270000,0.725123,0.160249,5.135302,0.010867,0.007801,-0.000941,calib
50.40700,6.940000,2.390000,21.260000,0.739544,0.168901,5.124829,0.010926,0.007509,-0.001054,calib
50.40700,6.920000,2.390000,21.240000,0.732819,0.172780,5.114658,0.010789,0.007652,-0.000949,calib
50.42200,6.930000,2.390000,21.230000,0.733239,0.181144,5.093905,0.010682,0.007554,-0.001064,calib
50.43800,6.800000,2.380000,21.300000,0.726847,0.193459,5.093968,0.010438,0.007604,-0.001062,calib
50.50000,6.900000,2.370000,21.290000,0.726986,0.201777,5.062933,0.010496,0.007600,-0.001183,calib
50.51600,6.880000,2.340000,21.230000,0.719778,0.197837,5.052619,0.010469,0.007457,-0.000972,calib
50.53200,6.850000,2.350000,21.310000,0.720481,0.206246,5.042148,0.010197,0.007264,-0.001082,calib
50.54700,6.800000,2.310000,21.290000,0.706512,0.214646,5.052602,0.010093,0.007268,-0.000863,calib
50.54700,6.760000,2.350000,21.370000,0.692134,0.223318,5.042082,0.010155,0.007177,-0.000976,calib
50.62500,6.890000,2.380000,21.220000,0.720516,0.197783,5.011210,0.010137,0.007261,-0.000986,calib
50.64100,6.850000,2.350000,21.230000,0.720516,0.197783,5.011210,0.010137,0.007261,-0.000986,calib
50.64100,6.800000,2.350000,21.300000,0.713725,0.210397,5.021530,0.010062,0.007216,-0.000982,calib
50.65700,6.790000,2.330000,21.350000,0.706450,0.206229,5.021421,0.010033,0.007266,-0.001089,calib
50.67200,6.760000,2.330000,21.310000,0.705999,0.198137,5.031726,0.010142,0.007173,-0.000979,calib
50.71900,6.870000,2.360000,21.200000,0.720402,0.180976,4.980078,0.010019,0.007258,-0.001103,calib
50.75000,6.790000,2.340000,21.270000,0.713611,0.193589,4.990397,0.009943,0.007213,-0.001099,calib
50.75000,6.790000,2.330000,21.280000,0.713211,0.193888,5.000653,0.010111,0.007119,-0.001098,calib
50.76600,6.820000,2.340000,21.280000,0.712878,0.185452,4.990420,0.010217,0.007214,-0.000995,calib
50.78200,6.880000,2.360000,21.260000,0.719752,0.180957,4.990500,0.010349,0.007452,-0.001103,calib
50.82900,6.910000,2.330000,21.180000,0.725978,0.143444,4.959353,0.010415,0.007402,-0.001114,calib
50.86000,6.870000,2.310000,21.230000,0.726030,0.151835,4.959304,0.010474,0.007402,-0.001223,calib
50.87500,6.840000,2.310000,21.200000,0.733304,0.156002,4.959413,0.010502,0.007350,-0.001115,calib
50.87500,6.910000,2.320000,21.230000,0.740009,0.143461,4.980080,0.010579,0.007398,-0.001107,calib
50.89100,6.930000,2.330000,21.140000,0.746883,0.138966,4.980160,0.010712,0.007637,-0.001215,calib
50.93800,6.970000,2.360000,21.160000,0.775999,0.146377,4.949529,0.010758,0.008006,-0.001332,calib
50.96900,6.930000,2.370000,21.200000,0.784007,0.158682,4.949615,0.010513,0.007954,-0.001330,calib
50.96900,6.890000,2.380000,21.220000,0.784340,0.167118,4.959849,0.010408,0.007860,-0.001432,calib
50.98500,6.920000,2.410000,21.160000,0.791333,0.171241,4.949676,0.010601,0.007905,-0.001331,calib
51.00000,6.990000,2.400000,21.120000,0.805280,0.154178,4.949719,0.010644,0.008092,-0.001437,calib
51.06300,6.910000,2.380000,21.140000,0.798524,0.158329,4.929100,0.010508,0.008044,-0.001337,calib
51.07900,6.910000,2.370000,21.220000,0.784459,0.175736,4.949596,0.010468,0.007666,-0.001223,calib
51.07900,6.880000,2.380000,21.210000,0.770393,0.184181,4.959806,0.010364,0.007672,-0.001327,calib
51.09400,6.890000,2.360000,21.200000,0.769972,0.175817,4.980559,0.010471,0.007770,-0.001212,calib
51.11000,6.950000,2.340000,21.160000,0.776816,0.171594,4.970191,0.010606,0.007815,-0.001324,calib
51.15700,6.920000,2.360000,21.230000,0.762334,0.163486,4.959768,0.010550,0.007723,-0.001221,calib
51.17200,6.890000,2.320000,21.210000,0.755542,0.176099,4.970088,0.010475,0.007678,-0.001217,calib
51.18800,6.880000,2.320000,21.260000,0.748351,0.189011,4.990664,0.010567,0.007539,-0.001211,calib
51.20400,6.900000,2.320000,21.240000,0.748330,0.180348,5.001160,0.010506,0.007731,-0.001098,calib
51.20400,6.980000,2.350000,21.220000,0.762247,0.163557,4.990755,0.010552,0.007726,-0.001208,calib
51.26600,6.930000,2.350000,21.140000,0.768756,0.150899,4.970153,0.010792,0.007867,-0.001218,calib
51.28200,6.900000,2.350000,21.230000,0.762334,0.163486,4.959768,0.010550,0.007723,-0.001221,calib
51.28200,6.850000,2.330000,21.270000,0.762667,0.171921,4.970002,0.010445,0.007628,-0.001323,calib
51.29700,6.880000,2.320000,21.260000,0.755143,0.176397,4.980344,0.010643,0.007584,-0.001215,calib
51.31300,6.900000,2.340000,21.240000,0.762216,0.163829,4.980307,0.010554,0.007534,-0.001213,calib
51.36000,6.940000,2.320000,21.130000,0.761517,0.138269,4.939106,0.010703,0.007914,-0.001229,calib
51.37500,6.930000,2.290000,21.190000,0.754296,0.151453,4.949234,0.010798,0.007583,-0.001228,calib
51.39100,6.910000,2.280000,21.190000,0.740265,0.151436,4.928506,0.010633,0.007585,-0.001236,calib
51.40700,6.910000,2.260000,21.170000,0.740213,0.143045,4.928555,0.010574,0.007584,-0.001127,calib
51.42200,6.900000,2.260000,21.200000,0.725783,0.143327,4.918084,0.010578,0.007493,-0.001132,calib
51.46900,6.790000,2.260000,21.140000,0.691386,0.155808,4.835257,0.010007,0.007350,-0.001162,calib
51.48500,6.840000,2.240000,21.120000,0.691356,0.156080,4.824809,0.010009,0.007158,-0.001167,calib
51.50000,6.780000,2.210000,21.150000,0.691725,0.156053,4.804104,0.009843,0.007060,-0.001173,calib
51.50000,6.810000,2.250000,21.130000,0.684599,0.160231,4.804190,0.009873,0.007110,-0.001067,calib
51.51600,6.770000,2.230000,21.110000,0.677843,0.164382,4.783571,0.009737,0.007062,-0.000967,calib
51.56300,6.770000,2.240000,21.050000,0.686142,0.176199,4.701146,0.009486,0.007192,-0.000997,calib
51.57900,6.800000,2.260000,21.040000,0.693268,0.172022,4.701060,0.009456,0.007142,-0.001103,calib
51.59400,6.790000,2.280000,21.040000,0.693016,0.171704,4.701226,0.009619,0.007430,-0.001104,calib
51.61000,6.800000,2.280000,21.010000,0.692617,0.172003,4.711482,0.009787,0.007336,-0.001102,calib
51.62500,6.830000,2.270000,21.010000,0.699777,0.159363,4.680459,0.009696,0.007284,-0.001113,calib
51.67200,6.830000,2.300000,21.060000,0.721564,0.171368,4.701438,0.009778,0.007516,-0.001104,calib
51.68800,6.870000,2.280000,21.090000,0.728269,0.158826,4.722106,0.009855,0.007565,-0.001096,calib
51.70400,6.860000,2.310000,21.070000,0.735142,0.154332,4.722186,0.009987,0.007802,-0.001203,calib
51.71900,6.860000,2.280000,21.070000,0.756216,0.142052,4.732428,0.010065,0.007558,-0.001199,calib
51.71900,6.900000,2.320000,20.990000,0.763038,0.129167,4.732557,0.010138,0.007795,-0.001198,calib
51.76600,6.810000,2.290000,21.100000,0.734337,0.138310,4.783821,0.010043,0.007523,-0.001287,calib
51.79700,6.880000,2.260000,21.140000,0.734567,0.129965,4.794152,0.009819,0.007428,-0.001173,calib
51.79700,6.870000,2.270000,21.110000,0.734199,0.129991,4.814856,0.009985,0.007526,-0.001166,calib
51.81300,6.920000,2.280000,21.070000,0.740990,0.117378,4.804537,0.010061,0.007571,-0.001170,calib
51.82900,6.930000,2.270000,21.060000,0.740339,0.117359,4.814959,0.010391,0.007765,-0.001169,calib
51.86000,6.860000,2.290000,21.180000,0.727372,0.151067,4.856114,0.009970,0.007484,-0.001258,calib
51.87500,6.860000,2.260000,21.200000,0.734247,0.155534,4.866479,0.010166,0.007340,-0.001149,calib
51.89100,6.910000,2.290000,21.170000,0.741402,0.151084,4.876841,0.010134,0.007482,-0.001251,calib
51.90700,6.940000,2.320000,21.190000,0.748194,0.138471,4.866522,0.010210,0.007527,-0.001255,calib
51.92200,6.980000,2.340000,21.130000,0.755068,0.133976,4.866602,0.010342,0.007765,-0.001362,calib
51.96900,6.880000,2.350000,21.170000,0.756832,0.166941,4.866946,0.009912,0.007761,-0.001144,calib
51.98500,6.840000,2.360000,21.240000,0.764440,0.179544,4.877289,0.009835,0.007615,-0.001139,calib
52.00000,6.900000,2.350000,21.180000,0.771284,0.175322,4.866921,0.009969,0.007661,-0.001252,calib
52.01600,6.930000,2.390000,21.140000,0.777758,0.171125,4.877257,0.010269,0.007805,-0.001357,calib
52.01600,6.920000,2.360000,21.120000,0.784550,0.158512,4.866938,0.010345,0.007850,-0.001361,calib
52.07900,6.940000,2.350000,21.130000,0.777880,0.162591,4.815333,0.010208,0.007798,-0.001274,calib
52.09400,6.860000,2.290000,21.140000,0.771437,0.166515,4.815444,0.009905,0.007846,-0.001163,calib
52.09400,6.860000,2.370000,21.130000,0.757006,0.166797,4.804973,0.009909,0.007755,-0.001169,calib
52.11000,6.890000,2.320000,21.130000,0.757006,0.166797,4.804973,0.009909,0.007755,-0.001169,calib
52.12500,6.900000,2.350000,21.100000,0.764132,0.162620,4.804887,0.009879,0.007705,-0.001275,calib
52.17200,6.880000,2.330000,21.100000,0.764197,0.153885,4.784397,0.009817,0.007895,-0.001175,calib
52.18800,6.900000,2.320000,21.090000,0.763798,0.154184,4.794653,0.009985,0.007800,-0.001173,calib
52.20400,6.920000,2.330000,21.100000,0.763798,0.154184,4.794653,0.009985,0.007800,-0.001173,calib
52.21900,6.960000,2.300000,21.070000,0.756441,0.141898,4.784145,0.009900,0.007658,-0.001176,calib
52.21900,6.930000,2.340000,21.060000,0.748917,0.146374,4.794487,0.010097,0.007614,-0.001068,calib
52.26600,6.910000,2.270000,21.130000,0.705991,0.155383,4.783755,0.010001,0.007436,-0.001182,calib
52.28200,6.900000,2.250000,21.170000,0.705969,0.146720,4.794251,0.009940,0.007628,-0.001068,calib
52.29700,6.940000,2.300000,21.140000,0.705969,0.146720,4.794251,0.009940,0.007628,-0.001068,calib
52.31300,6.930000,2.280000,21.130000,0.705421,0.138673,4.804313,0.010049,0.007535,-0.001280,calib
52.32900,6.980000,2.260000,21.100000,0.705087,0.130238,4.794079,0.010155,0.007630,-0.001178,calib
52.36000,6.900000,2.180000,21.090000,0.669701,0.126607,4.762849,0.009803,0.007302,-0.000974,calib
52.37500,6.860000,2.220000,21.150000,0.670034,0.135043,4.773082,0.009697,0.007207,-0.001077,calib
52.39100,6.810000,2.240000,21.200000,0.663191,0.139265,4.783450,0.009563,0.007162,-0.000964,calib
52.40700,6.880000,2.250000,21.210000,0.656087,0.152105,4.773040,0.009654,0.007019,-0.000971,calib
52.40700,6.830000,2.210000,21.130000,0.656538,0.160197,4.762735,0.009545,0.007114,-0.001081,calib
52.46900,6.860000,2.300000,21.100000,0.693211,0.171822,4.742495,0.009456,0.007338,-0.001086,calib
52.48500,6.870000,2.320000,21.100000,0.707641,0.171540,4.752966,0.009452,0.007429,-0.001081,calib
52.48500,6.900000,2.290000,21.140000,0.706960,0.171793,4.752940,0.009784,0.007431,-0.001085,calib
52.50000,6.890000,2.300000,21.140000,0.713664,0.159252,4.773607,0.009861,0.007480,-0.001076,calib
52.51600,6.920000,2.290000,21.140000,0.706420,0.154812,4.783946,0.009831,0.007722,-0.001179,calib
52.56300,6.920000,2.300000,21.170000,0.728459,0.167134,4.804760,0.009750,0.007668,-0.001169,calib
52.57900,6.890000,2.340000,21.160000,0.728059,0.167432,4.815017,0.009918,0.007574,-0.001167,calib
52.59400,6.890000,2.330000,21.150000,0.734903,0.163210,4.804649,0.010052,0.007620,-0.001279,calib
52.61000,6.960000,2.320000,21.120000,0.735250,0.154521,4.794441,0.009825,0.007713,-0.001173,calib
52.62500,6.950000,2.310000,21.140000,0.735250,0.154521,4.794441,0.009825,0.007713,-0.001173,calib
52.65700,6.890000,2.350000,21.190000,0.715331,0.192262,4.773708,0.009431,0.007476,-0.001180,calib
52.68800,6.850000,2.280000,21.140000,0.722606,0.196430,4.773817,0.009460,0.007426,-0.001073,calib
52.70400,6.860000,2.350000,21.140000,0.737153,0.195804,4.763750,0.009453,0.007706,-0.001075,calib
52.70400,6.900000,2.410000,21.100000,0.743997,0.191581,4.753382,0.009587,0.007752,-0.001187,calib
52.71900,6.930000,2.370000,21.110000,0.757944,0.174519,4.753425,0.009631,0.007940,-0.001293,calib
52.76600,6.920000,2.350000,21.130000,0.751153,0.187132,4.763744,0.009555,0.007895,-0.001289,calib
52.79700,6.920000,2.350000,21.190000,0.751302,0.195477,4.763939,0.009614,0.007893,-0.001076,calib
52.79700,6.890000,2.340000,21.130000,0.750753,0.187430,4.774000,0.009723,0.007801,-0.001287,calib
52.81300,6.930000,2.360000,21.150000,0.750732,0.178768,4.784497,0.009662,0.007992,-0.001174,calib
52.82900,7.020000,2.350000,21.040000,0.757523,0.166155,4.774178,0.009738,0.008038,-0.001178,calib
52.87500,6.960000,2.310000,21.070000,0.742781,0.166663,4.742976,0.009908,0.007849,-0.001194,calib
52.89100,6.940000,2.290000,21.090000,0.728233,0.167289,4.753044,0.009915,0.007568,-0.001192,calib
52.90700,6.940000,2.270000,21.110000,0.713782,0.158908,4.753069,0.009858,0.007668,-0.001084,calib
52.92200,6.960000,2.280000,21.040000,0.714181,0.158609,4.742812,0.009690,0.007762,-0.001086,calib
52.92200,6.950000,2.300000,21.060000,0.713782,0.158908,4.753069,0.009858,0.007668,-0.001084,calib
52.98500,6.960000,2.270000,21.030000,0.713269,0.142399,4.732192,0.009907,0.007572,-0.001200,calib
53.00000,6.990000,2.260000,21.050000,0.705595,0.138530,4.742340,0.010047,0.007529,-0.001305,calib
53.01600,7.030000,2.260000,21.040000,0.705261,0.130094,4.732106,0.010152,0.007624,-0.001203,calib
53.01600,7.010000,2.270000,21.010000,0.712504,0.125572,4.711482,0.010119,0.007763,-0.001317,calib
53.03200,7.010000,2.250000,21.000000,0.705348,0.130022,4.701120,0.010151,0.007621,-0.001215,calib
53.07900,6.990000,2.250000,21.040000,0.705748,0.129723,4.690863,0.009983,0.007715,-0.001217,calib
53.09400,7.020000,2.260000,21.000000,0.712873,0.125546,4.690777,0.009953,0.007665,-0.001323,calib
53.11000,7.040000,2.240000,20.970000,0.712170,0.117137,4.701248,0.010224,0.007858,-0.001214,calib
53.12500,7.040000,2.230000,20.960000,0.719244,0.104569,4.701211,0.010136,0.007808,-0.001212,calib
53.12500,7.080000,2.260000,20.950000,0.725636,0.092254,4.701148,0.010379,0.007759,-0.001215,calib
53.18800,7.090000,2.240000,20.990000,0.725517,0.083637,4.711401,0.010319,0.007954,-0.001424,calib
53.20400,7.070000,2.250000,20.990000,0.732340,0.079713,4.721815,0.010456,0.007807,-0.001206,calib
53.21900,7.120000,2.250000,20.940000,0.739214,0.075218,4.721895,0.010588,0.008045,-0.001314,calib
53.21900,7.130000,2.290000,20.940000,0.746318,0.062378,4.732306,0.010497,0.008188,-0.001307,calib
53.23500,7.170000,2.250000,20.940000,0.752762,0.058453,4.732195,0.010800,0.008139,-0.001418,calib
53.29700,7.200000,2.240000,21.010000,0.744181,0.046591,4.804338,0.011215,0.008103,-0.001394,calib
53.31300,7.210000,2.250000,20.960000,0.743812,0.046617,4.825042,0.011381,0.008202,-0.001387,calib
53.31300,7.210000,2.250000,20.980000,0.736687,0.050795,4.825128,0.011411,0.008252,-0.001280,calib
53.32900,7.220000,2.260000,20.980000,0.736318,0.050821,4.845832,0.011577,0.008349,-0.001274,calib
53.34400,7.250000,2.230000,20.980000,0.743443,0.046644,4.845747,0.011547,0.008300,-0.001380,calib
53.39100,7.250000,2.220000,21.030000,0.728619,0.055441,4.918148,0.011777,0.008311,-0.001140,calib
53.40700,7.250000,2.240000,21.050000,0.728650,0.055169,4.928596,0.011775,0.008503,-0.001136,calib
53.42200,7.260000,2.250000,21.060000,0.728251,0.055468,4.938852,0.011943,0.008410,-0.001134,calib
53.43800,7.290000,2.220000,21.020000,0.728164,0.055540,4.969839,0.011945,0.008413,-0.001121,calib
53.45400,7.280000,2.200000,21.090000,0.721003,0.068180,5.000862,0.012035,0.008467,-0.001111,calib
53.48500,7.330000,2.230000,21.190000,0.727129,0.064271,5.135145,0.012340,0.008622,-0.001167,calib
53.50000,7.380000,2.240000,21.200000,0.727129,0.064271,5.135145,0.012340,0.008622,-0.001167,calib
53.51600,7.370000,2.230000,21.240000,0.734286,0.068783,5.155793,0.012372,0.008382,-0.001052,calib
53.53200,7.340000,2.240000,21.210000,0.726976,0.073077,5.186622,0.012404,0.008437,-0.001255,calib
53.54700,7.350000,2.230000,21.250000,0.726889,0.073149,5.217608,0.012405,0.008441,-0.001242,calib
53.59400,7.350000,2.260000,21.360000,0.734836,0.102405,5.310800,0.012281,0.008396,-0.001097,calib
53.61000,7.370000,2.260000,21.380000,0.734749,0.102477,5.341787,0.012283,0.008399,-0.001084,calib
53.62500,7.380000,2.270000,21.390000,0.741905,0.098028,5.352149,0.012251,0.008542,-0.001186,calib
53.64100,7.400000,2.270000,21.400000,0.734432,0.110894,5.362443,0.012507,0.008498,-0.001186,calib
53.64100,7.360000,2.280000,21.470000,0.742019,0.114835,5.383282,0.012369,0.008545,-0.001069,calib
53.70400,7.380000,2.270000,21.510000,0.741493,0.131858,5.496849,0.012657,0.008653,-0.001241,calib
53.71900,7.400000,2.280000,21.540000,0.749049,0.136071,5.507240,0.012521,0.008507,-0.001128,calib
53.73500,7.390000,2.270000,21.630000,0.741975,0.148639,5.507277,0.012609,0.008557,-0.001130,calib
53.75000,7.340000,2.230000,21.600000,0.728191,0.157130,5.527770,0.012341,0.008467,-0.001228,calib
53.76600,7.310000,2.280000,21.620000,0.735778,0.161071,5.548609,0.012203,0.008514,-0.001110,calib
53.82900,7.340000,2.300000,21.620000,0.757903,0.173321,5.538437,0.012121,0.008457,-0.001112,calib
53.84400,7.360000,2.270000,21.650000,0.758237,0.181757,5.548670,0.012015,0.008363,-0.001215,calib
53.86000,7.320000,2.270000,21.710000,0.758668,0.190148,5.559147,0.011909,0.008266,-0.000995,calib
53.86000,7.250000,2.310000,21.720000,0.759001,0.198583,5.569381,0.011803,0.008170,-0.001098,calib
53.87500,7.300000,2.300000,21.720000,0.759401,0.198285,5.559124,0.011636,0.008264,-0.001100,calib
53.93800,7.330000,2.340000,21.670000,0.780956,0.193826,5.569510,0.011602,0.008306,-0.001201,calib
53.95400,7.320000,2.310000,21.730000,0.781038,0.201944,5.579909,0.011659,0.008500,-0.001305,calib
53.96900,7.320000,2.300000,21.730000,0.788282,0.206384,5.569571,0.011689,0.008256,-0.001202,calib
53.96900,7.340000,2.330000,21.700000,0.795786,0.193245,5.569725,0.011430,0.008493,-0.001198,calib
53.98500,7.330000,2.300000,21.710000,0.795104,0.193499,5.569699,0.011763,0.008493,-0.001202,calib
54.04700,7.320000,2.380000,21.770000,0.810037,0.209699,5.569817,0.011709,0.008680,-0.001415,calib
54.06300,7.300000,2.370000,21.770000,0.816861,0.205775,5.580231,0.011846,0.008535,-0.001197,calib
54.07900,7.350000,2.350000,21.720000,0.824016,0.201326,5.590593,0.011814,0.008677,-0.001299,calib
54.09400,7.420000,2.370000,21.700000,0.837964,0.184263,5.590636,0.011858,0.008866,-0.001405,calib
54.11000,7.470000,2.370000,21.660000,0.851712,0.184234,5.601082,0.012187,0.008958,-0.001404,calib
54.17200,7.440000,2.350000,21.750000,0.836622,0.185030,5.693826,0.012362,0.008783,-0.001370,calib
54.18800,7.430000,2.330000,21.770000,0.822222,0.185040,5.693803,0.012364,0.008882,-0.001370,calib
54.20400,7.380000,2.290000,21.810000,0.815282,0.198269,5.714213,0.012293,0.008457,-0.001363,calib
54.21900,7.380000,2.280000,21.860000,0.794040,0.202502,5.724558,0.012161,0.008511,-0.001252,calib
54.23500,7.330000,2.290000,21.880000,0.786849,0.215413,5.745133,0.012253,0.008372,-0.001246,calib
54.29700,7.470000,2.300000,21.860000,0.813371,0.182327,5.837962,0.012846,0.008472,-0.001427,calib
54.31300,7.430000,2.270000,21.900000,0.813371,0.182327,5.837962,0.012846,0.008472,-0.001427,calib
54.32900,7.400000,2.300000,21.930000,0.799454,0.199118,5.848367,0.012801,0.008476,-0.001316,calib
54.34400,7.350000,2.270000,21.980000,0.792914,0.212049,5.858520,0.012563,0.008144,-0.001311,calib
54.34400,7.350000,2.310000,22.030000,0.779027,0.228568,5.879373,0.012515,0.008340,-0.001196,calib
54.40700,7.450000,2.300000,22.050000,0.799127,0.208068,5.961817,0.012867,0.008297,-0.001380,calib
54.42200,7.460000,2.280000,22.080000,0.791654,0.220935,5.972110,0.013123,0.008254,-0.001380,calib
54.43800,7.390000,2.270000,22.100000,0.791567,0.221006,6.003097,0.013125,0.008256,-0.001367,calib
54.45400,7.430000,2.280000,22.160000,0.777050,0.221360,6.023612,0.013130,0.008167,-0.001360,calib
54.46900,7.410000,2.290000,22.170000,0.769755,0.217491,6.044285,0.013104,0.008027,-0.001137,calib
54.51600,7.400000,2.270000,22.230000,0.754890,0.226534,6.075008,0.013336,0.007846,-0.001237,calib
54.53200,7.360000,2.250000,22.240000,0.740373,0.226887,6.095523,0.013341,0.007757,-0.001230,calib
54.54700,7.370000,2.200000,22.210000,0.747648,0.231055,6.095632,0.013369,0.007706,-0.001122,calib
54.56300,7.410000,2.260000,22.230000,0.747648,0.231055,6.095632,0.013369,0.007706,-0.001122,calib
54.57900,7.370000,2.220000,22.220000,0.740974,0.243324,6.085413,0.013290,0.007850,-0.001126,calib
54.62500,7.370000,2.260000,22.190000,0.741061,0.243253,6.054426,0.013289,0.007848,-0.001138,calib
54.64100,7.360000,2.230000,22.210000,0.740661,0.243551,6.064683,0.013457,0.007753,-0.001137,calib
54.65700,7.400000,2.240000,22.230000,0.741343,0.243298,6.064709,0.013125,0.007752,-0.001133,calib
54.67200,7.370000,2.250000,22.230000,0.734269,0.255866,6.064746,0.013213,0.007802,-0.001134,calib
54.68800,7.360000,2.190000,22.250000,0.734187,0.247747,6.054346,0.013157,0.007609,-0.001031,calib
54.73500,7.360000,2.240000,22.220000,0.748786,0.255512,6.044231,0.013208,0.007890,-0.001142,calib
54.75000,7.360000,2.230000,22.240000,0.756061,0.259680,6.044340,0.013237,0.007839,-0.001034,calib
54.76600,7.380000,2.220000,22.260000,0.763186,0.255503,6.044254,0.013207,0.007790,-0.001141,calib
54.78200,7.420000,2.250000,22.230000,0.769978,0.242889,6.033935,0.013282,0.007836,-0.001145,calib
54.79700,7.420000,2.250000,22.200000,0.769578,0.243188,6.044191,0.013450,0.007741,-0.001143,calib
54.84400,7.320000,2.230000,22.310000,0.756030,0.259952,6.033892,0.013239,0.007647,-0.001039,calib
54.86000,7.390000,2.250000,22.240000,0.763155,0.255775,6.033806,0.013209,0.007598,-0.001146,calib
54.87500,7.410000,2.250000,22.190000,0.769696,0.242844,6.023652,0.013447,0.007931,-0.001151,calib
54.89100,7.500000,2.250000,22.150000,0.783762,0.234399,6.013442,0.013551,0.007926,-0.001048,calib
54.89100,7.480000,2.260000,22.140000,0.791256,0.230195,5.992652,0.013355,0.007777,-0.001161,calib
54.96900,7.500000,2.220000,22.160000,0.784582,0.242464,5.982433,0.013276,0.007921,-0.001165,calib
54.98500,7.500000,2.250000,22.160000,0.791404,0.229579,5.982561,0.013350,0.008158,-0.001164,calib
55.00000,7.550000,2.270000,22.110000,0.805522,0.229524,5.972303,0.013513,0.008153,-0.001169,calib
55.01600,7.530000,2.270000,22.120000,0.812365,0.225301,5.961935,0.013647,0.008198,-0.001282,calib
55.01600,7.520000,2.270000,22.090000,0.805491,0.229796,5.961855,0.013515,0.007961,-0.001174,calib
55.09400,7.430000,2.230000,22.060000,0.806218,0.220547,5.838148,0.013281,0.008234,-0.001112,calib
55.11000,7.500000,2.260000,22.010000,0.806586,0.220521,5.817444,0.013115,0.008136,-0.001119,calib
55.12500,7.450000,2.250000,21.960000,0.814281,0.233052,5.796800,0.013036,0.007987,-0.001127,calib
55.12500,7.430000,2.270000,22.040000,0.814681,0.232754,5.786544,0.012868,0.008082,-0.001129,calib
55.14100,7.440000,2.300000,22.020000,0.807695,0.245250,5.755594,0.012956,0.008129,-0.001143,calib
55.20400,7.510000,2.220000,22.010000,0.799969,0.232990,5.765790,0.013036,0.008084,-0.001140,calib
55.21900,7.480000,2.220000,22.020000,0.799851,0.233334,5.786329,0.013040,0.007895,-0.001132,calib
55.23500,7.450000,2.210000,22.100000,0.792757,0.237240,5.796862,0.013068,0.008137,-0.001021,calib
55.23500,7.450000,2.240000,22.060000,0.792809,0.245630,5.796814,0.013127,0.008137,-0.001129,calib
55.25000,7.440000,2.200000,22.060000,0.792639,0.237583,5.817401,0.013071,0.007948,-0.001013,calib
55.31300,7.490000,2.210000,22.040000,0.784566,0.234013,5.837805,0.013379,0.007811,-0.001117,calib
55.32900,7.450000,2.200000,22.070000,0.770448,0.234068,5.848064,0.013216,0.007816,-0.001111,calib
55.32900,7.460000,2.160000,22.110000,0.763292,0.238517,5.837702,0.013248,0.007673,-0.001010,calib
55.34400,7.410000,2.140000,22.130000,0.749175,0.238572,5.847960,0.013085,0.007679,-0.001004,calib
55.36000,7.470000,2.170000,22.100000,0.748806,0.238599,5.868665,0.013251,0.007777,-0.000998,calib
55.40700,7.570000,2.170000,22.050000,0.768464,0.209475,5.868619,0.013870,0.007917,-0.001110,calib
55.42200,7.510000,2.190000,22.040000,0.768863,0.209176,5.858362,0.013702,0.008011,-0.001111,calib
55.43800,7.480000,2.170000,22.040000,0.776471,0.221780,5.868705,0.013625,0.007867,-0.001107,calib
55.45400,7.470000,2.170000,22.090000,0.769346,0.225957,5.868791,0.013655,0.007915,-0.001000,calib
55.46900,7.480000,2.170000,22.070000,0.776589,0.221436,5.848167,0.013621,0.008056,-0.001115,calib
55.51600,7.660000,2.170000,21.960000,0.802982,0.179498,5.879236,0.014316,0.008436,-0.001213,calib
55.53200,7.650000,2.160000,21.970000,0.803264,0.179543,5.889518,0.014151,0.008340,-0.001207,calib
55.54700,7.620000,2.170000,22.030000,0.802865,0.179842,5.899775,0.014319,0.008247,-0.001206,calib
55.54700,7.610000,2.190000,22.080000,0.802778,0.179914,5.930761,0.014320,0.008250,-0.001193,calib
55.56300,7.610000,2.160000,22.060000,0.795451,0.167355,5.930701,0.014233,0.008300,-0.001192,calib
55.61000,7.760000,2.140000,21.980000,0.808179,0.142526,5.972009,0.014719,0.008398,-0.001179,calib
55.62500,7.740000,2.130000,22.060000,0.808630,0.150618,5.961704,0.014610,0.008493,-0.001289,calib
55.64100,7.650000,2.130000,22.040000,0.801388,0.155139,5.982329,0.014644,0.008353,-0.001175,calib
55.65700,7.660000,2.170000,22.110000,0.801388,0.155139,5.982329,0.014644,0.008353,-0.001175,calib
55.67200,7.720000,2.190000,22.040000,0.808513,0.150962,5.982243,0.014614,0.008304,-0.001281,calib
55.71900,7.750000,2.160000,21.970000,0.815422,0.138004,5.951385,0.014686,0.008537,-0.001293,calib
55.73500,7.740000,2.200000,22.030000,0.815905,0.154786,5.961813,0.014639,0.008441,-0.001182,calib
55.75000,7.690000,2.150000,22.030000,0.808630,0.150618,5.961704,0.014610,0.008493,-0.001289,calib
55.76600,7.700000,2.140000,22.040000,0.808231,0.150916,5.971961,0.014778,0.008398,-0.001287,calib
55.76600,7.700000,2.150000,22.040000,0.808231,0.150916,5.971961,0.014778,0.008398,-0.001287,calib
55.81300,7.710000,2.100000,22.050000,0.771558,0.139292,5.992201,0.014868,0.008174,-0.001282,calib
55.82900,7.690000,2.090000,22.070000,0.771840,0.139337,6.002483,0.014703,0.008079,-0.001277,calib
55.84400,7.720000,2.070000,22.100000,0.764367,0.152204,6.012776,0.014960,0.008035,-0.001276,calib
55.86000,7.680000,2.050000,22.110000,0.764198,0.144157,6.033364,0.014904,0.007846,-0.001160,calib
55.87500,7.760000,2.070000,22.100000,0.763767,0.135767,6.022887,0.015010,0.007942,-0.001380,calib
55.92200,7.750000,2.050000,22.060000,0.748916,0.127684,6.033168,0.015121,0.007949,-0.001270,calib
55.93800,7.690000,2.030000,22.110000,0.742124,0.140298,6.043488,0.015045,0.007903,-0.001266,calib
55.95400,7.650000,2.050000,22.140000,0.728177,0.157361,6.043445,0.015002,0.007716,-0.001160,calib
55.96900,7.650000,2.010000,22.150000,0.714059,0.157416,6.053704,0.014839,0.007722,-0.001155,calib
55.96900,7.650000,2.040000,22.160000,0.714059,0.157416,6.053704,0.014839,0.007722,-0.001155,calib
56.01600,7.860000,1.980000,22.010000,0.725457,0.090860,6.053474,0.015527,0.007914,-0.001267,calib
56.04700,7.830000,1.980000,22.050000,0.725509,0.099250,6.053425,0.015586,0.007914,-0.001375,calib
56.04700,7.840000,2.000000,22.060000,0.726340,0.107343,6.053646,0.015312,0.007912,-0.001157,calib
56.06300,7.760000,2.010000,22.080000,0.719149,0.120254,6.074222,0.015404,0.007772,-0.001151,calib
56.07900,7.770000,2.010000,22.120000,0.719600,0.128346,6.063917,0.015295,0.007867,-0.001262,calib
56.12500,7.860000,2.000000,22.040000,0.739939,0.098969,6.063897,0.015582,0.008006,-0.001370,calib
56.14100,7.870000,2.000000,22.050000,0.732866,0.111537,6.063934,0.015671,0.008056,-0.001372,calib
56.15700,7.850000,2.010000,22.110000,0.733178,0.111310,6.084664,0.015505,0.008153,-0.001361,calib
56.17200,7.830000,2.010000,22.110000,0.740053,0.115776,6.095029,0.015701,0.008008,-0.001252,calib
56.18800,7.840000,2.000000,22.140000,0.747178,0.111599,6.094944,0.015671,0.007959,-0.001359,calib
56.23500,7.920000,2.030000,22.020000,0.768917,0.098061,6.064300,0.015572,0.008378,-0.001367,calib
56.25000,7.830000,2.030000,22.060000,0.762043,0.102556,6.064221,0.015439,0.008141,-0.001259,calib
56.26600,7.840000,2.040000,22.070000,0.762095,0.110947,6.064172,0.015498,0.008141,-0.001368,calib
56.26600,7.840000,2.010000,22.100000,0.762346,0.111264,6.064006,0.015336,0.007853,-0.001366,calib
56.28200,7.840000,2.010000,22.130000,0.762095,0.110947,6.064172,0.015498,0.008141,-0.001368,calib
56.34400,7.890000,2.000000,22.010000,0.783685,0.098025,6.043620,0.015404,0.008179,-0.001373,calib
56.36000,7.890000,2.000000,22.050000,0.776981,0.110567,6.022952,0.015327,0.008131,-0.001381,calib
56.36000,7.820000,2.030000,22.100000,0.770189,0.123180,6.033272,0.015252,0.008086,-0.001377,calib
56.37500,7.780000,2.030000,22.110000,0.777746,0.127393,6.043663,0.015116,0.007940,-0.001264,calib
56.39100,7.830000,2.010000,22.120000,0.777464,0.127348,6.033381,0.015280,0.008035,-0.001270,calib
56.43800,7.870000,2.090000,22.030000,0.806297,0.109905,5.992204,0.015153,0.008214,-0.001390,calib
56.45400,7.860000,2.040000,22.040000,0.799571,0.113784,5.982033,0.015015,0.008358,-0.001285,calib
56.46900,7.820000,2.040000,22.010000,0.807266,0.126315,5.961389,0.014937,0.008208,-0.001293,calib
56.48500,7.790000,2.020000,22.080000,0.800162,0.139155,5.950979,0.015028,0.008066,-0.001299,calib
56.50000,7.770000,2.090000,22.040000,0.800844,0.138902,5.951004,0.014695,0.008065,-0.001296,calib
56.54700,7.850000,2.050000,21.990000,0.807405,0.134634,5.930354,0.014994,0.008205,-0.001414,calib
56.56300,7.830000,2.040000,22.010000,0.800228,0.130421,5.930489,0.014965,0.008254,-0.001199,calib
56.57900,7.810000,2.040000,22.010000,0.786080,0.130748,5.930299,0.014804,0.008068,-0.001198,calib
56.57900,7.800000,2.020000,22.070000,0.786080,0.130748,5.930299,0.014804,0.008068,-0.001198,calib
56.59400,7.780000,2.040000,22.040000,0.785650,0.131319,5.930108,0.014974,0.007781,-0.001201,calib
56.64100,7.840000,2.080000,21.970000,0.807405,0.134634,5.930354,0.014994,0.008205,-0.001414,calib
56.65700,7.850000,2.080000,21.990000,0.807405,0.134634,5.930354,0.014994,0.008205,-0.001414,calib
56.67200,7.830000,2.060000,22.030000,0.814680,0.138802,5.930463,0.015023,0.008155,-0.001307,calib
56.68800,7.840000,2.090000,21.990000,0.814910,0.130457,5.940794,0.014799,0.008059,-0.001192,calib
56.68800,7.850000,2.070000,22.000000,0.822065,0.126007,5.951156,0.014767,0.008202,-0.001294,calib
56.73500,7.950000,2.050000,21.980000,0.820850,0.101089,5.940751,0.015088,0.008299,-0.001301,calib
56.75000,7.860000,2.030000,21.930000,0.820850,0.101089,5.940751,0.015088,0.008299,-0.001301,calib
56.75000,7.870000,2.050000,21.960000,0.813263,0.097148,5.919912,0.015226,0.008252,-0.001419,calib
56.76600,7.880000,2.050000,21.980000,0.813263,0.097148,5.919912,0.015226,0.008252,-0.001419,calib
56.78200,7.870000,2.020000,22.000000,0.806419,0.101371,5.930279,0.015092,0.008207,-0.001306,calib
56.82900,7.920000,2.040000,21.920000,0.834515,0.083981,5.930511,0.015296,0.008581,-0.001413,calib
56.84400,7.980000,2.050000,21.860000,0.841307,0.071367,5.920192,0.015372,0.008626,-0.001417,calib
56.86000,7.950000,2.080000,21.880000,0.841025,0.071322,5.909910,0.015536,0.008722,-0.001422,calib
56.87500,7.960000,2.040000,21.890000,0.841276,0.071639,5.909744,0.015374,0.008434,-0.001421,calib
56.87500,7.910000,2.050000,21.910000,0.834203,0.084207,5.909781,0.015462,0.008484,-0.001423,calib
56.92200,7.870000,2.040000,21.930000,0.814319,0.113487,5.858110,0.015008,0.008245,-0.001334,calib
56.95400,7.880000,2.030000,21.850000,0.821280,0.108920,5.827204,0.015139,0.008479,-0.001454,calib
56.95400,7.900000,2.040000,21.820000,0.828590,0.104625,5.796375,0.015108,0.008424,-0.001251,calib
56.96900,7.890000,2.070000,21.780000,0.836232,0.099805,5.765494,0.014906,0.008658,-0.001367,calib
56.98500,7.850000,2.060000,21.790000,0.836802,0.116515,5.744936,0.014858,0.008559,-0.001269,calib
57.03200,7.820000,2.030000,21.790000,0.815984,0.120921,5.693142,0.014560,0.008320,-0.001181,calib
57.04700,7.850000,2.050000,21.760000,0.823175,0.108009,5.672566,0.014468,0.008460,-0.001187,calib
57.06300,7.880000,2.030000,21.760000,0.822842,0.099573,5.662332,0.014573,0.008554,-0.001084,calib
57.07900,7.880000,2.020000,21.720000,0.830336,0.095369,5.641542,0.014377,0.008405,-0.001197,calib
57.09400,7.830000,2.040000,21.720000,0.830054,0.095324,5.631260,0.014542,0.008502,-0.001203,calib
57.15700,7.880000,2.080000,21.790000,0.830814,0.120340,5.693357,0.014388,0.008505,-0.001177,calib
57.17200,7.840000,2.100000,21.780000,0.830445,0.120367,5.714061,0.014554,0.008604,-0.001171,calib
57.18800,7.880000,2.070000,21.850000,0.837771,0.132925,5.714121,0.014641,0.008554,-0.001172,calib
57.20400,7.820000,2.070000,21.870000,0.837684,0.132997,5.745108,0.014643,0.008556,-0.001159,calib
57.21900,7.860000,2.080000,21.860000,0.844440,0.128846,5.765727,0.014779,0.008606,-0.001259,calib
57.26600,7.950000,2.070000,21.900000,0.850571,0.116747,5.858623,0.015026,0.008566,-0.001224,calib
57.28200,7.970000,2.060000,21.890000,0.850202,0.116774,5.879328,0.015192,0.008665,-0.001217,calib
57.29700,7.990000,2.070000,21.890000,0.850115,0.116846,5.910314,0.015193,0.008667,-0.001205,calib
57.31300,8.000000,2.070000,21.950000,0.842355,0.113048,5.951448,0.015334,0.008627,-0.001298,calib
57.32900,8.040000,2.070000,21.940000,0.848742,0.108924,5.992771,0.015635,0.008774,-0.001391,calib
57.37500,8.150000,2.070000,22.020000,0.867791,0.080303,6.209632,0.016264,0.008936,-0.001416,calib
57.39100,8.160000,2.080000,22.080000,0.860943,0.092716,6.261385,0.016188,0.009086,-0.001395,calib
57.40700,8.150000,2.080000,22.150000,0.853664,0.105699,6.312948,0.016281,0.008951,-0.001376,calib
57.42200,8.150000,2.080000,22.270000,0.853460,0.106115,6.364473,0.016286,0.008764,-0.001356,calib
57.42200,8.180000,2.050000,22.220000,0.845699,0.102318,6.405607,0.016427,0.008724,-0.001449,calib
57.48500,8.290000,2.030000,22.200000,0.815476,0.094986,6.498351,0.016877,0.008649,-0.001311,calib
57.50000,8.170000,2.010000,22.280000,0.801559,0.111777,6.508756,0.016832,0.008654,-0.001201,calib
57.51600,8.220000,1.980000,22.290000,0.794337,0.124961,6.518884,0.016926,0.008323,-0.001199,calib
57.51600,8.200000,1.980000,22.340000,0.794737,0.124662,6.508628,0.016758,0.008417,-0.001201,calib
57.53200,8.220000,1.970000,22.250000,0.794737,0.124662,6.508628,0.016758,0.008417,-0.001201,calib
57.57900,8.200000,1.970000,22.270000,0.809792,0.132329,6.446821,0.016643,0.008596,-0.001331,calib
57.59400,8.200000,2.030000,22.270000,0.802949,0.136552,6.457189,0.016508,0.008552,-0.001219,calib
57.61000,8.180000,2.040000,22.260000,0.810674,0.148811,6.446993,0.016428,0.008594,-0.001222,calib
57.62500,8.160000,2.010000,22.260000,0.810674,0.148811,6.446993,0.016428,0.008594,-0.001222,calib
57.62500,8.180000,2.000000,22.280000,0.810362,0.149038,6.426263,0.016594,0.008497,-0.001232,calib
57.70400,8.220000,2.020000,22.340000,0.817431,0.144660,6.467611,0.016564,0.008644,-0.001322,calib
57.71900,8.200000,2.060000,22.280000,0.831778,0.136260,6.467683,0.016503,0.008542,-0.001213,calib
57.73500,8.290000,2.050000,22.270000,0.838622,0.132037,6.457315,0.016638,0.008587,-0.001325,calib
57.75000,8.290000,2.070000,22.290000,0.838601,0.123375,6.467812,0.016577,0.008779,-0.001212,calib
57.75000,8.280000,2.040000,22.260000,0.838652,0.131765,6.467763,0.016636,0.008781,-0.001321,calib
57.81300,8.220000,2.040000,22.340000,0.832625,0.161205,6.498793,0.016348,0.008543,-0.001200,calib
57.82900,8.230000,2.010000,22.350000,0.839382,0.157054,6.519412,0.016484,0.008592,-0.001300,calib
57.84400,8.260000,2.040000,22.340000,0.845856,0.152858,6.529748,0.016784,0.008736,-0.001405,calib
57.86000,8.280000,2.060000,22.300000,0.860234,0.144186,6.540268,0.016722,0.008828,-0.001292,calib
57.87500,8.330000,2.050000,22.320000,0.866960,0.140307,6.550439,0.016860,0.008684,-0.001396,calib
57.92200,8.240000,2.070000,22.410000,0.860616,0.178163,6.602125,0.016797,0.008547,-0.001377,calib
57.93800,8.250000,2.080000,22.390000,0.867720,0.165323,6.612536,0.016706,0.008689,-0.001370,calib
57.95400,8.310000,2.070000,22.380000,0.867351,0.165350,6.633240,0.016872,0.008788,-0.001364,calib
57.96900,8.290000,2.070000,22.390000,0.866952,0.165648,6.643496,0.017040,0.008693,-0.001362,calib
57.96900,8.280000,2.090000,22.450000,0.867004,0.174039,6.643448,0.017099,0.008693,-0.001470,calib
58.03200,8.280000,2.030000,22.540000,0.845239,0.187104,6.725973,0.017195,0.008661,-0.001440,calib
58.04700,8.260000,2.030000,22.540000,0.844788,0.179012,6.736278,0.017304,0.008566,-0.001330,calib
58.04700,8.270000,2.030000,22.540000,0.837396,0.175188,6.756708,0.017279,0.008429,-0.001429,calib
58.06300,8.320000,2.000000,22.540000,0.836996,0.175487,6.766964,0.017447,0.008334,-0.001427,calib
58.07900,8.300000,1.980000,22.500000,0.837027,0.175215,6.777412,0.017445,0.008528,-0.001423,calib
58.11000,8.310000,2.020000,22.590000,0.843210,0.171506,6.870261,0.017751,0.008488,-0.001496,calib
58.12500,8.350000,2.000000,22.590000,0.842810,0.171805,6.880517,0.017919,0.008394,-0.001494,calib
58.15700,8.350000,2.000000,22.590000,0.842810,0.171805,6.880517,0.017919,0.008394,-0.001494,calib
58.15700,8.370000,2.010000,22.590000,0.835085,0.159545,6.890713,0.018000,0.008351,-0.001491,calib
58.17200,8.380000,2.020000,22.600000,0.827894,0.172457,6.911289,0.018092,0.008212,-0.001485,calib
58.20400,8.310000,1.960000,22.730000,0.806780,0.185541,6.983392,0.017858,0.007985,-0.001456,calib
58.23500,8.310000,1.960000,22.720000,0.806380,0.185840,6.993649,0.018026,0.007891,-0.001454,calib
58.25000,8.380000,1.980000,22.750000,0.798685,0.173308,7.014292,0.018105,0.008040,-0.001446,calib
58.26600,8.390000,1.950000,22.740000,0.798316,0.173334,7.034997,0.018270,0.008138,-0.001439,calib
58.26600,8.400000,1.960000,22.730000,0.790924,0.169510,7.055426,0.018245,0.008000,-0.001539,calib
58.31300,8.410000,1.930000,22.900000,0.797758,0.165821,7.137852,0.018222,0.007768,-0.001613,calib
58.34400,8.510000,2.000000,22.830000,0.811455,0.157402,7.148347,0.018491,0.007860,-0.001503,calib
58.34400,8.460000,2.010000,22.810000,0.811337,0.157746,7.168885,0.018495,0.007671,-0.001495,calib
58.36000,8.490000,1.950000,22.880000,0.796968,0.157483,7.179310,0.018494,0.007964,-0.001491,calib
58.37500,8.400000,1.910000,22.900000,0.796872,0.166490,7.189352,0.018559,0.007583,-0.001596,calib
58.43800,8.310000,1.930000,23.070000,0.768768,0.209221,7.282177,0.018534,0.007217,-0.001456,calib
58.43800,8.350000,1.950000,23.060000,0.768316,0.201130,7.292482,0.018643,0.007123,-0.001345,calib
58.45400,8.420000,1.930000,23.020000,0.775472,0.196680,7.302845,0.018611,0.007266,-0.001447,calib
58.46900,8.400000,1.940000,23.080000,0.775073,0.196979,7.313101,0.018779,0.007173,-0.001445,calib
58.48500,8.390000,1.910000,23.040000,0.782347,0.201146,7.313210,0.018808,0.007121,-0.001338,calib
58.53200,8.380000,1.940000,23.160000,0.789986,0.213478,7.334001,0.018728,0.007167,-0.001329,calib
58.54700,8.380000,1.940000,23.110000,0.789617,0.213505,7.354705,0.018894,0.007266,-0.001322,calib
58.56300,8.380000,1.950000,23.110000,0.789669,0.221895,7.354657,0.018953,0.007266,-0.001431,calib
58.56300,8.370000,1.950000,23.160000,0.797255,0.225836,7.375496,0.018815,0.007312,-0.001313,calib
58.57900,8.340000,1.950000,23.160000,0.811707,0.234217,7.375471,0.018872,0.007212,-0.001421,calib
58.64100,8.370000,2.020000,23.160000,0.819094,0.246231,7.396427,0.018955,0.007546,-0.001412,calib
58.65700,8.360000,1.980000,23.230000,0.819345,0.246548,7.396261,0.018793,0.007259,-0.001411,calib
58.65700,8.320000,1.990000,23.210000,0.794428,0.304020,7.231570,0.017872,0.007243,-0.000934,calib
58.67200,8.170000,2.000000,23.220000,0.742543,0.379270,7.148558,0.015927,0.006383,-0.000953,calib
58.68800,7.240000,2.000000,23.960000,0.716226,0.421669,7.179296,0.015073,0.005722,-0.000829,calib
58.73500,8.170000,2.170000,22.970000,0.887515,0.171957,6.932242,0.017092,0.007614,-0.001141,calib
58.75000,8.100000,2.190000,22.980000,0.887515,0.171957,6.932242,0.017092,0.007614,-0.001141,calib
58.75000,8.010000,2.150000,23.050000,0.894994,0.175710,6.880826,0.017116,0.007750,-0.001054,calib
58.76600,7.890000,2.200000,23.060000,0.881867,0.200838,6.849774,0.016797,0.007558,-0.001065,calib
58.78200,7.800000,2.130000,23.230000,0.855136,0.242530,6.849856,0.016267,0.007467,-0.000955,calib
58.82900,7.590000,2.110000,23.330000,0.773417,0.334725,6.777583,0.015104,0.007001,-0.000551,calib
58.84400,7.610000,2.100000,23.320000,0.780543,0.330547,6.777498,0.015074,0.006951,-0.000657,calib
58.86000,7.680000,2.130000,23.290000,0.780209,0.322111,6.767264,0.015180,0.007046,-0.000555,calib
58.87500,7.660000,2.160000,23.230000,0.794639,0.321830,6.777735,0.015176,0.007137,-0.000549,calib
58.87500,7.640000,2.140000,23.250000,0.794921,0.321875,6.788018,0.015011,0.007042,-0.000544,calib
58.92200,7.510000,2.160000,23.400000,0.760681,0.384896,6.829332,0.014798,0.006912,-0.000529,calib
58.93800,7.540000,2.150000,23.430000,0.753490,0.397808,6.849908,0.014890,0.006774,-0.000524,calib
58.95400,7.530000,2.160000,23.500000,0.761129,0.410140,6.870699,0.014811,0.006820,-0.000514,calib
58.96900,7.560000,2.240000,23.460000,0.768284,0.405690,6.881061,0.014779,0.006962,-0.000616,calib
58.98500,7.570000,2.220000,23.440000,0.782367,0.414097,6.901740,0.015002,0.006960,-0.000717,calib
59.01600,7.550000,2.260000,23.500000,0.804067,0.426174,6.953706,0.015085,0.007197,-0.000696,calib
59.03200,7.540000,2.250000,23.540000,0.796911,0.430623,6.943344,0.015117,0.007055,-0.000594,calib
59.04700,7.510000,2.300000,23.590000,0.797275,0.438787,6.964026,0.015009,0.007153,-0.000692,calib
59.06300,7.540000,2.280000,23.560000,0.790484,0.451400,6.974345,0.014933,0.007106,-0.000688,calib
59.07900,7.490000,2.240000,23.560000,0.790765,0.451446,6.984627,0.014769,0.007011,-0.000682,calib
59.11000,7.550000,2.290000,23.590000,0.798439,0.455315,6.974480,0.014629,0.007055,-0.000577,calib
59.14100,7.500000,2.300000,23.600000,0.798404,0.463777,7.005418,0.014690,0.007058,-0.000673,calib
59.14100,7.450000,2.300000,23.640000,0.791561,0.468000,7.015786,0.014555,0.007012,-0.000560,calib
59.15700,7.430000,2.360000,23.670000,0.784370,0.480912,7.036361,0.014647,0.006873,-0.000555,calib
59.17200,7.440000,2.290000,23.740000,0.777008,0.476816,7.067239,0.014620,0.006927,-0.000649,calib
59.21900,7.500000,2.350000,23.720000,0.783545,0.481037,7.108757,0.014980,0.007073,-0.000529,calib
59.23500,7.500000,2.380000,23.760000,0.790982,0.476633,7.129401,0.014784,0.007121,-0.000625,calib
59.25000,7.500000,2.370000,23.740000,0.790583,0.476931,7.139658,0.014952,0.007026,-0.000623,calib
59.26600,7.500000,2.380000,23.790000,0.790613,0.476659,7.150105,0.014949,0.007219,-0.000618,calib
59.26600,7.500000,2.320000,23.750000,0.790214,0.476958,7.160362,0.015117,0.007125,-0.000616,calib
59.31300,7.450000,2.400000,23.910000,0.798129,0.497525,7.232821,0.014932,0.007272,-0.000692,calib
59.34400,7.470000,2.390000,23.880000,0.798129,0.497525,7.232821,0.014932,0.007272,-0.000692,calib
59.36000,7.490000,2.400000,23.860000,0.805434,0.501421,7.243378,0.014958,0.007413,-0.000580,calib
59.36000,7.530000,2.440000,23.910000,0.805434,0.501421,7.243378,0.014958,0.007413,-0.000580,calib
59.37500,7.480000,2.430000,23.850000,0.805768,0.509856,7.253611,0.014852,0.007318,-0.000683,calib
59.42200,7.420000,2.490000,24.020000,0.836076,0.550675,7.295554,0.014640,0.007596,-0.000556,calib
59.45400,7.480000,2.550000,23.950000,0.843318,0.546154,7.274929,0.014606,0.007736,-0.000670,calib
59.45400,7.470000,2.530000,23.930000,0.850422,0.533314,7.285340,0.014515,0.007879,-0.000663,calib
59.46900,7.500000,2.540000,23.920000,0.850110,0.533540,7.264610,0.014682,0.007781,-0.000674,calib
59.48500,7.460000,2.510000,23.950000,0.850110,0.533540,7.264610,0.014682,0.007781,-0.000674,calib
59.53200,7.380000,2.540000,23.990000,0.829770,0.562918,7.264630,0.014395,0.007642,-0.000566,calib
59.54700,7.410000,2.540000,24.020000,0.829770,0.562918,7.264630,0.014395,0.007642,-0.000566,calib
59.56300,7.450000,2.490000,23.990000,0.829371,0.563217,7.274886,0.014563,0.007548,-0.000564,calib
59.57900,7.430000,2.520000,23.940000,0.836562,0.550305,7.254311,0.014470,0.007687,-0.000570,calib
59.57900,7.470000,2.530000,23.960000,0.836163,0.550603,7.264567,0.014638,0.007593,-0.000568,calib
59.64100,7.410000,2.560000,24.030000,0.837075,0.566814,7.275187,0.014421,0.007783,-0.000454,calib
59.65700,7.500000,2.580000,24.060000,0.844201,0.562636,7.275101,0.014391,0.007733,-0.000561,calib
59.67200,7.490000,2.570000,23.990000,0.843550,0.562617,7.285523,0.014721,0.007927,-0.000560,calib
59.68800,7.470000,2.560000,24.000000,0.850623,0.550050,7.285486,0.014633,0.007877,-0.000558,calib
59.68800,7.470000,2.570000,23.990000,0.843832,0.562663,7.295806,0.014557,0.007832,-0.000554,calib
59.76600,7.480000,2.570000,24.040000,0.843463,0.562689,7.316510,0.014723,0.007931,-0.000547,calib
59.78200,7.480000,2.590000,24.040000,0.843515,0.571080,7.316461,0.014781,0.007931,-0.000656,calib
59.79700,7.460000,2.610000,24.070000,0.844196,0.570826,7.316487,0.014449,0.007929,-0.000652,calib
59.79700,7.400000,2.630000,24.090000,0.851522,0.583385,7.316548,0.014536,0.007879,-0.000653,calib
59.81300,7.370000,2.600000,24.120000,0.845130,0.595699,7.316611,0.014293,0.007927,-0.000651,calib
59.89100,7.370000,2.660000,24.100000,0.860247,0.611783,7.285985,0.014237,0.008110,-0.000554,calib
59.90700,7.320000,2.710000,24.110000,0.867855,0.624387,7.296328,0.014160,0.007964,-0.000550,calib
59.92200,7.270000,2.710000,24.180000,0.861463,0.636701,7.296391,0.013917,0.008012,-0.000548,calib
59.92200,7.250000,2.710000,24.190000,0.862115,0.661529,7.286232,0.013925,0.008106,-0.000553,calib
59.93800,7.260000,2.710000,24.190000,0.854841,0.657361,7.286123,0.013896,0.008157,-0.000660,calib
60.00000,7.240000,2.640000,24.200000,0.812228,0.675105,7.306406,0.013697,0.007693,-0.000546,calib
60.01600,7.180000,2.620000,24.230000,0.805354,0.679600,7.306326,0.013565,0.007456,-0.000439,calib
60.03200,7.160000,2.620000,24.300000,0.805354,0.679600,7.306326,0.013565,0.007456,-0.000439,calib
60.04700,7.160000,2.640000,24.260000,0.797798,0.675386,7.295935,0.013701,0.007602,-0.000552,calib
60.06300,7.250000,2.610000,24.210000,0.797746,0.666996,7.295983,0.013642,0.007601,-0.000443,calib
60.11000,7.130000,2.700000,24.310000,0.814127,0.724579,7.317101,0.013382,0.007882,-0.000540,calib
60.12500,7.130000,2.680000,24.290000,0.814096,0.724851,7.306653,0.013385,0.007690,-0.000545,calib
60.14100,7.200000,2.670000,24.290000,0.820489,0.712536,7.306590,0.013628,0.007641,-0.000547,calib
60.15700,7.230000,2.680000,24.220000,0.806037,0.704155,7.306615,0.013571,0.007741,-0.000439,calib
60.17200,7.240000,2.650000,24.230000,0.797999,0.692122,7.296081,0.013818,0.007601,-0.000446,calib
60.23500,7.270000,2.640000,24.270000,0.783265,0.658887,7.285561,0.013587,0.007509,-0.000340,calib
60.25000,7.280000,2.610000,24.240000,0.782300,0.634286,7.274989,0.013745,0.007318,-0.000346,calib
60.25000,7.330000,2.550000,24.250000,0.767300,0.617859,7.285076,0.013797,0.007326,-0.000450,calib
60.26600,7.350000,2.570000,24.190000,0.759293,0.605554,7.284990,0.014042,0.007378,-0.000453,calib
60.28200,7.350000,2.550000,24.220000,0.751737,0.610302,7.284884,0.014242,0.007141,-0.000349,calib
60.36000,7.350000,2.580000,24.210000,0.759863,0.622263,7.264432,0.013994,0.007278,-0.000354,calib
60.37500,7.390000,2.590000,24.180000,0.759529,0.613827,7.254198,0.014099,0.007373,-0.000251,calib
60.37500,7.350000,2.560000,24.150000,0.767054,0.609351,7.243856,0.013901,0.007417,-0.000360,calib
60.39100,7.330000,2.560000,24.210000,0.781119,0.600906,7.233646,0.014005,0.007412,-0.000257,calib
60.40700,7.380000,2.600000,24.150000,0.795237,0.600851,7.223387,0.014168,0.007408,-0.000262,calib
60.45400,7.310000,2.630000,24.190000,0.803102,0.621429,7.182156,0.014145,0.007447,-0.000386,calib
60.46900,7.320000,2.610000,24.200000,0.803102,0.621429,7.182156,0.014145,0.007447,-0.000386,calib
60.48500,7.360000,2.610000,24.130000,0.803102,0.621429,7.182156,0.014145,0.007447,-0.000386,calib
60.48500,7.350000,2.580000,24.170000,0.802733,0.621456,7.202860,0.014311,0.007546,-0.000379,calib
60.50000,7.360000,2.570000,24.160000,0.795776,0.608871,7.182095,0.014058,0.007498,-0.000385,calib
60.54700,7.280000,2.570000,24.120000,0.781915,0.625862,7.151066,0.014013,0.007307,-0.000291,calib
60.56300,7.310000,2.560000,24.170000,0.781915,0.625862,7.151066,0.014013,0.007307,-0.000291,calib
60.56300,7.280000,2.520000,24.140000,0.767936,0.634235,7.130289,0.013908,0.007310,-0.000407,calib
60.57900,7.280000,2.560000,24.170000,0.760811,0.638413,7.130375,0.013938,0.007359,-0.000300,calib
60.59400,7.330000,2.540000,24.100000,0.767603,0.625799,7.120056,0.014013,0.007404,-0.000304,calib
60.64100,7.310000,2.530000,24.110000,0.759898,0.622202,7.119755,0.014155,0.007169,-0.000414,calib
60.67200,7.290000,2.500000,24.180000,0.759898,0.622202,7.119755,0.014155,0.007169,-0.000414,calib
60.67200,7.320000,2.520000,24.110000,0.759847,0.613812,7.119804,0.014096,0.007169,-0.000306,calib
60.68800,7.320000,2.480000,24.130000,0.759483,0.605648,7.099122,0.014204,0.007071,-0.000208,calib
60.70400,7.370000,2.460000,24.040000,0.751695,0.584971,7.078137,0.014225,0.007026,-0.000431,calib
60.76600,7.330000,2.400000,24.050000,0.735967,0.552216,7.046861,0.014492,0.006840,-0.000340,calib
60.78200,7.360000,2.390000,24.000000,0.742728,0.539875,7.026093,0.014570,0.006692,-0.000348,calib
60.79700,7.400000,2.360000,23.970000,0.721203,0.544062,7.026156,0.014601,0.006842,-0.000242,calib
60.81300,7.290000,2.360000,24.030000,0.714381,0.556947,7.026027,0.014528,0.006605,-0.000243,calib
60.82900,7.320000,2.350000,24.000000,0.699951,0.557229,7.015556,0.014531,0.006513,-0.000248,calib
60.89100,7.490000,2.350000,23.910000,0.712283,0.515547,7.015449,0.015064,0.006703,-0.000359,calib
60.90700,7.450000,2.340000,23.920000,0.705475,0.511307,6.994879,0.014869,0.006654,-0.000151,calib
60.92200,7.400000,2.310000,23.970000,0.691409,0.519753,7.005090,0.014765,0.006660,-0.000254,calib
60.92200,7.350000,2.270000,24.000000,0.677461,0.536815,7.005047,0.014721,0.006472,-0.000148,calib
60.93800,7.300000,2.270000,24.040000,0.656500,0.541093,7.025674,0.014424,0.006432,-0.000030,calib
61.00000,7.400000,2.240000,23.960000,0.613276,0.533204,6.973769,0.014373,0.006345,0.000054,calib
61.01600,7.330000,2.240000,24.040000,0.612928,0.541893,6.983977,0.014599,0.006252,-0.000052,calib
61.03200,7.350000,2.230000,24.090000,0.606967,0.562599,6.994517,0.014250,0.006204,0.000170,calib
61.04700,7.300000,2.190000,24.080000,0.606568,0.562897,7.004774,0.014418,0.006110,0.000171,calib
61.04700,7.340000,2.230000,24.070000,0.606766,0.545863,6.994371,0.014133,0.006206,0.000064,calib
61.12500,7.260000,2.180000,24.100000,0.578389,0.563207,6.983857,0.014093,0.005925,0.000165,calib
61.14100,7.230000,2.190000,24.110000,0.578389,0.563207,6.983857,0.014093,0.005925,0.000165,calib
61.15700,7.310000,2.250000,24.070000,0.592819,0.562926,6.994328,0.014089,0.006017,0.000170,calib
61.17200,7.420000,2.220000,23.960000,0.599328,0.550267,6.973727,0.014329,0.006157,0.000160,calib
61.17200,7.450000,2.250000,24.000000,0.613245,0.533476,6.963322,0.014375,0.006154,0.000050,calib
61.25000,7.320000,2.310000,24.100000,0.651216,0.578137,6.963887,0.014022,0.006472,-0.000052,calib
61.25000,7.440000,2.340000,23.950000,0.672126,0.565469,6.943308,0.014260,0.006513,-0.000061,calib
61.26600,7.470000,2.340000,23.920000,0.678948,0.552584,6.943437,0.014334,0.006750,-0.000061,calib
61.28200,7.500000,2.330000,23.900000,0.685457,0.539925,6.922836,0.014574,0.006890,-0.000071,calib
61.29700,7.520000,2.320000,23.900000,0.693183,0.552185,6.912640,0.014493,0.006934,-0.000074,calib
61.34400,7.450000,2.330000,23.940000,0.686673,0.564843,6.933241,0.014253,0.006794,-0.000064,calib
61.36000,7.500000,2.360000,23.950000,0.693582,0.551886,6.902383,0.014325,0.007027,-0.000076,calib
61.37500,7.480000,2.360000,23.890000,0.700426,0.547663,6.892015,0.014460,0.007073,-0.000188,calib
61.39100,7.520000,2.380000,23.860000,0.714825,0.547654,6.892039,0.014458,0.006973,-0.000187,calib
61.39100,7.490000,2.390000,23.930000,0.715225,0.547355,6.881782,0.014290,0.007067,-0.000189,calib
61.43800,7.440000,2.350000,23.950000,0.700822,0.564516,6.933430,0.014414,0.006980,-0.000064,calib
61.46900,7.550000,2.350000,23.890000,0.699887,0.539643,6.933307,0.014570,0.006982,-0.000065,calib
61.46900,7.570000,2.340000,23.860000,0.699154,0.531506,6.933330,0.014843,0.006983,0.000039,calib
61.48500,7.540000,2.350000,23.880000,0.692531,0.527357,6.922798,0.014485,0.006840,-0.000069,calib
61.50000,7.470000,2.320000,23.970000,0.678332,0.544103,6.922921,0.014604,0.006940,0.000036,calib
61.54700,7.580000,2.320000,23.930000,0.670571,0.540305,6.964055,0.014744,0.006900,-0.000057,calib
61.56300,7.600000,2.320000,23.880000,0.684436,0.515124,6.953699,0.014731,0.006895,-0.000059,calib
61.57900,7.570000,2.350000,23.870000,0.691280,0.510901,6.943331,0.014866,0.006941,-0.000171,calib
61.59400,7.620000,2.360000,23.900000,0.684154,0.515079,6.943416,0.014896,0.006990,-0.000065,calib
61.61000,7.530000,2.330000,23.900000,0.684436,0.515124,6.953699,0.014731,0.006895,-0.000059,calib
61.64100,7.660000,2.380000,23.850000,0.711851,0.497987,6.953905,0.015268,0.007271,-0.000169,calib
61.65700,7.730000,2.350000,23.860000,0.718924,0.485419,6.953868,0.015179,0.007221,-0.000167,calib
61.67200,7.760000,2.370000,23.820000,0.725434,0.472761,6.933266,0.015419,0.007361,-0.000177,calib
61.68800,7.730000,2.330000,23.750000,0.732559,0.468583,6.933181,0.015389,0.007312,-0.000284,calib
61.70400,7.730000,2.340000,23.780000,0.725486,0.481151,6.933218,0.015478,0.007362,-0.000286,calib
61.75000,7.750000,2.340000,23.800000,0.739429,0.481240,6.984932,0.015644,0.007363,-0.000266,calib
61.78200,7.830000,2.340000,23.770000,0.746251,0.468355,6.985061,0.015717,0.007600,-0.000265,calib
61.78200,7.800000,2.360000,23.770000,0.746303,0.476745,6.985012,0.015776,0.007601,-0.000374,calib
61.79700,7.780000,2.370000,23.780000,0.746303,0.476745,6.985012,0.015776,0.007601,-0.000374,calib
61.81300,7.750000,2.400000,23.870000,0.753911,0.489349,6.995355,0.015699,0.007455,-0.000369,calib
61.86000,7.840000,2.420000,23.830000,0.760298,0.485224,7.036678,0.016000,0.007602,-0.000462,calib
61.87500,7.840000,2.400000,23.820000,0.760528,0.476879,7.047009,0.015777,0.007506,-0.000348,calib
61.89100,7.820000,2.350000,23.830000,0.752855,0.473010,7.057156,0.015917,0.007463,-0.000453,calib
61.90700,7.830000,2.330000,23.910000,0.738487,0.481709,7.077866,0.015980,0.007373,-0.000233,calib
61.90700,7.800000,2.320000,23.870000,0.716695,0.477895,7.098272,0.015956,0.007336,-0.000333,calib
61.96900,7.900000,2.220000,23.900000,0.671446,0.446217,7.149269,0.016403,0.006880,-0.000212,calib
61.98500,7.920000,2.200000,23.830000,0.663751,0.433685,7.169913,0.016482,0.007029,-0.000204,calib
61.98500,7.930000,2.220000,23.840000,0.663720,0.433957,7.159465,0.016484,0.006837,-0.000209,calib
62.00000,7.890000,2.240000,23.850000,0.664033,0.433731,7.180195,0.016317,0.006934,-0.000199,calib
62.01600,7.910000,2.240000,23.880000,0.664033,0.433731,7.180195,0.016317,0.006934,-0.000199,calib
62.06300,7.940000,2.170000,23.900000,0.642708,0.429845,7.180141,0.016128,0.006796,0.000017,calib
62.07900,7.910000,2.160000,23.890000,0.642360,0.438534,7.190348,0.016354,0.006703,-0.000090,calib
62.09400,7.910000,2.240000,23.900000,0.649634,0.442702,7.190458,0.016383,0.006651,0.000017,calib
62.09400,7.890000,2.200000,23.920000,0.649665,0.442430,7.200905,0.016381,0.006844,0.000022,calib
62.11000,7.890000,2.250000,23.950000,0.657241,0.446344,7.190515,0.016242,0.006888,-0.000195,calib
62.15700,7.940000,2.230000,23.890000,0.664033,0.433731,7.180195,0.016317,0.006934,-0.000199,calib
62.17200,7.890000,2.250000,23.910000,0.664516,0.450512,7.190624,0.016270,0.006838,-0.000087,calib
62.18800,7.840000,2.270000,24.000000,0.657724,0.463125,7.200943,0.016194,0.006792,-0.000083,calib
62.20400,7.880000,2.280000,23.980000,0.657724,0.463125,7.200943,0.016194,0.006792,-0.000083,calib
62.21900,7.840000,2.290000,23.970000,0.672605,0.470935,7.201109,0.016082,0.006978,-0.000188,calib
62.26600,7.900000,2.380000,24.030000,0.708740,0.474540,7.222161,0.016103,0.007111,-0.000071,calib
62.28200,7.910000,2.380000,24.070000,0.702261,0.486926,7.253211,0.015861,0.007163,-0.000056,calib
62.29700,7.880000,2.450000,24.100000,0.709864,0.507720,7.304939,0.015842,0.007213,-0.000143,calib
62.29700,7.890000,2.420000,24.140000,0.717103,0.520350,7.335986,0.015930,0.007166,-0.000131,calib
62.31300,7.860000,2.450000,24.200000,0.724120,0.507582,7.377384,0.015841,0.007311,-0.000112,calib
62.36000,7.910000,2.440000,24.320000,0.688177,0.537654,7.563274,0.015895,0.007292,0.000066,calib
62.37500,7.830000,2.460000,24.420000,0.681299,0.550339,7.604580,0.015821,0.007251,0.000082,calib
62.39100,7.810000,2.490000,24.500000,0.674472,0.571415,7.645837,0.015806,0.007208,-0.000010,calib
62.40700,7.840000,2.490000,24.550000,0.681572,0.575726,7.707920,0.015837,0.007164,0.000122,calib
62.40700,7.810000,2.530000,24.560000,0.681029,0.575897,7.790597,0.016005,0.007268,0.000154,calib
62.46900,8.110000,2.580000,24.650000,0.719152,0.518567,8.048411,0.017423,0.007482,-0.000291,calib
62.48500,7.990000,2.550000,24.850000,0.705031,0.535773,8.110341,0.017382,0.007300,-0.000160,calib
62.48500,7.930000,2.540000,24.880000,0.690961,0.561370,8.172223,0.017400,0.007119,-0.000137,calib
62.50000,7.900000,2.540000,24.940000,0.669934,0.574382,8.213340,0.017165,0.006890,-0.000121,calib
62.51600,7.910000,2.530000,24.970000,0.655982,0.599635,8.254683,0.017179,0.006899,-0.000106,calib
62.56300,7.930000,2.660000,25.130000,0.670194,0.633302,8.451123,0.017419,0.007008,-0.000137,calib
62.57900,7.930000,2.680000,25.170000,0.684204,0.624656,8.482347,0.017522,0.007199,-0.000017,calib
62.59400,7.970000,2.710000,25.160000,0.690960,0.620505,8.502966,0.017658,0.007247,-0.000117,calib
62.61000,8.080000,2.730000,25.190000,0.690222,0.620558,8.544374,0.017989,0.007443,-0.000104,calib
62.62500,8.050000,2.740000,25.230000,0.690017,0.620974,8.595900,0.017994,0.007258,-0.000083,calib
62.67200,7.870000,2.810000,25.570000,0.655912,0.701064,8.771589,0.017738,0.007043,0.000092,calib
62.68800,7.870000,2.800000,25.610000,0.656057,0.717599,8.813169,0.017855,0.007238,0.000214,calib
62.70400,7.900000,2.890000,25.610000,0.662813,0.713448,8.833788,0.017991,0.007286,0.000114,calib
62.71900,7.940000,2.860000,25.640000,0.668836,0.701160,8.854430,0.018400,0.007336,0.000119,calib
62.73500,8.070000,2.870000,25.510000,0.674710,0.680527,8.874876,0.018751,0.007387,-0.000090,calib
62.78200,7.930000,2.800000,25.700000,0.639763,0.727481,8.978069,0.018592,0.006975,0.000163,calib
62.79700,7.840000,2.800000,25.760000,0.632971,0.740094,8.988389,0.018516,0.006931,0.000167,calib
62.81300,7.870000,2.810000,25.760000,0.632572,0.740393,8.998645,0.018684,0.006836,0.000169,calib
62.81300,8.000000,2.810000,25.740000,0.646120,0.723629,9.008945,0.018896,0.006931,0.000065,calib
62.82900,8.030000,2.830000,25.710000,0.652564,0.719705,9.008833,0.019198,0.006882,-0.000046,calib
62.87500,8.120000,2.810000,25.700000,0.657571,0.674425,9.018952,0.019707,0.006742,0.000061,calib
62.89100,8.070000,2.790000,25.740000,0.649897,0.670556,9.029099,0.019846,0.006698,-0.000044,calib
62.90700,8.100000,2.780000,25.700000,0.649563,0.662120,9.018866,0.019952,0.006792,0.000059,calib
62.92200,8.110000,2.770000,25.720000,0.649932,0.662093,8.998161,0.019786,0.006694,0.000052,calib
62.93800,8.140000,2.780000,25.650000,0.642525,0.666226,8.987965,0.019980,0.006840,0.000153,calib
62.98500,8.030000,2.800000,25.710000,0.636523,0.687176,8.956827,0.019632,0.006598,0.000035,calib
63.00000,8.080000,2.760000,25.690000,0.643315,0.674563,8.946507,0.019708,0.006644,0.000031,calib
63.01600,8.130000,2.780000,25.640000,0.642498,0.649346,8.925845,0.019861,0.006833,0.000023,calib
63.03200,8.230000,2.720000,25.580000,0.648609,0.636986,8.915500,0.020269,0.006880,0.000015,calib
63.03200,8.240000,2.680000,25.530000,0.641651,0.624401,8.894735,0.020016,0.006833,0.000009,calib
63.09400,8.160000,2.690000,25.640000,0.626422,0.625280,8.904777,0.020355,0.006553,0.000008,calib
63.11000,8.320000,2.670000,25.570000,0.640006,0.600054,8.884138,0.020506,0.006644,0.000000,calib
63.12500,8.320000,2.670000,25.510000,0.660366,0.579339,8.873622,0.020854,0.006591,-0.000221,calib
63.12500,8.390000,2.650000,25.420000,0.667106,0.558335,8.863351,0.020871,0.006635,-0.000117,calib
63.14100,8.400000,2.670000,25.430000,0.666876,0.566680,8.853020,0.021094,0.006731,-0.000231,calib
63.20400,8.260000,2.720000,25.600000,0.668523,0.599989,8.873903,0.020668,0.006537,-0.000005,calib
63.21900,8.360000,2.700000,25.520000,0.689032,0.578658,8.853296,0.021010,0.006866,-0.000229,calib
63.21900,8.410000,2.710000,25.440000,0.709823,0.566334,8.853256,0.021252,0.006717,-0.000231,calib
63.23500,8.450000,2.670000,25.460000,0.716615,0.553720,8.842937,0.021328,0.006762,-0.000235,calib
63.25000,8.410000,2.670000,25.420000,0.709941,0.565990,8.832717,0.021249,0.006906,-0.000238,calib
63.29700,8.260000,2.680000,25.620000,0.689515,0.595439,8.863724,0.020963,0.006770,-0.000118,calib
63.31300,8.350000,2.750000,25.480000,0.703062,0.578675,8.874023,0.021174,0.006864,-0.000222,calib
63.31300,8.420000,2.690000,25.430000,0.723972,0.566007,8.853445,0.021413,0.006905,-0.000231,calib
63.32900,8.510000,2.740000,25.430000,0.737919,0.548944,8.853488,0.021456,0.007092,-0.000337,calib
63.34400,8.480000,2.710000,25.390000,0.737607,0.549170,8.832758,0.021623,0.006995,-0.000347,calib
63.39100,8.290000,2.740000,25.620000,0.690479,0.620040,8.874295,0.020804,0.006960,-0.000112,calib
63.40700,8.310000,2.740000,25.570000,0.697552,0.607472,8.874258,0.020716,0.006910,-0.000110,calib
63.40700,8.350000,2.740000,25.510000,0.703996,0.603548,8.874147,0.021018,0.006862,-0.000221,calib
63.42200,8.400000,2.730000,25.500000,0.717580,0.578321,8.853508,0.021169,0.006952,-0.000229,calib
63.43800,8.480000,2.720000,25.410000,0.730815,0.561784,8.843077,0.021547,0.006949,-0.000343,calib
63.48500,8.300000,2.650000,25.590000,0.682723,0.608052,8.874043,0.020887,0.006725,-0.000114,calib
63.50000,8.300000,2.720000,25.630000,0.682723,0.608052,8.874043,0.020887,0.006725,-0.000114,calib
63.50000,8.390000,2.710000,25.600000,0.689115,0.595738,8.873981,0.021131,0.006676,-0.000116,calib
63.51600,8.450000,2.690000,25.460000,0.702781,0.578630,8.863741,0.021339,0.006959,-0.000228,calib
63.53200,8.560000,2.680000,25.460000,0.716298,0.562137,8.863593,0.021552,0.006861,-0.000336,calib
63.57900,8.400000,2.650000,25.570000,0.688299,0.570521,8.853318,0.021283,0.006867,-0.000125,calib
63.59400,8.400000,2.660000,25.590000,0.688320,0.579183,8.842822,0.021344,0.006676,-0.000238,calib
63.61000,8.410000,2.670000,25.490000,0.695261,0.574915,8.832697,0.021478,0.006719,-0.000028,calib
63.61000,8.510000,2.650000,25.450000,0.702473,0.570666,8.801625,0.021447,0.006666,-0.000147,calib
63.62500,8.460000,2.650000,25.400000,0.695147,0.558108,8.801565,0.021360,0.006717,-0.000146,calib
63.67200,8.370000,2.650000,25.480000,0.682158,0.591554,8.739477,0.021099,0.006522,-0.000278,calib
63.68800,8.420000,2.640000,25.530000,0.689099,0.587287,8.729353,0.021233,0.006566,-0.000068,calib
63.70400,8.500000,2.630000,25.400000,0.703047,0.570224,8.729396,0.021277,0.006755,-0.000174,calib
63.71900,8.500000,2.700000,25.420000,0.709838,0.557610,8.719076,0.021352,0.006799,-0.000178,calib
63.71900,8.580000,2.630000,25.330000,0.701800,0.545577,8.708542,0.021599,0.006659,-0.000185,calib
63.78200,8.290000,2.530000,25.550000,0.618825,0.604698,8.697924,0.020537,0.006201,0.000029,calib
63.79700,8.350000,2.590000,25.500000,0.632942,0.604643,8.687665,0.020700,0.006196,0.000024,calib
63.81300,8.400000,2.610000,25.400000,0.654303,0.600066,8.656782,0.020830,0.006330,-0.000096,calib
63.81300,8.510000,2.670000,25.350000,0.668337,0.582931,8.625838,0.020872,0.006515,-0.000214,calib
63.82900,8.540000,2.660000,25.290000,0.682070,0.566050,8.605394,0.021082,0.006605,-0.000008,calib
63.89100,8.280000,2.610000,25.500000,0.641211,0.616732,8.594792,0.020451,0.006135,-0.000011,calib
63.89100,8.270000,2.600000,25.460000,0.641211,0.616732,8.594792,0.020451,0.006135,-0.000011,calib
63.90700,8.370000,2.580000,25.430000,0.648002,0.604119,8.584472,0.020527,0.006180,-0.000015,calib
63.92200,8.430000,2.580000,25.320000,0.661637,0.587283,8.563785,0.020737,0.006271,-0.000131,calib
63.93800,8.450000,2.590000,25.360000,0.668429,0.574669,8.553466,0.020813,0.006317,-0.000135,calib
63.98500,8.270000,2.570000,25.430000,0.641385,0.616588,8.532819,0.020448,0.006129,-0.000036,calib
64.00000,8.320000,2.560000,25.410000,0.648207,0.603703,8.532947,0.020522,0.006366,-0.000035,calib
64.01600,8.420000,2.600000,25.350000,0.662124,0.586912,8.522542,0.020568,0.006363,-0.000145,calib
64.03200,8.520000,2.570000,25.250000,0.668182,0.566162,8.512246,0.020917,0.006409,-0.000045,calib
64.03200,8.520000,2.560000,25.240000,0.660544,0.553830,8.491455,0.020996,0.006361,-0.000054,calib
64.09400,8.390000,2.520000,25.360000,0.632813,0.579384,8.511905,0.020684,0.006084,-0.000046,calib
64.11000,8.440000,2.550000,25.300000,0.646510,0.570965,8.522399,0.020954,0.006176,0.000064,calib
64.12500,8.490000,2.570000,25.260000,0.653301,0.558352,8.512079,0.021029,0.006222,0.000060,calib
64.12500,8.530000,2.540000,25.220000,0.652818,0.541570,8.501651,0.021077,0.006318,-0.000051,calib
64.14100,8.560000,2.540000,25.200000,0.659662,0.537348,8.491283,0.021211,0.006363,-0.000164,calib
64.18800,8.380000,2.530000,25.340000,0.640174,0.583480,8.481027,0.020711,0.006030,0.000049,calib
64.20400,8.470000,2.550000,25.310000,0.647278,0.570640,8.491438,0.020620,0.006173,0.000055,calib
64.21900,8.570000,2.540000,25.230000,0.653270,0.549662,8.491346,0.020968,0.006412,-0.000161,calib
64.23500,8.590000,2.550000,25.190000,0.659728,0.528613,8.470793,0.021149,0.006552,-0.000063,calib
64.25000,8.610000,2.530000,25.190000,0.666489,0.516272,8.450026,0.021227,0.006405,-0.000072,calib
64.29700,8.390000,2.500000,25.330000,0.633448,0.587359,8.470856,0.020573,0.006173,0.000154,calib
64.31300,8.400000,2.580000,25.370000,0.640573,0.583181,8.470771,0.020543,0.006124,0.000047,calib
64.32900,8.470000,2.580000,25.270000,0.661565,0.578631,8.460592,0.020838,0.006356,-0.000066,calib
64.32900,8.520000,2.580000,25.260000,0.668357,0.566018,8.450272,0.020914,0.006402,-0.000070,calib
64.34400,8.600000,2.550000,25.160000,0.667992,0.557854,8.429591,0.021022,0.006304,0.000028,calib
64.40700,8.260000,2.480000,25.390000,0.606600,0.637796,8.377739,0.020267,0.005788,0.000115,calib
64.40700,8.270000,2.530000,25.350000,0.606630,0.637524,8.388187,0.020265,0.005980,0.000120,calib
64.42200,8.360000,2.520000,25.340000,0.606630,0.637524,8.388187,0.020265,0.005980,0.000120,calib
64.42200,8.430000,2.550000,25.280000,0.620577,0.620461,8.388230,0.020309,0.006168,0.000014,calib
64.43800,8.510000,2.550000,25.210000,0.626918,0.599756,8.388216,0.020494,0.006119,0.000120,calib
64.48500,8.320000,2.490000,25.270000,0.592552,0.620927,8.326122,0.019984,0.005786,0.000312,calib
64.50000,8.250000,2.500000,25.350000,0.579056,0.646081,8.315774,0.019832,0.005693,0.000308,calib
64.51600,8.220000,2.480000,25.340000,0.586716,0.667075,8.326069,0.019813,0.005548,0.000204,calib
64.53200,8.230000,2.530000,25.350000,0.601063,0.649714,8.315855,0.019689,0.005829,0.000096,calib
64.53200,8.400000,2.550000,25.230000,0.621655,0.645463,8.315933,0.020152,0.005968,-0.000015,calib
64.57900,8.290000,2.550000,25.260000,0.644101,0.632144,8.233433,0.019723,0.005999,-0.000041,calib
64.59400,8.200000,2.550000,25.290000,0.623480,0.661476,8.223171,0.019601,0.005955,0.000061,calib
64.61000,8.150000,2.470000,25.330000,0.602909,0.674390,8.212596,0.019198,0.005625,0.000059,calib
64.62500,8.090000,2.460000,25.410000,0.596517,0.686705,8.212659,0.018955,0.005674,0.000061,calib
64.62500,8.160000,2.470000,25.320000,0.603360,0.682482,8.202291,0.019089,0.005719,-0.000051,calib
64.68800,8.260000,2.510000,25.200000,0.603281,0.657212,8.140221,0.018911,0.005713,-0.000073,calib
64.70400,8.190000,2.500000,25.270000,0.589282,0.665884,8.140226,0.018808,0.005526,0.000141,calib
64.70400,8.100000,2.440000,25.300000,0.574852,0.666166,8.129755,0.018812,0.005433,0.000136,calib
64.71900,8.110000,2.450000,25.270000,0.574852,0.666166,8.129755,0.018812,0.005433,0.000136,calib
64.73500,8.250000,2.430000,25.150000,0.574287,0.641267,8.108927,0.018802,0.005337,0.000128,calib
64.78200,8.180000,2.350000,25.220000,0.538671,0.645981,8.067366,0.018674,0.005105,0.000217,calib
64.79700,8.110000,2.400000,25.230000,0.532278,0.658296,8.067429,0.018430,0.005154,0.000220,calib
64.81300,8.050000,2.400000,25.280000,0.539886,0.670899,8.077772,0.018353,0.005008,0.000224,calib
64.82900,8.060000,2.400000,25.270000,0.553834,0.653836,8.077815,0.018397,0.005195,0.000118,calib
64.84400,8.250000,2.460000,25.170000,0.574492,0.640851,8.057402,0.018798,0.005523,0.000108,calib
64.89100,8.130000,2.390000,25.150000,0.567757,0.653664,8.026287,0.018723,0.005282,0.000095,calib
64.90700,8.100000,2.410000,25.260000,0.561646,0.666024,8.036632,0.018315,0.005236,0.000103,calib
64.92200,8.110000,2.450000,25.250000,0.554521,0.670202,8.036718,0.018345,0.005285,0.000209,calib
64.92200,8.140000,2.450000,25.210000,0.575395,0.665996,8.047078,0.018643,0.005330,0.000104,calib
64.93800,8.220000,2.480000,25.110000,0.589009,0.640497,8.036887,0.018793,0.005612,0.000101,calib
64.98500,8.240000,2.330000,25.090000,0.559614,0.615889,8.005564,0.018788,0.005524,0.000087,calib
65.00000,8.130000,2.300000,25.210000,0.531549,0.633007,8.015780,0.018582,0.005341,0.000199,calib
65.01600,8.040000,2.340000,25.200000,0.532001,0.650060,8.015761,0.018537,0.005053,0.000305,calib
65.03200,8.070000,2.330000,25.230000,0.532453,0.658152,8.005456,0.018428,0.005148,0.000195,calib
65.03200,8.140000,2.410000,25.140000,0.546549,0.649435,8.005693,0.018530,0.005334,0.000303,calib
65.09400,8.270000,2.420000,25.060000,0.588561,0.615254,7.995520,0.018780,0.005704,0.000086,calib
65.11000,8.210000,2.400000,25.140000,0.567222,0.628493,8.015907,0.018711,0.005378,0.000092,calib
65.11000,8.110000,2.350000,25.210000,0.553275,0.645556,8.015864,0.018668,0.005190,0.000198,calib
65.12500,8.140000,2.340000,25.200000,0.546462,0.649506,8.036680,0.018531,0.005337,0.000315,calib
65.14100,8.170000,2.360000,25.180000,0.560031,0.641405,8.036483,0.018803,0.005239,0.000098,calib
65.20400,8.290000,2.380000,25.030000,0.580155,0.603247,8.005691,0.019193,0.005662,0.000085,calib
65.21900,8.210000,2.330000,25.110000,0.566489,0.620356,8.015930,0.018985,0.005379,0.000197,calib
65.23500,8.120000,2.380000,25.190000,0.559698,0.632969,8.026249,0.018909,0.005334,0.000201,calib
65.25000,8.160000,2.380000,25.130000,0.560097,0.632670,8.015993,0.018741,0.005428,0.000199,calib
65.26600,8.270000,2.410000,25.130000,0.574096,0.623998,8.015987,0.018844,0.005616,-0.000016,calib
65.31300,8.150000,2.390000,25.120000,0.582340,0.644576,7.985282,0.018656,0.005560,0.000188,calib
65.32900,8.140000,2.420000,25.130000,0.582391,0.652967,7.985233,0.018714,0.005560,0.000080,calib
65.34400,8.220000,2.410000,25.070000,0.589096,0.640425,8.005900,0.018791,0.005608,0.000088,calib
65.36000,8.300000,2.420000,25.030000,0.595939,0.636203,7.995532,0.018926,0.005654,-0.000024,calib
65.37500,8.340000,2.450000,25.030000,0.602761,0.623317,7.995661,0.018999,0.005892,-0.000023,calib
65.43800,8.250000,2.370000,25.030000,0.574471,0.640590,7.954160,0.018958,0.005609,0.000065,calib
65.45400,8.300000,2.400000,25.030000,0.581545,0.628022,7.954123,0.018869,0.005559,0.000067,calib
65.46900,8.370000,2.390000,24.970000,0.588367,0.615137,7.954252,0.018943,0.005796,0.000067,calib
65.48500,8.350000,2.380000,24.980000,0.594811,0.611212,7.954140,0.019245,0.005749,-0.000043,calib
65.50000,8.340000,2.380000,24.950000,0.588054,0.615363,7.933521,0.019109,0.005699,0.000057,calib
65.56300,8.220000,2.410000,25.040000,0.581965,0.636386,7.933370,0.018762,0.005461,-0.000048,calib
65.56300,8.320000,2.410000,24.970000,0.602853,0.615055,7.923288,0.018940,0.005692,0.000056,calib
65.57900,8.340000,2.400000,24.930000,0.616519,0.597947,7.913049,0.019148,0.005975,-0.000056,calib
65.59400,8.370000,2.410000,24.920000,0.616036,0.581166,7.902621,0.019195,0.006072,-0.000167,calib
65.61000,8.350000,2.410000,24.910000,0.608963,0.593734,7.902658,0.019284,0.006122,-0.000169,calib
65.68800,8.370000,2.430000,24.880000,0.631205,0.605640,7.871946,0.019198,0.006254,-0.000179,calib
65.70400,8.360000,2.420000,24.910000,0.631175,0.605912,7.861499,0.019200,0.006062,-0.000184,calib
65.71900,8.280000,2.440000,24.980000,0.624783,0.618227,7.861561,0.018957,0.006110,-0.000182,calib
65.73500,8.230000,2.400000,25.040000,0.611117,0.635335,7.871801,0.018749,0.005827,-0.000070,calib
65.75000,8.180000,2.370000,25.020000,0.603992,0.639512,7.871887,0.018779,0.005877,0.000036,calib
65.81300,8.300000,2.450000,24.870000,0.640239,0.634556,7.799784,0.018738,0.006001,-0.000097,calib
65.82900,8.160000,2.460000,24.950000,0.633929,0.654989,7.810246,0.018551,0.006243,-0.000199,calib
65.84400,8.140000,2.490000,25.000000,0.641936,0.667294,7.810332,0.018306,0.006191,-0.000196,calib
65.84400,8.130000,2.510000,25.040000,0.649262,0.679852,7.810393,0.018393,0.006141,-0.000197,calib
65.86000,8.190000,2.510000,25.010000,0.656084,0.666967,7.810521,0.018467,0.006378,-0.000196,calib
65.92200,8.260000,2.440000,24.960000,0.654751,0.642392,7.820654,0.018791,0.006286,-0.000195,calib
65.93800,8.260000,2.450000,25.050000,0.640480,0.651254,7.882390,0.018691,0.006106,-0.000278,calib
65.95400,8.250000,2.450000,25.010000,0.639942,0.643234,7.923681,0.018802,0.006014,-0.000156,calib
65.96900,8.310000,2.470000,25.000000,0.646329,0.639109,7.965004,0.019103,0.006161,-0.000249,calib
65.96900,8.370000,2.440000,25.000000,0.645791,0.631089,8.006296,0.019214,0.006070,-0.000126,calib
66.03200,8.110000,2.480000,25.310000,0.611332,0.703249,8.233316,0.018905,0.005671,-0.000145,calib
66.04700,8.200000,2.500000,25.290000,0.625393,0.702994,8.264491,0.019067,0.005861,-0.000133,calib
66.06300,8.290000,2.550000,25.200000,0.639007,0.677496,8.254301,0.019216,0.006144,-0.000136,calib
66.06300,8.360000,2.530000,25.140000,0.659517,0.665126,8.243979,0.019622,0.006090,-0.000143,calib
66.07900,8.410000,2.540000,25.190000,0.666309,0.652513,8.233660,0.019698,0.006135,-0.000147,calib
66.12500,8.180000,2.510000,25.270000,0.647040,0.690273,8.202505,0.018974,0.005704,-0.000155,calib
66.15700,8.220000,2.510000,25.230000,0.639832,0.677371,8.181905,0.018883,0.005945,-0.000162,calib
66.17200,8.290000,2.500000,25.140000,0.646311,0.664984,8.150856,0.019125,0.005892,-0.000176,calib
66.17200,8.290000,2.510000,25.100000,0.653154,0.660761,8.140488,0.019260,0.005938,-0.000289,calib
66.18800,8.340000,2.480000,25.090000,0.659946,0.648148,8.130169,0.019335,0.005984,-0.000293,calib
66.23500,8.290000,2.470000,25.160000,0.631346,0.640094,8.130005,0.019117,0.005896,-0.000184,calib
66.26600,8.240000,2.440000,25.150000,0.631065,0.640049,8.119722,0.019282,0.005991,-0.000190,calib
66.28200,8.300000,2.470000,25.090000,0.638138,0.627481,8.119685,0.019193,0.005941,-0.000188,calib
66.28200,8.360000,2.460000,25.040000,0.644530,0.615166,8.119623,0.019436,0.005892,-0.000190,calib
66.29700,8.390000,2.450000,25.080000,0.637343,0.610926,8.088527,0.019407,0.005940,-0.000310,calib
66.34400,8.330000,2.440000,25.130000,0.644495,0.623628,8.150560,0.019496,0.005896,-0.000286,calib
66.37500,8.370000,2.500000,25.120000,0.651000,0.619160,8.171345,0.019795,0.006232,-0.000387,calib
66.39100,8.420000,2.480000,25.130000,0.650462,0.611140,8.212636,0.019905,0.006141,-0.000265,calib
66.40700,8.440000,2.450000,25.120000,0.643249,0.615390,8.243709,0.019936,0.006193,-0.000146,calib
66.40700,8.370000,2.480000,25.170000,0.628666,0.624477,8.284714,0.020004,0.005916,-0.000239,calib
66.48500,8.500000,2.480000,25.310000,0.633594,0.613063,8.563505,0.020591,0.005897,-0.000133,calib
66.50000,8.430000,2.510000,25.420000,0.619138,0.612872,8.604916,0.020592,0.006193,-0.000117,calib
66.50000,8.390000,2.490000,25.510000,0.612658,0.625259,8.635965,0.020350,0.006245,-0.000102,calib
66.51600,8.370000,2.530000,25.540000,0.613054,0.642112,8.677380,0.020304,0.006151,0.000022,calib
66.53200,8.350000,2.550000,25.540000,0.612932,0.650646,8.739305,0.020366,0.006158,-0.000062,calib
66.59400,8.510000,2.640000,25.550000,0.634461,0.645715,8.801573,0.020329,0.006587,-0.000141,calib
66.61000,8.460000,2.630000,25.570000,0.641766,0.649611,8.812130,0.020355,0.006729,-0.000029,calib
66.62500,8.400000,2.610000,25.600000,0.634575,0.662522,8.832705,0.020448,0.006591,-0.000023,calib
66.62500,8.460000,2.580000,25.620000,0.627582,0.658400,8.842879,0.020255,0.006546,-0.000125,calib
66.64100,8.460000,2.650000,25.610000,0.627213,0.658426,8.863583,0.020421,0.006644,-0.000118,calib
66.68800,8.420000,2.650000,25.750000,0.627205,0.683768,8.956640,0.020601,0.006653,-0.000084,calib
66.70400,8.450000,2.650000,25.740000,0.627487,0.683814,8.966922,0.020436,0.006557,-0.000078,calib
66.71900,8.400000,2.700000,25.770000,0.635125,0.696145,8.987713,0.020357,0.006605,-0.000069,calib
66.73500,8.430000,2.680000,25.810000,0.641851,0.692266,8.997884,0.020495,0.006461,-0.000173,calib
66.73500,8.450000,2.700000,25.790000,0.641482,0.692293,9.018588,0.020661,0.006559,-0.000167,calib
66.79700,8.450000,2.740000,25.810000,0.663799,0.737659,9.091334,0.020812,0.006892,-0.000246,calib
66.81300,8.380000,2.740000,25.890000,0.657341,0.758708,9.111887,0.020631,0.006753,-0.000345,calib
66.81300,8.340000,2.710000,25.930000,0.650498,0.762931,9.122255,0.020496,0.006707,-0.000232,calib
66.82900,8.340000,2.700000,25.930000,0.650380,0.763275,9.142793,0.020500,0.006518,-0.000225,calib
66.84400,8.340000,2.760000,25.930000,0.657223,0.759052,9.132425,0.020634,0.006565,-0.000337,calib
66.89100,8.420000,2.730000,25.880000,0.677281,0.729629,9.122123,0.021086,0.006798,-0.000451,calib
66.90700,8.380000,2.720000,25.980000,0.649498,0.746792,9.142621,0.020715,0.006520,-0.000334,calib
66.92200,8.330000,2.710000,25.940000,0.642706,0.759406,9.152941,0.020639,0.006475,-0.000330,calib
66.93800,8.320000,2.710000,25.970000,0.650262,0.763619,9.163332,0.020503,0.006330,-0.000217,calib
66.95400,8.390000,2.710000,25.970000,0.656737,0.759422,9.173668,0.020803,0.006474,-0.000323,calib
67.00000,8.470000,2.750000,25.900000,0.691307,0.737836,9.184237,0.021308,0.006991,-0.000535,calib
67.01600,8.440000,2.760000,25.940000,0.684863,0.741761,9.184348,0.021006,0.007040,-0.000424,calib
67.03200,8.400000,2.740000,25.950000,0.684797,0.750495,9.204838,0.021068,0.006851,-0.000525,calib
67.03200,8.450000,2.710000,25.980000,0.684745,0.742104,9.204887,0.021009,0.006851,-0.000417,calib
67.04700,8.470000,2.760000,25.960000,0.684064,0.742358,9.204861,0.021341,0.006853,-0.000421,calib
67.09400,8.500000,2.770000,25.950000,0.697976,0.733757,9.235842,0.021445,0.007043,-0.000622,calib
67.11000,8.460000,2.760000,25.980000,0.690764,0.738007,9.266914,0.021476,0.007096,-0.000503,calib
67.12500,8.480000,2.770000,26.010000,0.705163,0.737997,9.266938,0.021475,0.006995,-0.000503,calib
67.14100,8.460000,2.820000,26.010000,0.705194,0.737725,9.277386,0.021473,0.007188,-0.000498,calib
67.15700,8.500000,2.800000,25.990000,0.726385,0.725102,9.267090,0.021547,0.007132,-0.000501,calib
67.20400,8.490000,2.770000,25.920000,0.733433,0.720463,9.205196,0.021676,0.007364,-0.000634,calib
67.21900,8.470000,2.790000,25.970000,0.726642,0.733077,9.215516,0.021601,0.007319,-0.000630,calib
67.23500,8.480000,2.780000,25.990000,0.712124,0.733430,9.236031,0.021606,0.007230,-0.000623,calib
67.25000,8.430000,2.780000,25.980000,0.712124,0.733430,9.236031,0.021606,0.007230,-0.000623,calib
67.25000,8.510000,2.770000,25.960000,0.712073,0.725040,9.236080,0.021547,0.007230,-0.000514,calib
67.31300,8.580000,2.790000,25.920000,0.732100,0.695889,9.215330,0.022001,0.007272,-0.000633,calib
67.32900,8.590000,2.780000,25.950000,0.731499,0.679452,9.225440,0.022051,0.007179,-0.000736,calib
67.34400,8.710000,2.780000,25.880000,0.738009,0.666793,9.204838,0.022291,0.007319,-0.000746,calib
67.36000,8.690000,2.770000,25.820000,0.737675,0.658357,9.194605,0.022397,0.007415,-0.000644,calib
67.37500,8.710000,2.760000,25.860000,0.737645,0.658629,9.184157,0.022399,0.007222,-0.000648,calib
67.43800,8.620000,2.800000,25.860000,0.740030,0.707733,9.153608,0.021915,0.007501,-0.000656,calib
67.45400,8.650000,2.790000,25.810000,0.746821,0.695120,9.143289,0.021991,0.007546,-0.000660,calib
67.46900,8.730000,2.780000,25.810000,0.753214,0.682805,9.143226,0.022234,0.007498,-0.000662,calib
67.48500,8.690000,2.750000,25.760000,0.753100,0.665997,9.112093,0.022116,0.007496,-0.000780,calib
67.48500,8.680000,2.750000,25.790000,0.745944,0.670447,9.101731,0.022148,0.007353,-0.000678,calib
67.54700,8.680000,2.760000,25.760000,0.739327,0.682916,9.050077,0.022070,0.007302,-0.000699,calib
67.56300,8.700000,2.740000,25.710000,0.760548,0.670021,9.050229,0.022142,0.007438,-0.000698,calib
67.57900,8.730000,2.730000,25.690000,0.759902,0.661812,9.019266,0.022414,0.007436,-0.000606,calib
67.59400,8.710000,2.740000,25.690000,0.753049,0.666008,8.998403,0.022278,0.007389,-0.000828,calib
67.61000,8.650000,2.760000,25.740000,0.739449,0.674382,8.988153,0.022008,0.007295,-0.000616,calib
67.65700,8.700000,2.750000,25.710000,0.746732,0.653208,8.895205,0.021856,0.007235,-0.000543,calib
67.67200,8.740000,2.720000,25.680000,0.753857,0.649031,8.895119,0.021826,0.007186,-0.000649,calib
67.67200,8.760000,2.740000,25.650000,0.746249,0.636427,8.884776,0.021904,0.007331,-0.000654,calib
67.68800,8.690000,2.710000,25.670000,0.739063,0.641149,8.863966,0.021938,0.006997,-0.000557,calib
67.70400,8.660000,2.670000,25.670000,0.725032,0.641132,8.843238,0.021774,0.006999,-0.000564,calib
67.75000,8.740000,2.700000,25.590000,0.746341,0.628165,8.812404,0.021844,0.007132,-0.000575,calib
67.76600,8.750000,2.710000,25.570000,0.739036,0.624269,8.801847,0.021818,0.006991,-0.000687,calib
67.78200,8.750000,2.680000,25.550000,0.739102,0.615535,8.781357,0.021756,0.007180,-0.000587,calib
67.78200,8.690000,2.700000,25.600000,0.739471,0.615508,8.760652,0.021590,0.007081,-0.000593,calib
67.79700,8.660000,2.670000,25.640000,0.732367,0.628348,8.750241,0.021681,0.006939,-0.000600,calib
67.86000,8.830000,2.740000,25.480000,0.767854,0.614782,8.730044,0.021910,0.007452,-0.000607,calib
67.87500,8.810000,2.750000,25.510000,0.775097,0.610261,8.709419,0.021877,0.007592,-0.000721,calib
67.89100,8.740000,2.710000,25.510000,0.768341,0.614412,8.688801,0.021741,0.007543,-0.000621,calib
67.90700,8.660000,2.710000,25.530000,0.755526,0.639313,8.678479,0.021256,0.007448,-0.000621,calib
67.92200,8.520000,2.750000,25.620000,0.749586,0.668681,8.678522,0.020967,0.007209,-0.000513,calib
67.98500,8.830000,2.770000,25.400000,0.812573,0.613098,8.627281,0.021394,0.007807,-0.000638,calib
68.00000,8.760000,2.740000,25.430000,0.798375,0.629843,8.627404,0.021512,0.007907,-0.000534,calib
68.01600,8.670000,2.710000,25.510000,0.777435,0.642784,8.637534,0.021276,0.007676,-0.000529,calib
68.01600,8.610000,2.720000,25.570000,0.763852,0.668010,8.658172,0.021125,0.007585,-0.000521,calib
68.03200,8.540000,2.750000,25.630000,0.764134,0.668055,8.668455,0.020960,0.007489,-0.000515,calib
68.11000,8.570000,2.710000,25.730000,0.735095,0.676953,8.750871,0.021028,0.007508,-0.000592,calib
68.12500,8.530000,2.680000,25.750000,0.728185,0.689910,8.781729,0.020956,0.007274,-0.000581,calib
68.14100,8.550000,2.770000,25.800000,0.728098,0.689982,8.812716,0.020957,0.007277,-0.000568,calib
68.15700,8.610000,2.770000,25.700000,0.742164,0.681536,8.802505,0.021062,0.007271,-0.000465,calib
68.15700,8.660000,2.790000,25.620000,0.741282,0.665054,8.802333,0.021277,0.007273,-0.000574,calib
68.21900,8.540000,2.680000,25.750000,0.699121,0.690889,8.812312,0.020968,0.006905,-0.000571,calib
68.23500,8.560000,2.710000,25.720000,0.706425,0.694785,8.822869,0.020994,0.007045,-0.000459,calib
68.25000,8.620000,2.740000,25.670000,0.713217,0.682172,8.812549,0.021070,0.007091,-0.000463,calib
68.26600,8.630000,2.720000,25.650000,0.727186,0.673771,8.802096,0.021175,0.007088,-0.000682,calib
68.26600,8.690000,2.700000,25.600000,0.734126,0.669504,8.791971,0.021309,0.007131,-0.000472,calib
68.32900,8.580000,2.720000,25.660000,0.727791,0.682018,8.750600,0.021066,0.006984,-0.000487,calib
68.34400,8.700000,2.760000,25.550000,0.741790,0.673346,8.750594,0.021168,0.007173,-0.000702,calib
68.36000,8.720000,2.740000,25.540000,0.755856,0.664901,8.740384,0.021272,0.007167,-0.000599,calib
68.37500,8.700000,2.740000,25.520000,0.770172,0.647811,8.719722,0.021150,0.007256,-0.000711,calib
68.37500,8.740000,2.730000,25.570000,0.769890,0.647766,8.709440,0.021315,0.007351,-0.000717,calib
68.43800,8.510000,2.690000,25.760000,0.707732,0.702480,8.750616,0.020550,0.007132,-0.000590,calib
68.45400,8.590000,2.700000,25.670000,0.728641,0.689812,8.730038,0.020789,0.007173,-0.000600,calib
68.46900,8.630000,2.730000,25.620000,0.749551,0.677143,8.709460,0.021028,0.007212,-0.000609,calib
68.46900,8.690000,2.720000,25.570000,0.756342,0.664530,8.699141,0.021103,0.007258,-0.000613,calib
68.48500,8.700000,2.720000,25.540000,0.763503,0.651890,8.668117,0.021013,0.007204,-0.000624,calib
68.56300,8.690000,2.730000,25.600000,0.742246,0.673247,8.698903,0.021001,0.007071,-0.000721,calib
68.57900,8.680000,2.730000,25.530000,0.748668,0.660661,8.709288,0.021243,0.007214,-0.000718,calib
68.59400,8.700000,2.700000,25.530000,0.748586,0.652542,8.698889,0.021186,0.007023,-0.000615,calib
68.61000,8.580000,2.640000,25.610000,0.734238,0.660942,8.698817,0.021246,0.007123,-0.000724,calib
68.62500,8.540000,2.660000,25.670000,0.712847,0.665791,8.719252,0.021119,0.006796,-0.000609,calib
68.67200,8.570000,2.620000,25.630000,0.720885,0.677824,8.729786,0.020872,0.006938,-0.000601,calib
68.68800,8.510000,2.710000,25.640000,0.720486,0.678122,8.740043,0.021040,0.006843,-0.000599,calib
68.71900,8.550000,2.640000,25.740000,0.713524,0.673728,8.760664,0.020845,0.006991,-0.000696,calib
68.73500,8.580000,2.620000,25.720000,0.713037,0.674098,8.801907,0.021014,0.006900,-0.000682,calib
68.75000,8.570000,2.650000,25.700000,0.712638,0.674397,8.812163,0.021182,0.006807,-0.000680,calib
68.81300,8.420000,2.620000,25.860000,0.664233,0.720892,8.822399,0.020688,0.006484,-0.000461,calib
68.82900,8.430000,2.630000,25.850000,0.677781,0.704128,8.832698,0.020900,0.006578,-0.000565,calib
68.84400,8.540000,2.660000,25.790000,0.691277,0.678973,8.843046,0.021052,0.006672,-0.000560,calib
68.86000,8.670000,2.680000,25.650000,0.711638,0.658258,8.832530,0.021400,0.006619,-0.000781,calib
68.87500,8.690000,2.590000,25.660000,0.711304,0.649823,8.822296,0.021506,0.006714,-0.000679,calib
68.93800,8.570000,2.610000,25.710000,0.676396,0.671163,8.842880,0.021165,0.006487,-0.000455,calib
68.95400,8.690000,2.580000,25.630000,0.689149,0.637845,8.822021,0.021590,0.006579,-0.000681,calib
68.96900,8.780000,2.590000,25.590000,0.694607,0.600657,8.821834,0.021990,0.006533,-0.000684,calib
68.98500,8.770000,2.500000,25.590000,0.679726,0.592847,8.821668,0.022102,0.006346,-0.000579,calib
68.98500,8.700000,2.440000,25.620000,0.644786,0.605498,8.821519,0.021700,0.006308,-0.000577,calib
69.04700,8.650000,2.510000,25.680000,0.639210,0.643030,8.842244,0.021303,0.006167,-0.000566,calib
69.06300,8.720000,2.550000,25.650000,0.667244,0.626184,8.821580,0.021512,0.006156,-0.000682,calib
69.07900,8.730000,2.550000,25.620000,0.681059,0.617421,8.811535,0.021778,0.006438,-0.000580,calib
69.09400,8.690000,2.560000,25.620000,0.681393,0.625857,8.821769,0.021673,0.006343,-0.000683,calib
69.11000,8.630000,2.540000,25.680000,0.667424,0.634257,8.832222,0.021568,0.006347,-0.000464,calib
69.15700,8.720000,2.550000,25.630000,0.681423,0.625585,8.832217,0.021671,0.006535,-0.000678,calib
69.17200,8.730000,2.570000,25.610000,0.695910,0.625503,8.801254,0.021668,0.006432,-0.000690,calib
69.18800,8.610000,2.510000,25.700000,0.682392,0.641996,8.801402,0.021454,0.006530,-0.000581,calib
69.20400,8.530000,2.550000,25.750000,0.669178,0.667196,8.801336,0.021137,0.006341,-0.000580,calib
69.20400,8.450000,2.550000,25.830000,0.655661,0.683688,8.801485,0.020924,0.006439,-0.000471,calib
69.25000,8.650000,2.580000,25.630000,0.705004,0.653875,8.749987,0.021203,0.006565,-0.000598,calib
69.26600,8.650000,2.550000,25.680000,0.704605,0.654174,8.760243,0.021371,0.006470,-0.000596,calib
69.28200,8.600000,2.540000,25.650000,0.683413,0.666797,8.770539,0.021297,0.006526,-0.000593,calib
69.29700,8.530000,2.530000,25.710000,0.662474,0.679737,8.780669,0.021060,0.006293,-0.000588,calib
69.29700,8.510000,2.520000,25.820000,0.648839,0.696573,8.801356,0.020850,0.006202,-0.000472,calib
69.36000,8.640000,2.580000,25.720000,0.676114,0.671118,8.832598,0.021329,0.006581,-0.000461,calib
69.37500,8.630000,2.560000,25.740000,0.661966,0.671445,8.832409,0.021169,0.006395,-0.000461,calib
69.37500,8.600000,2.540000,25.770000,0.655574,0.683760,8.832472,0.020925,0.006443,-0.000458,calib
69.39100,8.520000,2.520000,25.830000,0.641539,0.700894,8.863415,0.020883,0.006258,-0.000340,calib
69.40700,8.500000,2.510000,25.860000,0.634748,0.713508,8.873735,0.020807,0.006213,-0.000336,calib
69.45400,8.730000,2.570000,25.660000,0.682732,0.658648,8.884252,0.021408,0.006632,-0.000440,calib
69.46900,8.680000,2.590000,25.660000,0.689857,0.654471,8.884166,0.021378,0.006583,-0.000547,calib
69.48500,8.640000,2.580000,25.740000,0.683065,0.667084,8.894485,0.021302,0.006537,-0.000543,calib
69.50000,8.550000,2.570000,25.820000,0.661844,0.679979,8.894333,0.021230,0.006402,-0.000544,calib
69.51600,8.530000,2.540000,25.820000,0.655364,0.692366,8.925383,0.020988,0.006452,-0.000530,calib
69.54700,8.720000,2.630000,25.700000,0.732799,0.662315,8.925788,0.021593,0.006764,-0.000637,calib
69.57900,8.750000,2.670000,25.700000,0.739709,0.649358,8.894930,0.021666,0.006999,-0.000649,calib
69.59400,8.700000,2.640000,25.690000,0.740591,0.665840,8.895102,0.021451,0.006997,-0.000540,calib
69.59400,8.610000,2.620000,25.740000,0.734168,0.678427,8.884717,0.021209,0.006853,-0.000542,calib
69.61000,8.590000,2.630000,25.760000,0.720651,0.694919,8.884865,0.020996,0.006951,-0.000434,calib
69.65700,8.680000,2.740000,25.710000,0.748486,0.686146,8.864319,0.021425,0.007229,-0.000659,calib
69.67200,8.710000,2.670000,25.680000,0.756010,0.681670,8.853976,0.021228,0.007274,-0.000767,calib
69.68800,8.700000,2.650000,25.710000,0.748855,0.686120,8.843614,0.021260,0.007131,-0.000666,calib
69.70400,8.580000,2.610000,25.750000,0.727945,0.698788,8.864192,0.021021,0.007091,-0.000656,calib
69.70400,8.550000,2.640000,25.780000,0.714029,0.715579,8.874597,0.020975,0.007096,-0.000546,calib
69.75000,8.760000,2.700000,25.620000,0.770076,0.673225,8.843766,0.021332,0.007268,-0.000664,calib
69.78200,8.730000,2.680000,25.600000,0.777468,0.677049,8.823337,0.021357,0.007406,-0.000565,calib
69.79700,8.710000,2.700000,25.630000,0.771163,0.689292,8.792413,0.021112,0.007452,-0.000575,calib
69.79700,8.640000,2.670000,25.650000,0.750675,0.710324,8.792238,0.020766,0.007314,-0.000681,calib
69.81300,8.500000,2.670000,25.810000,0.737127,0.727088,8.781939,0.020555,0.007220,-0.000577,calib
69.86000,8.740000,2.670000,25.610000,0.778441,0.676308,8.740851,0.021018,0.007588,-0.000593,calib
69.87500,8.690000,2.660000,25.640000,0.772019,0.688895,8.730466,0.020777,0.007444,-0.000596,calib
69.89100,8.600000,2.690000,25.650000,0.750797,0.701790,8.730314,0.020705,0.007307,-0.000597,calib
69.90700,8.520000,2.660000,25.730000,0.730037,0.722803,8.751086,0.020525,0.007266,-0.000374,calib
69.92200,8.450000,2.650000,25.770000,0.709149,0.744134,8.761168,0.020347,0.007036,-0.000478,calib
69.96900,8.700000,2.700000,25.640000,0.758067,0.714148,8.771809,0.020791,0.007452,-0.000581,calib
70.00000,8.710000,2.730000,25.640000,0.765341,0.718316,8.771918,0.020820,0.007402,-0.000474,calib
70.00000,8.590000,2.710000,25.720000,0.758549,0.730929,8.782237,0.020744,0.007356,-0.000470,calib
70.01600,8.520000,2.700000,25.780000,0.752070,0.743315,8.813286,0.020502,0.007408,-0.000456,calib
70.03200,8.560000,2.730000,25.830000,0.744997,0.755883,8.813324,0.020591,0.007458,-0.000458,calib
70.07900,8.710000,2.810000,25.710000,0.772171,0.747625,8.895993,0.021192,0.007652,-0.000644,calib
70.09400,8.660000,2.770000,25.830000,0.772084,0.747697,8.926980,0.021194,0.007655,-0.000631,calib
70.11000,8.630000,2.770000,25.820000,0.757931,0.756214,8.968176,0.021091,0.007664,-0.000722,calib
70.12500,8.590000,2.770000,25.870000,0.750740,0.769126,8.988752,0.021183,0.007526,-0.000716,calib
70.12500,8.570000,2.690000,25.860000,0.743580,0.781766,9.019776,0.021273,0.007578,-0.000705,calib
70.18800,8.610000,2.840000,25.930000,0.779991,0.793606,9.092496,0.021188,0.007811,-0.000673,calib
70.20400,8.590000,2.840000,25.980000,0.780838,0.818551,9.123606,0.021033,0.007812,-0.000660,calib
70.20400,8.520000,2.890000,26.020000,0.781054,0.827330,9.154378,0.020931,0.007528,-0.000754,calib
70.21900,8.530000,2.830000,26.090000,0.773960,0.831236,9.164911,0.020959,0.007770,-0.000643,calib
70.21900,8.550000,2.840000,26.060000,0.773873,0.831308,9.195898,0.020960,0.007774,-0.000631,calib
70.28200,8.590000,2.830000,26.160000,0.758094,0.815738,9.329740,0.021188,0.007507,-0.000688,calib
70.29700,8.590000,2.830000,26.140000,0.758208,0.832546,9.360873,0.021306,0.007509,-0.000570,calib
70.29700,8.570000,2.860000,26.190000,0.765246,0.828440,9.391773,0.021278,0.007463,-0.000664,calib
70.31300,8.570000,2.870000,26.190000,0.765559,0.828213,9.412504,0.021111,0.007560,-0.000653,calib
70.32900,8.610000,2.880000,26.200000,0.772315,0.824062,9.433122,0.021247,0.007608,-0.000753,calib
70.37500,8.560000,2.850000,26.270000,0.736398,0.854606,9.567130,0.021304,0.007202,-0.000597,calib
70.39100,8.530000,2.830000,26.430000,0.722245,0.863124,9.608327,0.021202,0.007212,-0.000688,calib
70.40700,8.530000,2.820000,26.390000,0.729099,0.858928,9.629189,0.021337,0.007258,-0.000466,calib
70.42200,8.600000,2.840000,26.340000,0.742529,0.842507,9.660027,0.021552,0.007163,-0.000562,calib
70.43800,8.760000,2.900000,26.260000,0.748100,0.813166,9.680688,0.022006,0.007501,-0.000664,calib
70.51600,8.640000,2.820000,26.440000,0.719795,0.839162,9.773367,0.021865,0.007136,-0.000629,calib
70.53200,8.710000,2.820000,26.450000,0.733492,0.830743,9.783861,0.022135,0.007228,-0.000519,calib
70.54700,8.740000,2.900000,26.430000,0.747040,0.813979,9.794161,0.022346,0.007323,-0.000623,calib
70.56300,8.770000,2.860000,26.360000,0.753797,0.809828,9.814779,0.022482,0.007371,-0.000723,calib
70.56300,8.790000,2.830000,26.430000,0.753766,0.810100,9.804331,0.022484,0.007179,-0.000727,calib
70.62500,8.750000,2.870000,26.390000,0.761153,0.822114,9.825288,0.022567,0.007513,-0.000719,calib
70.64100,8.820000,2.920000,26.410000,0.775219,0.813669,9.815077,0.022671,0.007507,-0.000616,calib
70.65700,8.780000,2.890000,26.370000,0.775670,0.821760,9.804772,0.022562,0.007601,-0.000726,calib
70.67200,8.720000,2.930000,26.460000,0.782545,0.826227,9.815138,0.022758,0.007457,-0.000617,calib
70.68800,8.730000,2.900000,26.450000,0.782909,0.834391,9.835819,0.022651,0.007554,-0.000715,calib
70.73500,8.920000,2.950000,26.360000,0.810206,0.817598,9.856564,0.023191,0.007741,-0.000818,calib
70.75000,8.860000,2.950000,26.420000,0.810206,0.817598,9.856564,0.023191,0.007741,-0.000818,calib
70.76600,8.820000,2.910000,26.430000,0.803183,0.813747,9.856289,0.023000,0.007506,-0.000924,calib
70.78200,8.800000,2.920000,26.440000,0.803732,0.821794,9.846228,0.022891,0.007598,-0.000712,calib
70.79700,8.740000,2.930000,26.500000,0.796541,0.834706,9.866804,0.022983,0.007458,-0.000706,calib
70.84400,8.930000,3.000000,26.350000,0.845207,0.804402,9.877610,0.023589,0.008163,-0.000810,calib
70.86000,8.950000,3.010000,26.340000,0.845541,0.812838,9.887843,0.023484,0.008068,-0.000913,calib
70.87500,8.850000,2.980000,26.450000,0.831594,0.829901,9.887800,0.023440,0.007881,-0.000807,calib
70.89100,8.800000,2.980000,26.510000,0.825136,0.850950,9.908353,0.023259,0.007741,-0.000905,calib
70.90700,8.760000,2.970000,26.570000,0.818292,0.855173,9.918721,0.023125,0.007696,-0.000793,calib
70.95400,8.970000,3.030000,26.390000,0.859654,0.820973,9.918970,0.023705,0.008259,-0.001009,calib
70.98500,8.890000,3.040000,26.440000,0.852832,0.833859,9.918842,0.023631,0.008023,-0.001010,calib
71.00000,8.860000,3.000000,26.490000,0.846840,0.854836,9.918934,0.023284,0.007782,-0.000793,calib
71.00000,8.820000,3.060000,26.560000,0.846922,0.862955,9.929333,0.023341,0.007974,-0.000897,calib
71.01600,8.870000,3.060000,26.500000,0.861388,0.854211,9.908867,0.023277,0.008063,-0.000795,calib
71.06300,8.930000,3.070000,26.390000,0.874936,0.837446,9.919166,0.023488,0.008156,-0.000899,calib
71.07900,8.870000,3.040000,26.450000,0.874957,0.846109,9.908669,0.023549,0.007966,-0.001012,calib
71.09400,8.830000,3.060000,26.530000,0.853714,0.850341,9.919014,0.023416,0.008020,-0.000901,calib
71.11000,8.890000,3.070000,26.510000,0.846471,0.854863,9.939638,0.023450,0.007881,-0.000786,calib
71.12500,8.850000,3.090000,26.540000,0.853345,0.850368,9.939718,0.023582,0.008118,-0.000894,calib
71.17200,9.010000,3.080000,26.390000,0.873372,0.821217,9.918968,0.024036,0.008160,-0.001013,calib
71.18800,8.960000,3.040000,26.430000,0.859254,0.821272,9.929227,0.023873,0.008165,-0.001007,calib
71.20400,8.960000,3.030000,26.480000,0.852293,0.825839,9.960133,0.023742,0.007931,-0.000887,calib
71.21900,8.930000,3.060000,26.480000,0.845220,0.838407,9.960171,0.023830,0.007981,-0.000889,calib
71.21900,8.920000,3.060000,26.490000,0.844769,0.830315,9.970476,0.023939,0.007886,-0.000779,calib
71.28200,9.060000,3.090000,26.440000,0.865191,0.809056,9.980855,0.024283,0.008219,-0.000990,calib
71.29700,9.060000,3.050000,26.440000,0.865104,0.809128,10.011841,0.024285,0.008221,-0.000978,calib
71.29700,9.030000,3.040000,26.460000,0.857378,0.796868,10.022037,0.024365,0.008177,-0.000975,calib
71.31300,9.050000,3.010000,26.470000,0.857378,0.796868,10.022037,0.024365,0.008177,-0.000975,calib
71.32900,9.050000,3.030000,26.420000,0.857260,0.797212,10.042576,0.024369,0.007988,-0.000967,calib
71.39100,9.010000,3.060000,26.500000,0.843308,0.822465,10.083919,0.024383,0.007997,-0.000952,calib
71.40700,9.020000,3.110000,26.560000,0.857990,0.822501,10.094225,0.024217,0.007801,-0.000946,calib
71.40700,9.020000,3.110000,26.570000,0.865464,0.834443,10.084194,0.024299,0.008132,-0.000950,calib
71.42200,9.060000,3.120000,26.480000,0.872537,0.821875,10.084157,0.024210,0.008082,-0.000948,calib
71.43800,9.040000,3.130000,26.500000,0.879530,0.825998,10.073984,0.024403,0.008127,-0.000847,calib
71.48500,8.940000,3.090000,26.580000,0.858642,0.847328,10.084066,0.024225,0.007895,-0.000951,calib
71.50000,9.020000,3.080000,26.500000,0.865433,0.834715,10.073747,0.024301,0.007940,-0.000955,calib
71.51600,9.090000,3.140000,26.480000,0.872307,0.830220,10.073827,0.024433,0.008177,-0.001063,calib
71.53200,9.130000,3.110000,26.450000,0.886491,0.821431,10.043078,0.024534,0.008361,-0.000967,calib
71.54700,9.130000,3.110000,26.420000,0.893283,0.808817,10.032758,0.024610,0.008406,-0.000971,calib
71.61000,9.060000,3.090000,26.490000,0.857396,0.822682,10.063212,0.024548,0.007800,-0.000962,calib
71.64100,9.100000,3.070000,26.490000,0.871343,0.805619,10.063255,0.024592,0.007987,-0.001068,calib
71.64100,9.210000,3.080000,26.400000,0.877853,0.792960,10.042654,0.024832,0.008127,-0.001078,calib
71.65700,9.140000,3.070000,26.430000,0.871430,0.805547,10.032269,0.024590,0.007985,-0.001081,calib
71.67200,9.050000,3.070000,26.540000,0.871600,0.822555,10.021967,0.024710,0.007791,-0.000980,calib
71.73500,9.140000,3.130000,26.430000,0.901034,0.821549,9.970680,0.024532,0.008063,-0.000996,calib
71.75000,9.130000,3.120000,26.420000,0.887034,0.821260,9.960400,0.024366,0.008256,-0.000999,calib
71.76600,9.080000,3.090000,26.440000,0.887086,0.829651,9.960352,0.024424,0.008257,-0.001107,calib
71.78200,9.040000,3.100000,26.520000,0.880212,0.834146,9.960272,0.024292,0.008019,-0.000999,calib
71.78200,9.060000,3.090000,26.530000,0.873056,0.838595,9.949909,0.024324,0.007876,-0.000898,calib
71.84400,9.210000,3.120000,26.380000,0.908117,0.808448,9.877849,0.024601,0.008290,-0.001033,calib
71.86000,9.150000,3.140000,26.350000,0.901674,0.812373,9.877960,0.024299,0.008339,-0.000922,calib
71.87500,9.050000,3.120000,26.420000,0.901725,0.820763,9.877912,0.024358,0.008339,-0.001031,calib
71.89100,9.040000,3.130000,26.440000,0.902608,0.837246,9.878084,0.024143,0.008337,-0.000921,calib
71.90700,9.030000,3.140000,26.470000,0.902208,0.837544,9.888340,0.024311,0.008243,-0.000920,calib
71.96900,9.120000,3.110000,26.340000,0.901725,0.820763,9.877912,0.024358,0.008339,-0.001031,calib
71.96900,9.030000,3.100000,26.440000,0.894934,0.833376,9.888231,0.024282,0.008293,-0.001027,calib
71.98500,9.040000,3.090000,26.500000,0.902490,0.837590,9.898622,0.024146,0.008148,-0.000914,calib
72.00000,9.060000,3.130000,26.420000,0.909333,0.833367,9.888255,0.024281,0.008193,-0.001026,calib
72.01600,9.160000,3.180000,26.330000,0.915843,0.820708,9.867653,0.024521,0.008333,-0.001036,calib
72.07900,9.140000,3.060000,26.360000,0.871988,0.796654,9.815411,0.024522,0.007962,-0.001059,calib
72.09400,9.130000,3.050000,26.380000,0.871936,0.788263,9.815460,0.024463,0.007961,-0.000951,calib
72.09400,9.190000,3.090000,26.290000,0.885601,0.771155,9.805220,0.024671,0.008245,-0.001063,calib
72.11000,9.270000,3.080000,26.250000,0.892393,0.758542,9.794901,0.024747,0.008289,-0.001067,calib
72.12500,9.260000,3.090000,26.230000,0.898785,0.746227,9.794838,0.024991,0.008241,-0.001069,calib
72.17200,9.160000,2.960000,26.380000,0.834780,0.759858,9.825271,0.024600,0.007834,-0.001057,calib
72.18800,9.160000,2.970000,26.350000,0.842055,0.764026,9.825380,0.024628,0.007782,-0.000950,calib
72.20400,9.190000,3.020000,26.350000,0.848811,0.759875,9.845999,0.024764,0.007831,-0.001050,calib
72.20400,9.220000,3.060000,26.260000,0.855633,0.746989,9.846128,0.024838,0.008070,-0.001049,calib
72.21900,9.280000,3.040000,26.230000,0.862056,0.734403,9.856513,0.025079,0.008212,-0.001047,calib
72.26600,9.050000,3.000000,26.470000,0.835828,0.801538,9.856527,0.024562,0.007834,-0.000939,calib
72.28200,9.140000,3.030000,26.400000,0.842953,0.797361,9.856442,0.024532,0.007784,-0.001045,calib
72.29700,9.130000,3.050000,26.350000,0.842932,0.788698,9.866938,0.024471,0.007976,-0.000932,calib
72.31300,9.170000,3.040000,26.330000,0.849376,0.784774,9.866827,0.024774,0.007928,-0.001043,calib
72.32900,9.230000,3.040000,26.310000,0.856168,0.772161,9.856507,0.024849,0.007973,-0.001047,calib
72.39100,9.190000,3.080000,26.380000,0.864118,0.784266,9.898028,0.024603,0.008117,-0.001027,calib
72.40700,9.210000,3.070000,26.350000,0.878236,0.784211,9.887769,0.024766,0.008111,-0.001032,calib
72.42200,9.200000,3.080000,26.370000,0.885392,0.779761,9.898132,0.024734,0.008254,-0.001134,calib
72.42200,9.210000,3.120000,26.310000,0.878267,0.783939,9.898217,0.024764,0.008304,-0.001027,calib
72.43800,9.210000,3.060000,26.350000,0.878570,0.792646,9.898003,0.024661,0.008018,-0.001134,calib
72.50000,9.290000,3.070000,26.300000,0.883690,0.755213,9.928969,0.025224,0.008261,-0.001126,calib
72.51600,9.260000,3.040000,26.360000,0.884002,0.754987,9.949699,0.025058,0.008358,-0.001116,calib
72.53200,9.250000,3.050000,26.390000,0.877180,0.767872,9.949571,0.024984,0.008120,-0.001116,calib
72.54700,9.190000,3.000000,26.440000,0.855958,0.780767,9.949419,0.024912,0.007983,-0.001118,calib
72.54700,9.160000,3.050000,26.500000,0.856723,0.797593,9.970129,0.024700,0.007791,-0.001001,calib
72.61000,9.280000,3.130000,26.400000,0.891523,0.767662,9.991028,0.024982,0.008214,-0.001098,calib
72.62500,9.240000,3.090000,26.390000,0.891575,0.776052,9.990980,0.025041,0.008215,-0.001207,calib
72.62500,9.200000,3.080000,26.430000,0.884731,0.780275,10.001348,0.024906,0.008169,-0.001094,calib
72.64100,9.150000,3.080000,26.470000,0.871118,0.805774,10.011539,0.024757,0.007888,-0.001091,calib
72.65700,9.100000,3.060000,26.600000,0.850208,0.818442,10.032117,0.024518,0.007848,-0.001082,calib
72.71900,9.260000,3.120000,26.440000,0.905980,0.784260,10.063619,0.025098,0.008311,-0.000963,calib
72.73500,9.220000,3.110000,26.500000,0.885092,0.805591,10.073701,0.024920,0.008080,-0.001067,calib
72.75000,9.200000,3.110000,26.550000,0.871487,0.822155,10.104836,0.024708,0.008181,-0.000946,calib
72.76600,9.170000,3.100000,26.550000,0.864245,0.826676,10.125460,0.024742,0.008042,-0.000831,calib
72.78200,9.200000,3.070000,26.540000,0.871053,0.830916,10.146030,0.024936,0.008091,-0.001040,calib
72.84400,9.220000,3.160000,26.550000,0.892875,0.834458,10.136072,0.024958,0.008321,-0.000935,calib
72.86000,9.160000,3.120000,26.580000,0.892875,0.834458,10.136072,0.024958,0.008321,-0.000935,calib
72.87500,9.210000,3.140000,26.530000,0.892926,0.842848,10.136024,0.025016,0.008321,-0.001043,calib
72.87500,9.200000,3.140000,26.520000,0.900149,0.838626,10.136181,0.024986,0.008271,-0.000828,calib
72.89100,9.230000,3.150000,26.480000,0.899666,0.821845,10.125753,0.025033,0.008366,-0.000939,calib
72.95400,9.140000,3.120000,26.560000,0.872043,0.855989,10.104719,0.024781,0.007895,-0.001056,calib
72.96900,9.110000,3.090000,26.600000,0.865200,0.860212,10.115087,0.024646,0.007848,-0.000944,calib
72.98500,9.150000,3.100000,26.570000,0.857192,0.847907,10.115001,0.024891,0.007900,-0.000946,calib
72.98500,9.240000,3.080000,26.490000,0.863563,0.826929,10.125435,0.025074,0.008044,-0.000835,calib
73.00000,9.250000,3.080000,26.480000,0.870407,0.822707,10.115067,0.025208,0.008089,-0.000948,calib
73.06300,9.100000,3.070000,26.610000,0.828127,0.848886,10.145584,0.024903,0.007532,-0.000937,calib
73.07900,9.140000,3.030000,26.630000,0.828076,0.840495,10.145632,0.024844,0.007530,-0.000828,calib
73.09400,9.170000,3.060000,26.620000,0.842193,0.840440,10.135373,0.025007,0.007526,-0.000834,calib
73.09400,9.200000,3.050000,26.550000,0.841773,0.832077,10.156126,0.025114,0.007624,-0.000719,calib
73.11000,9.190000,3.060000,26.570000,0.834468,0.828181,10.145569,0.025088,0.007481,-0.000831,calib
73.17200,9.180000,3.010000,26.600000,0.819864,0.828606,10.197071,0.025094,0.007396,-0.000811,calib
73.18800,9.230000,3.040000,26.620000,0.834294,0.828324,10.207542,0.025091,0.007488,-0.000806,calib
73.18800,9.220000,3.030000,26.620000,0.833981,0.828551,10.186812,0.025257,0.007391,-0.000816,calib
73.20400,9.240000,3.070000,26.610000,0.833981,0.828551,10.186812,0.025257,0.007391,-0.000816,calib
73.21900,9.180000,3.020000,26.590000,0.834315,0.836987,10.197046,0.025152,0.007297,-0.000919,calib
73.26600,9.150000,3.010000,26.630000,0.819429,0.837367,10.238266,0.025322,0.007306,-0.000905,calib
73.28200,9.220000,3.020000,26.590000,0.833525,0.828650,10.238503,0.025424,0.007493,-0.000797,calib
73.29700,9.220000,3.030000,26.620000,0.840651,0.824472,10.238418,0.025394,0.007443,-0.000904,calib
73.31300,9.260000,3.040000,26.580000,0.826620,0.824455,10.217690,0.025230,0.007445,-0.000911,calib
73.32900,9.190000,3.050000,26.600000,0.819547,0.837023,10.217727,0.025319,0.007495,-0.000913,calib
73.37500,9.230000,3.090000,26.600000,0.833612,0.828578,10.207517,0.025423,0.007489,-0.000810,calib
73.39100,9.270000,3.030000,26.580000,0.840404,0.815964,10.197197,0.025499,0.007534,-0.000814,calib
73.40700,9.290000,3.030000,26.540000,0.840491,0.815893,10.166211,0.025497,0.007532,-0.000826,calib
73.42200,9.200000,3.010000,26.630000,0.819300,0.828516,10.176507,0.025423,0.007586,-0.000823,calib
73.43800,9.120000,2.990000,26.650000,0.798360,0.841456,10.186637,0.025187,0.007354,-0.000818,calib
73.48500,9.330000,3.030000,26.510000,0.839639,0.799138,10.176487,0.025710,0.007725,-0.000931,calib
73.50000,9.270000,3.000000,26.550000,0.832484,0.803588,10.166124,0.025742,0.007583,-0.000829,calib
73.51600,9.220000,2.970000,26.580000,0.826373,0.815948,10.176470,0.025334,0.007536,-0.000821,calib
73.53200,9.100000,3.010000,26.640000,0.798308,0.833065,10.186685,0.025128,0.007354,-0.000710,calib
73.54700,9.110000,2.970000,26.720000,0.791486,0.845951,10.186557,0.025054,0.007116,-0.000710,calib
73.59400,9.170000,2.980000,26.610000,0.819674,0.820299,10.114416,0.025199,0.007292,-0.000738,calib
73.61000,9.200000,2.950000,26.570000,0.812538,0.824449,10.083272,0.025228,0.007341,-0.000966,calib
73.62500,9.170000,3.000000,26.600000,0.805695,0.828672,10.093640,0.025094,0.007295,-0.000854,calib
73.64100,9.130000,2.940000,26.610000,0.791747,0.845735,10.093597,0.025050,0.007108,-0.000748,calib
73.64100,9.100000,2.930000,26.710000,0.791747,0.845735,10.093597,0.025050,0.007108,-0.000748,calib
73.71900,9.160000,2.940000,26.600000,0.792655,0.853728,10.031601,0.024774,0.007101,-0.000877,calib
73.73500,8.990000,2.970000,26.690000,0.779440,0.878928,10.031536,0.024457,0.006912,-0.000876,calib
73.73500,9.000000,2.960000,26.750000,0.779471,0.878656,10.041983,0.024455,0.007104,-0.000871,calib
73.75000,9.040000,2.980000,26.670000,0.793870,0.878647,10.042007,0.024454,0.007003,-0.000870,calib
73.76600,9.120000,3.000000,26.630000,0.807536,0.861539,10.031767,0.024662,0.007286,-0.000982,calib
73.84400,9.050000,2.960000,26.650000,0.793589,0.878601,10.031725,0.024618,0.007099,-0.000876,calib
73.86000,9.090000,3.010000,26.620000,0.793106,0.861820,10.021296,0.024665,0.007195,-0.000987,calib
73.87500,9.180000,2.990000,26.560000,0.798795,0.841096,10.031704,0.025180,0.007339,-0.000880,calib
73.89100,9.290000,2.950000,26.560000,0.805618,0.828211,10.031833,0.025254,0.007576,-0.000880,calib
73.90700,9.260000,2.960000,26.490000,0.805587,0.828483,10.021385,0.025256,0.007384,-0.000884,calib
73.96900,9.140000,3.010000,26.590000,0.814810,0.865706,10.031877,0.024690,0.007235,-0.000875,calib
73.98500,9.180000,3.030000,26.570000,0.829358,0.865081,10.021809,0.024683,0.007516,-0.000877,calib
74.00000,9.180000,3.030000,26.580000,0.829358,0.865081,10.021809,0.024683,0.007516,-0.000877,calib
74.01600,9.140000,3.020000,26.620000,0.815261,0.873798,10.021572,0.024581,0.007330,-0.000985,calib
74.01600,9.080000,3.010000,26.680000,0.801314,0.890861,10.021529,0.024537,0.007142,-0.000879,calib
74.07900,9.170000,2.970000,26.570000,0.793106,0.861820,10.021296,0.024665,0.007195,-0.000987,calib
74.09400,9.180000,3.020000,26.600000,0.807224,0.861765,10.011037,0.024828,0.007189,-0.000993,calib
74.11000,9.150000,3.030000,26.590000,0.814949,0.874025,10.000841,0.024747,0.007233,-0.000996,calib
74.12500,9.090000,3.070000,26.650000,0.816564,0.898645,10.000991,0.024259,0.007230,-0.000991,calib
74.12500,8.990000,3.030000,26.720000,0.803381,0.923573,10.011373,0.023940,0.007233,-0.000985,calib
74.18800,9.100000,3.070000,26.640000,0.817324,0.923661,10.063087,0.024105,0.007234,-0.000965,calib
74.20400,9.120000,3.040000,26.690000,0.824230,0.927856,10.083901,0.024300,0.007282,-0.000851,calib
74.20400,9.070000,3.090000,26.720000,0.824876,0.936065,10.114864,0.024027,0.007284,-0.000943,calib
74.21900,9.030000,3.070000,26.760000,0.810924,0.961318,10.156207,0.024042,0.007292,-0.000929,calib
74.23500,8.990000,3.080000,26.850000,0.803927,0.974347,10.218052,0.023971,0.007062,-0.000905,calib
74.28200,8.990000,3.160000,26.950000,0.833518,1.015480,10.404645,0.023929,0.007449,-0.000721,calib
74.29700,8.890000,3.200000,27.040000,0.833734,1.024259,10.435417,0.023827,0.007165,-0.000816,calib
74.31300,8.750000,3.190000,27.210000,0.813785,1.078680,10.518238,0.023552,0.007129,-0.000675,calib
74.31300,8.650000,3.220000,27.410000,0.793970,1.124801,10.611147,0.023055,0.006999,-0.000743,calib
74.32900,8.570000,3.300000,27.560000,0.788133,1.162548,10.724831,0.022662,0.006866,-0.000695,calib
74.37500,8.390000,3.420000,27.970000,0.768849,1.268166,11.158599,0.022095,0.006481,-0.000735,calib
74.39100,8.330000,3.380000,28.020000,0.747505,1.289595,11.220371,0.022085,0.006351,-0.000820,calib
74.40700,8.310000,3.310000,28.140000,0.725991,1.302978,11.302731,0.022019,0.006031,-0.000788,calib
74.42200,8.260000,3.330000,28.210000,0.703662,1.291144,11.364429,0.022106,0.005902,-0.000766,calib
74.43800,8.270000,3.290000,28.160000,0.702724,1.283422,11.415977,0.022384,0.005717,-0.000641,calib
74.48500,8.360000,3.360000,28.210000,0.729190,1.250136,11.550240,0.022977,0.006012,-0.000805,calib
74.50000,8.270000,3.390000,28.300000,0.722593,1.262866,11.601828,0.022738,0.005875,-0.000783,calib
74.51600,8.200000,3.300000,28.350000,0.715263,1.267460,11.653439,0.022773,0.005738,-0.000656,calib
74.51600,8.230000,3.360000,28.420000,0.707502,1.263662,11.694573,0.022914,0.005698,-0.000749,calib
74.53200,8.240000,3.400000,28.420000,0.714689,1.267902,11.725668,0.022943,0.005651,-0.000629,calib
74.57900,8.300000,3.500000,28.440000,0.763762,1.254686,11.849901,0.023343,0.006175,-0.000901,calib
74.59400,8.280000,3.480000,28.480000,0.771001,1.267316,11.880949,0.023431,0.006128,-0.000890,calib
74.61000,8.250000,3.490000,28.520000,0.770883,1.267660,11.901487,0.023435,0.005939,-0.000882,calib
74.62500,8.240000,3.490000,28.520000,0.777640,1.263509,11.922106,0.023571,0.005988,-0.000982,calib
74.64100,8.320000,3.520000,28.520000,0.784344,1.250967,11.942773,0.023648,0.006036,-0.000974,calib
74.68800,8.310000,3.560000,28.580000,0.812944,1.259021,11.942937,0.023866,0.006123,-0.001082,calib
74.71900,8.280000,3.560000,28.580000,0.813061,1.258677,11.922398,0.023862,0.006312,-0.001090,calib
74.73500,8.340000,3.620000,28.560000,0.827609,1.258051,11.912331,0.023855,0.006593,-0.001092,calib
74.73500,8.350000,3.670000,28.540000,0.841727,1.257996,11.902072,0.024018,0.006588,-0.001097,calib
74.75000,8.350000,3.650000,28.500000,0.848657,1.253702,11.860718,0.024151,0.006631,-0.001222,calib
74.81300,8.330000,3.650000,28.460000,0.842510,1.248948,11.736931,0.023785,0.006666,-0.001053,calib
74.82900,8.380000,3.640000,28.430000,0.863701,1.236325,11.726636,0.023859,0.006611,-0.001057,calib
74.84400,8.460000,3.690000,28.330000,0.884728,1.223313,11.685519,0.024094,0.006840,-0.001073,calib
74.86000,8.420000,3.680000,28.320000,0.891971,1.218792,11.664894,0.024061,0.006979,-0.001188,calib
74.87500,8.450000,3.700000,28.330000,0.898963,1.222914,11.654721,0.024253,0.007023,-0.001086,calib
74.92200,8.520000,3.720000,28.300000,0.906241,1.209930,11.603159,0.024160,0.007160,-0.001105,calib
74.93800,8.500000,3.660000,28.270000,0.905929,1.210157,11.582429,0.024326,0.007062,-0.001115,calib
74.96900,8.460000,3.690000,28.340000,0.898804,1.214335,11.582514,0.024356,0.007112,-0.001009,calib
74.98500,8.410000,3.720000,28.360000,0.899137,1.222770,11.592748,0.024251,0.007017,-0.001111,calib
75.00000,8.440000,3.670000,28.350000,0.899137,1.222770,11.592748,0.024251,0.007017,-0.001111,calib
75.06300,8.440000,3.690000,28.330000,0.898456,1.223024,11.592722,0.024583,0.007019,-0.001115,calib
75.07900,8.440000,3.670000,28.390000,0.891464,1.218901,11.602895,0.024390,0.006974,-0.001217,calib
75.09400,8.460000,3.660000,28.380000,0.884369,1.222807,11.613429,0.024418,0.007216,-0.001105,calib
75.09400,8.450000,3.640000,28.370000,0.898168,1.206360,11.623563,0.024467,0.007023,-0.001208,calib
75.11000,8.460000,3.730000,28.380000,0.898199,1.206088,11.634011,0.024465,0.007215,-0.001203,calib
75.17200,8.560000,3.690000,28.310000,0.911382,1.181160,11.623628,0.024784,0.007212,-0.001210,calib
75.18800,8.440000,3.700000,28.360000,0.897234,1.181487,11.623439,0.024623,0.007024,-0.001209,calib
75.18800,8.440000,3.670000,28.370000,0.904560,1.194045,11.623500,0.024711,0.006974,-0.001210,calib
75.20400,8.540000,3.710000,28.360000,0.911382,1.181160,11.623628,0.024784,0.007212,-0.001210,calib
75.21900,8.580000,3.720000,28.300000,0.932656,1.176655,11.623732,0.024915,0.007348,-0.001317,calib
75.28200,8.500000,3.710000,28.370000,0.939930,1.180823,11.623841,0.024943,0.007298,-0.001209,calib
75.29700,8.440000,3.680000,28.380000,0.918739,1.193446,11.634137,0.024869,0.007353,-0.001206,calib
75.29700,8.470000,3.680000,28.370000,0.918687,1.185056,11.634185,0.024811,0.007352,-0.001098,calib
75.31300,8.560000,3.700000,28.310000,0.932656,1.176655,11.623732,0.024915,0.007348,-0.001317,calib
75.32900,8.650000,3.730000,28.260000,0.953196,1.164013,11.623858,0.025319,0.007487,-0.001319,calib
75.37500,8.440000,3.810000,28.360000,0.948624,1.200532,11.572545,0.024583,0.007718,-0.001332,calib
75.39100,8.430000,3.780000,28.400000,0.934646,1.217867,11.562054,0.024541,0.007338,-0.001231,calib
75.40700,8.450000,3.810000,28.390000,0.934163,1.201086,11.551625,0.024588,0.007434,-0.001343,calib
75.42200,8.630000,3.760000,28.240000,0.940391,1.188382,11.520742,0.024993,0.007670,-0.001358,calib
75.42200,8.670000,3.760000,28.210000,0.961648,1.167025,11.489956,0.025005,0.007803,-0.001261,calib
75.48500,8.510000,3.830000,28.260000,0.963612,1.191357,11.366159,0.024511,0.007788,-0.001306,calib
75.50000,8.530000,3.810000,28.220000,0.977730,1.191302,11.355900,0.024674,0.007783,-0.001311,calib
75.50000,8.630000,3.820000,28.160000,0.984921,1.178390,11.335324,0.024581,0.007922,-0.001317,calib
75.51600,8.640000,3.810000,28.130000,0.984156,1.161564,11.314613,0.024793,0.008113,-0.001434,calib
75.53200,8.710000,3.840000,28.050000,0.990666,1.148905,11.294012,0.025033,0.008254,-0.001444,calib
75.57900,8.590000,3.740000,28.170000,0.970300,1.170364,11.242198,0.024690,0.007727,-0.001249,calib
75.59400,8.580000,3.770000,28.130000,0.977426,1.166187,11.242112,0.024660,0.007677,-0.001356,calib
75.61000,8.650000,3.820000,28.140000,0.984248,1.153301,11.242241,0.024734,0.007914,-0.001355,calib
75.62500,8.660000,3.860000,28.030000,0.990758,1.140643,11.221639,0.024974,0.008056,-0.001365,calib
75.64100,8.750000,3.780000,28.010000,0.983518,1.128013,11.190592,0.024885,0.008103,-0.001376,calib
75.70400,8.670000,3.870000,28.020000,0.986017,1.177516,11.077175,0.024403,0.007992,-0.001419,calib
75.73500,8.730000,3.850000,27.960000,0.999630,1.152018,11.066984,0.024552,0.008274,-0.001422,calib
75.73500,8.750000,3.840000,27.880000,1.013096,1.127135,11.066884,0.024707,0.008176,-0.001422,calib
75.75000,8.790000,3.820000,27.900000,1.005940,1.131585,11.056522,0.024739,0.008032,-0.001320,calib
75.76600,8.590000,3.790000,28.070000,0.978326,1.156794,11.056433,0.024423,0.007945,-0.001319,calib
75.82900,8.780000,3.890000,27.890000,1.027561,1.118391,11.046418,0.024643,0.008264,-0.001321,calib
75.86000,8.730000,3.830000,27.970000,1.005689,1.131267,11.056688,0.024901,0.008320,-0.001321,calib
75.87500,8.620000,3.810000,28.060000,0.977927,1.157093,11.066689,0.024591,0.007850,-0.001318,calib
75.89100,8.510000,3.720000,28.130000,0.949862,1.174211,11.076905,0.024385,0.007668,-0.001206,calib
75.89100,8.520000,3.730000,28.150000,0.949595,1.166209,11.097249,0.024330,0.007480,-0.001413,calib
75.95400,8.690000,3.710000,27.950000,0.996450,1.086360,11.066374,0.025250,0.007993,-0.001536,calib
75.98500,8.630000,3.700000,28.060000,0.940689,1.120569,11.066101,0.024671,0.007530,-0.001320,calib
76.00000,8.560000,3.690000,28.070000,0.940741,1.128960,11.066053,0.024730,0.007530,-0.001429,calib
76.00000,8.650000,3.720000,28.010000,0.947445,1.116418,11.086720,0.024807,0.007578,-0.001420,calib
76.01600,8.770000,3.750000,27.990000,0.968385,1.103478,11.076590,0.025043,0.007811,-0.001425,calib
76.07900,8.650000,3.610000,28.000000,0.945695,1.066328,11.065935,0.025116,0.007771,-0.001430,calib
76.09400,8.660000,3.640000,27.990000,0.917230,1.083745,11.086407,0.025077,0.007494,-0.001317,calib
76.11000,8.720000,3.670000,28.020000,0.923674,1.079820,11.086296,0.025379,0.007446,-0.001427,calib
76.12500,8.790000,3.650000,27.930000,0.937621,1.062758,11.086338,0.025423,0.007634,-0.001533,calib
76.12500,8.840000,3.700000,27.880000,0.958110,1.041725,11.086513,0.025768,0.007772,-0.001427,calib
76.18800,8.650000,3.670000,28.000000,0.938560,1.079440,11.045076,0.025209,0.007437,-0.001441,calib
76.20400,8.610000,3.650000,28.000000,0.945716,1.074991,11.055438,0.025177,0.007579,-0.001543,calib
76.21900,8.790000,3.730000,27.850000,0.966656,1.062050,11.045308,0.025413,0.007811,-0.001547,calib
76.23500,8.860000,3.740000,27.880000,0.987847,1.049427,11.035012,0.025487,0.007756,-0.001551,calib
76.23500,8.880000,3.750000,27.830000,1.002312,1.040684,11.014545,0.025423,0.007844,-0.001449,calib
76.29700,8.540000,3.650000,28.070000,0.926402,1.120979,10.983209,0.024674,0.007240,-0.001355,calib
76.31300,8.520000,3.700000,28.080000,0.926832,1.120408,10.983401,0.024504,0.007526,-0.001352,calib
76.32900,8.590000,3.720000,28.000000,0.962172,1.107459,10.973294,0.024739,0.007657,-0.001356,calib
76.32900,8.730000,3.770000,27.910000,0.997028,1.077727,10.952758,0.025021,0.007886,-0.001471,calib
76.34400,8.880000,3.840000,27.740000,1.017968,1.064787,10.942628,0.025257,0.008117,-0.001476,calib
76.40700,8.570000,3.690000,27.930000,0.961433,1.091104,10.900701,0.024953,0.007461,-0.001495,calib
76.42200,8.640000,3.700000,27.950000,0.976263,1.090524,10.900916,0.024782,0.007647,-0.001492,calib
76.42200,8.740000,3.750000,27.830000,0.997172,1.077856,10.880337,0.025020,0.007687,-0.001501,calib
76.43800,8.770000,3.760000,27.760000,1.003712,1.064925,10.870184,0.025258,0.008019,-0.001506,calib
76.45400,8.850000,3.760000,27.770000,1.010755,1.052629,10.859699,0.025172,0.007777,-0.001509,calib
76.50000,8.610000,3.740000,27.910000,0.977718,1.106564,10.828858,0.024396,0.007732,-0.001409,calib
76.51600,8.650000,3.800000,27.810000,1.006214,1.097837,10.829119,0.024497,0.007818,-0.001301,calib
76.53200,8.790000,3.830000,27.800000,1.026723,1.076506,10.808512,0.024839,0.008148,-0.001525,calib
76.54700,8.840000,3.800000,27.720000,1.047914,1.063883,10.798216,0.024913,0.008092,-0.001528,calib
76.54700,8.820000,3.810000,27.730000,1.047581,1.055447,10.787982,0.025019,0.008186,-0.001426,calib
76.61000,8.610000,3.740000,27.900000,0.992205,1.106483,10.797895,0.024393,0.007629,-0.001421,calib
76.62500,8.640000,3.750000,27.850000,1.006302,1.097765,10.798132,0.024495,0.007815,-0.001313,calib
76.62500,8.750000,3.800000,27.800000,1.027092,1.076480,10.787807,0.024673,0.008049,-0.001531,calib
76.64100,8.750000,3.780000,27.770000,1.047581,1.055447,10.787982,0.025019,0.008186,-0.001426,calib
76.65700,8.850000,3.780000,27.720000,1.039994,1.051506,10.767143,0.025157,0.008141,-0.001543,calib
76.71900,8.680000,3.740000,27.850000,0.998545,1.085778,10.797881,0.024578,0.007580,-0.001315,calib
76.73500,8.790000,3.690000,27.840000,1.004968,1.073191,10.808266,0.024819,0.007723,-0.001312,calib
76.73500,8.800000,3.760000,27.740000,1.010960,1.052213,10.808173,0.025167,0.007964,-0.001529,calib
76.75000,8.850000,3.770000,27.730000,1.017700,1.031210,10.797903,0.025184,0.008008,-0.001425,calib
76.76600,8.850000,3.680000,27.700000,1.010544,1.035659,10.787541,0.025216,0.007865,-0.001323,calib
76.82900,8.730000,3.740000,27.840000,0.982930,1.060869,10.787451,0.024900,0.007777,-0.001322,calib
76.82900,8.850000,3.720000,27.790000,0.989773,1.056646,10.777084,0.025035,0.007823,-0.001434,calib
76.84400,8.820000,3.730000,27.720000,0.997165,1.060470,10.756654,0.025060,0.007961,-0.001335,calib
76.86000,8.790000,3.720000,27.730000,0.983416,1.060499,10.746208,0.024731,0.007869,-0.001336,calib
76.87500,8.750000,3.710000,27.750000,0.976543,1.064993,10.746128,0.024599,0.007630,-0.001229,calib
76.92200,8.760000,3.730000,27.830000,0.968746,1.069658,10.818200,0.024800,0.007594,-0.001418,calib
76.93800,8.790000,3.730000,27.840000,0.968326,1.061294,10.838953,0.024907,0.007691,-0.001302,calib
76.95400,8.770000,3.690000,27.790000,0.960687,1.048963,10.818163,0.024986,0.007645,-0.001312,calib
76.96900,8.700000,3.660000,27.870000,0.946908,1.049263,10.797269,0.024659,0.007360,-0.001318,calib
76.98500,8.630000,3.640000,27.930000,0.918843,1.066381,10.807485,0.024453,0.007177,-0.001207,calib
77.03200,8.700000,3.720000,27.850000,0.948320,1.099108,10.849207,0.024514,0.007458,-0.001297,calib
77.04700,8.720000,3.710000,27.860000,0.954743,1.086521,10.859592,0.024755,0.007601,-0.001294,calib
77.06300,8.770000,3.700000,27.860000,0.955476,1.094658,10.859569,0.024482,0.007600,-0.001399,calib
77.07900,8.670000,3.680000,27.880000,0.934602,1.098864,10.849209,0.024183,0.007557,-0.001294,calib
77.07900,8.520000,3.640000,27.980000,0.913801,1.120123,10.828304,0.024004,0.007323,-0.001410,calib
77.12500,8.800000,3.780000,27.760000,0.970510,1.093662,10.808259,0.024306,0.007973,-0.001416,calib
77.14100,8.840000,3.770000,27.780000,0.976902,1.081347,10.808196,0.024549,0.007923,-0.001418,calib
77.15700,8.780000,3.730000,27.770000,0.976820,1.073229,10.797797,0.024492,0.007730,-0.001314,calib
77.17200,8.720000,3.670000,27.860000,0.955716,1.085780,10.777106,0.024417,0.007783,-0.001323,calib
77.18800,8.570000,3.660000,27.900000,0.928301,1.102917,10.776900,0.023880,0.007406,-0.001213,calib
77.23500,8.690000,3.620000,27.880000,0.912568,1.078352,10.787009,0.024206,0.007415,-0.001212,calib
77.25000,8.850000,3.650000,27.760000,0.932908,1.048974,10.786989,0.024493,0.007554,-0.001320,calib
77.26600,8.830000,3.690000,27.780000,0.947025,1.048919,10.776731,0.024656,0.007549,-0.001326,calib
77.28200,8.800000,3.710000,27.760000,0.932626,1.048929,10.776707,0.024657,0.007650,-0.001326,calib
77.29700,8.720000,3.660000,27.870000,0.926086,1.061860,10.786861,0.024419,0.007317,-0.001321,calib
77.34400,8.870000,3.610000,27.780000,0.945323,1.024372,10.807568,0.025146,0.007555,-0.001318,calib
77.36000,8.880000,3.610000,27.780000,0.938116,1.020431,10.797254,0.025119,0.007412,-0.001108,calib
77.37500,8.860000,3.620000,27.750000,0.923967,1.020758,10.797065,0.024958,0.007225,-0.001107,calib
77.39100,8.780000,3.560000,27.840000,0.903427,1.033399,10.796939,0.024554,0.007086,-0.001105,calib
77.39100,8.640000,3.540000,27.970000,0.882118,1.046366,10.827774,0.024483,0.006953,-0.001094,calib
77.46900,8.750000,3.650000,27.790000,0.947175,1.057265,10.776925,0.024714,0.007547,-0.001112,calib
77.48500,8.690000,3.680000,27.840000,0.947226,1.065655,10.776877,0.024773,0.007548,-0.001220,calib
77.50000,8.630000,3.680000,27.910000,0.941516,1.077717,10.776965,0.024197,0.007595,-0.001214,calib
77.51600,8.650000,3.690000,27.890000,0.955633,1.077662,10.766707,0.024360,0.007591,-0.001220,calib
77.53200,8.800000,3.720000,27.770000,0.976573,1.064721,10.756576,0.024597,0.007822,-0.001224,calib
77.59400,8.600000,3.740000,27.970000,0.949241,1.089976,10.766769,0.024117,0.007639,-0.001217,calib
77.61000,8.690000,3.690000,27.920000,0.956115,1.085481,10.766849,0.024249,0.007876,-0.001325,calib
77.62500,8.810000,3.700000,27.800000,0.962174,1.064731,10.756553,0.024598,0.007922,-0.001225,calib
77.64100,8.880000,3.740000,27.770000,0.975691,1.048239,10.756404,0.024812,0.007824,-0.001333,calib
77.65700,8.890000,3.690000,27.740000,0.975475,1.039459,10.725632,0.024914,0.008108,-0.001238,calib
77.71900,8.710000,3.760000,27.770000,0.991629,1.072388,10.694769,0.024481,0.008002,-0.001354,calib
77.73500,8.840000,3.730000,27.720000,0.998368,1.051384,10.684499,0.024498,0.008047,-0.001249,calib
77.75000,8.880000,3.730000,27.660000,1.004761,1.039069,10.684436,0.024742,0.007999,-0.001252,calib
77.76600,8.910000,3.740000,27.700000,0.990760,1.038780,10.674156,0.024575,0.008193,-0.001254,calib
77.76600,8.830000,3.710000,27.740000,0.983886,1.043275,10.674076,0.024443,0.007954,-0.001146,calib
77.82900,8.860000,3.860000,27.720000,1.028527,1.083857,10.726246,0.024227,0.008326,-0.001336,calib
77.84400,8.860000,3.830000,27.740000,1.028245,1.083812,10.715964,0.024391,0.008422,-0.001342,calib
77.86000,8.830000,3.820000,27.720000,1.020519,1.071552,10.726160,0.024472,0.008378,-0.001338,calib
77.87500,8.790000,3.770000,27.740000,0.999667,1.084421,10.705304,0.024234,0.008143,-0.001346,calib
77.89100,8.690000,3.740000,27.860000,0.972001,1.101240,10.705263,0.023860,0.008054,-0.001237,calib
77.93800,8.810000,3.850000,27.760000,1.000462,1.100975,10.736462,0.024020,0.008143,-0.001225,calib
77.95400,8.810000,3.820000,27.730000,1.014097,1.084139,10.715775,0.024230,0.008234,-0.001341,calib
77.96900,8.840000,3.820000,27.730000,1.013732,1.075975,10.695093,0.024338,0.008137,-0.001243,calib
77.96900,8.690000,3.720000,27.830000,0.985272,1.076240,10.663894,0.024178,0.008047,-0.001256,calib
77.98500,8.590000,3.740000,27.880000,0.958027,1.101423,10.643101,0.023696,0.007862,-0.001262,calib
78.04700,8.840000,3.910000,27.630000,1.073016,1.090518,10.613152,0.023934,0.008777,-0.001482,calib
78.07900,8.810000,3.900000,27.680000,1.065342,1.086649,10.623300,0.024073,0.008734,-0.001587,calib
78.07900,8.750000,3.840000,27.720000,1.036878,1.104065,10.643772,0.024034,0.008457,-0.001474,calib
78.09400,8.570000,3.750000,27.890000,1.001820,1.117060,10.664161,0.023635,0.008231,-0.001464,calib
78.11000,8.510000,3.750000,27.980000,0.973356,1.134477,10.684634,0.023597,0.007954,-0.001351,calib
78.15700,8.830000,3.780000,27.720000,1.027280,1.059211,10.705393,0.024550,0.008230,-0.001347,calib
78.18800,8.710000,3.750000,27.780000,0.999066,1.067983,10.715414,0.024285,0.008049,-0.001450,calib
78.18800,8.600000,3.700000,27.890000,0.971283,1.085147,10.735912,0.023914,0.007771,-0.001333,calib
78.20400,8.540000,3.680000,28.000000,0.964440,1.089369,10.746280,0.023779,0.007726,-0.001221,calib
78.20400,8.480000,3.750000,28.020000,0.950026,1.106504,10.766698,0.023902,0.007638,-0.001430,calib
78.26600,8.750000,3.770000,27.790000,0.977219,1.072930,10.787540,0.024324,0.007824,-0.001316,calib
78.28200,8.650000,3.670000,27.930000,0.962723,1.081946,10.797559,0.024390,0.007544,-0.001422,calib
78.28200,8.600000,3.680000,27.990000,0.949488,1.098484,10.807990,0.024012,0.007547,-0.001308,calib
78.29700,8.510000,3.700000,27.970000,0.928179,1.111451,10.838824,0.023942,0.007413,-0.001296,calib
78.31300,8.480000,3.700000,28.000000,0.942661,1.119559,10.849247,0.023997,0.007506,-0.001399,calib
78.36000,8.620000,3.770000,27.920000,0.984874,1.102115,10.839220,0.024364,0.007875,-0.001511,calib
78.37500,8.580000,3.730000,27.930000,0.971274,1.110488,10.828969,0.024094,0.007780,-0.001299,calib
78.39100,8.530000,3.730000,27.990000,0.957178,1.119206,10.828732,0.023992,0.007594,-0.001407,calib
78.40700,8.550000,3.690000,27.960000,0.957460,1.119251,10.839014,0.023827,0.007500,-0.001401,calib
78.42200,8.610000,3.680000,27.910000,0.957126,1.110816,10.828780,0.023933,0.007593,-0.001298,calib
78.46900,8.560000,3.770000,27.950000,0.979820,1.130813,10.787764,0.023738,0.007820,-0.001419,calib
78.48500,8.510000,3.780000,28.000000,0.966185,1.147650,10.808451,0.023528,0.007729,-0.001302,calib
78.50000,8.490000,3.720000,27.990000,0.966068,1.147993,10.828990,0.023532,0.007540,-0.001295,calib
78.51600,8.550000,3.760000,28.010000,0.965816,1.147676,10.829156,0.023694,0.007827,-0.001296,calib
78.51600,8.610000,3.760000,27.960000,0.972490,1.135407,10.839375,0.023773,0.007684,-0.001292,calib
78.57900,8.470000,3.650000,28.050000,0.922638,1.140520,10.828611,0.023485,0.007267,-0.001190,calib
78.59400,8.420000,3.690000,28.050000,0.916216,1.153107,10.818226,0.023244,0.007124,-0.001192,calib
78.59400,8.440000,3.720000,28.040000,0.909490,1.156986,10.808055,0.023106,0.007267,-0.001088,calib
78.61000,8.430000,3.720000,28.050000,0.916646,1.152536,10.818418,0.023074,0.007410,-0.001190,calib
78.62500,8.520000,3.740000,28.000000,0.937156,1.140166,10.808096,0.023480,0.007356,-0.001197,calib
78.67200,8.380000,3.650000,28.030000,0.873673,1.144964,10.766348,0.022860,0.007036,-0.001104,calib
78.68800,8.350000,3.610000,28.120000,0.866850,1.157850,10.766219,0.022787,0.006799,-0.001105,calib
78.70400,8.360000,3.620000,28.120000,0.873874,1.161700,10.766494,0.022977,0.007036,-0.000998,calib
78.71900,8.410000,3.680000,28.070000,0.895095,1.148805,10.766646,0.023049,0.007173,-0.000997,calib
78.71900,8.560000,3.750000,27.970000,0.916486,1.143957,10.746211,0.023177,0.007500,-0.001112,calib
78.76600,8.330000,3.610000,28.080000,0.868424,1.173546,10.673623,0.022398,0.007073,-0.001030,calib
78.78200,8.280000,3.640000,28.060000,0.868393,1.173818,10.663175,0.022400,0.006881,-0.001034,calib
78.79700,8.300000,3.670000,28.020000,0.868823,1.173247,10.663367,0.022230,0.007167,-0.001032,calib
78.81300,8.380000,3.690000,28.000000,0.897341,1.173183,10.653131,0.022391,0.007062,-0.001036,calib
78.81300,8.430000,3.760000,27.930000,0.925523,1.155721,10.622377,0.022594,0.007434,-0.001155,calib
78.87500,8.380000,3.670000,27.900000,0.946585,1.134247,10.550322,0.022769,0.007659,-0.001076,calib
78.89100,8.320000,3.660000,27.990000,0.898370,1.172642,10.529211,0.022053,0.007049,-0.001082,calib
78.89100,8.240000,3.630000,28.040000,0.891896,1.176838,10.518874,0.021753,0.006905,-0.000976,calib
78.90700,8.260000,3.690000,28.030000,0.913169,1.172334,10.518978,0.021884,0.007042,-0.001083,calib
78.92200,8.450000,3.740000,27.870000,0.948056,1.142331,10.508890,0.022164,0.007461,-0.001194,calib
78.96900,8.550000,3.740000,27.810000,0.960871,1.117429,10.519212,0.022649,0.007556,-0.001193,calib
78.98500,8.310000,3.660000,28.020000,0.925927,1.147232,10.570734,0.022368,0.007331,-0.001066,calib
79.00000,8.220000,3.670000,28.110000,0.905352,1.168336,10.601546,0.022024,0.007197,-0.001159,calib
79.01600,8.260000,3.720000,28.080000,0.912170,1.172602,10.653346,0.022220,0.007247,-0.001033,calib
79.01600,8.340000,3.750000,28.030000,0.932706,1.168151,10.694858,0.022682,0.007581,-0.001127,calib
79.07900,8.400000,3.750000,28.150000,0.939495,1.198265,10.901280,0.022898,0.007361,-0.001262,calib
79.09400,8.260000,3.760000,28.270000,0.925825,1.223564,10.952905,0.022748,0.007274,-0.001242,calib
79.11000,8.310000,3.750000,28.200000,0.925738,1.223635,10.983891,0.022750,0.007277,-0.001229,calib
79.12500,8.370000,3.780000,28.190000,0.939886,1.223308,10.984081,0.022910,0.007464,-0.001230,calib
79.12500,8.430000,3.800000,28.190000,0.946591,1.210767,11.004748,0.022987,0.007513,-0.001221,calib
79.17200,8.320000,3.780000,28.290000,0.931864,1.219727,11.118174,0.023055,0.007434,-0.001285,calib
79.18800,8.370000,3.780000,28.310000,0.938451,1.207529,11.159380,0.023136,0.007292,-0.001269,calib
79.20400,8.420000,3.760000,28.280000,0.945357,1.211724,11.180194,0.023330,0.007340,-0.001155,calib
79.21900,8.430000,3.790000,28.240000,0.952113,1.207573,11.200812,0.023466,0.007389,-0.001255,calib
79.23500,8.410000,3.790000,28.280000,0.945151,1.203178,11.221433,0.023271,0.007536,-0.001352,calib
79.28200,8.260000,3.770000,28.390000,0.924572,1.241434,11.303917,0.023049,0.007215,-0.001320,calib
79.29700,8.300000,3.800000,28.370000,0.931276,1.228892,11.324584,0.023126,0.007263,-0.001311,calib
79.29700,8.360000,3.800000,28.370000,0.937699,1.216305,11.334969,0.023367,0.007408,-0.001309,calib
79.31300,8.410000,3.750000,28.270000,0.937699,1.216305,11.334969,0.023367,0.007408,-0.001309,calib
79.31300,8.400000,3.780000,28.330000,0.944573,1.211811,11.335049,0.023499,0.007644,-0.001416,calib
79.36000,8.230000,3.790000,28.410000,0.917894,1.270855,11.345369,0.023091,0.007173,-0.001198,calib
79.37500,8.180000,3.820000,28.440000,0.918627,1.278992,11.345346,0.022818,0.007171,-0.001302,calib
79.39100,8.210000,3.840000,28.500000,0.918627,1.278992,11.345346,0.022818,0.007171,-0.001302,calib
79.40700,8.250000,3.840000,28.440000,0.933057,1.278710,11.355817,0.022814,0.007263,-0.001297,calib
79.40700,8.340000,3.870000,28.370000,0.961240,1.261248,11.325063,0.023017,0.007634,-0.001416,calib
79.45400,8.260000,3.850000,28.390000,0.954535,1.273790,11.304395,0.022940,0.007586,-0.001424,calib
79.46900,8.250000,3.800000,28.450000,0.947410,1.277967,11.304481,0.022970,0.007637,-0.001318,calib
79.48500,8.200000,3.820000,28.500000,0.940501,1.290924,11.335339,0.022898,0.007402,-0.001306,calib
79.48500,8.200000,3.840000,28.450000,0.940553,1.299315,11.335290,0.022957,0.007402,-0.001414,calib
79.50000,8.240000,3.830000,28.400000,0.954649,1.290597,11.335528,0.023059,0.007588,-0.001306,calib
79.54700,8.400000,3.870000,28.290000,0.981815,1.240144,11.294251,0.023362,0.007769,-0.001322,calib
79.56300,8.240000,3.800000,28.410000,0.968632,1.265072,11.304633,0.023042,0.007774,-0.001316,calib
79.57900,8.220000,3.860000,28.460000,0.961810,1.277958,11.304504,0.022969,0.007535,-0.001317,calib
79.59400,8.210000,3.860000,28.470000,0.962174,1.286121,11.325186,0.022861,0.007633,-0.001415,calib
79.61000,8.220000,3.880000,28.430000,0.976270,1.277404,11.325424,0.022963,0.007820,-0.001307,calib
79.65700,8.530000,3.940000,28.290000,1.016277,1.209968,11.346302,0.023807,0.008483,-0.001409,calib
79.67200,8.370000,3.840000,28.410000,0.994938,1.223206,11.366689,0.023738,0.008157,-0.001403,calib
79.68800,8.300000,3.820000,28.430000,0.981154,1.231697,11.387181,0.023469,0.008068,-0.001500,calib
79.70400,8.310000,3.830000,28.450000,0.973911,1.236219,11.407806,0.023503,0.007928,-0.001386,calib
79.71900,8.340000,3.850000,28.470000,0.972942,1.219808,11.438620,0.023719,0.007933,-0.001482,calib
79.78200,8.440000,3.870000,28.400000,0.985218,1.186887,11.490234,0.024315,0.007936,-0.001359,calib
79.79700,8.450000,3.860000,28.460000,0.978457,1.199228,11.511001,0.024237,0.008084,-0.001350,calib
79.81300,8.420000,3.830000,28.410000,0.978006,1.191136,11.521306,0.024346,0.007990,-0.001240,calib
79.82900,8.450000,3.840000,28.420000,0.985131,1.186958,11.521221,0.024316,0.007940,-0.001347,calib
79.82900,8.470000,3.850000,28.420000,0.984249,1.170476,11.521049,0.024531,0.007942,-0.001456,calib
79.89100,8.410000,3.850000,28.460000,0.963705,1.200269,11.572594,0.024249,0.007617,-0.001328,calib
79.90700,8.430000,3.850000,28.490000,0.970861,1.195820,11.582956,0.024217,0.007759,-0.001430,calib
79.92200,8.510000,3.850000,28.450000,0.984558,1.187401,11.593450,0.024486,0.007853,-0.001320,calib
79.93800,8.530000,3.910000,28.380000,0.991432,1.182906,11.593530,0.024619,0.008091,-0.001428,calib
79.95400,8.510000,3.880000,28.420000,1.005549,1.182851,11.583271,0.024782,0.008084,-0.001433,calib
80.03200,8.490000,3.880000,28.440000,0.992314,1.199388,11.593702,0.024404,0.008087,-0.001318,calib
80.04700,8.510000,3.870000,28.370000,0.999439,1.195211,11.593617,0.024374,0.008038,-0.001425,calib
80.06300,8.520000,3.870000,28.420000,0.999439,1.195211,11.593617,0.024374,0.008038,-0.001425,calib
80.07900,8.520000,3.900000,28.430000,0.999491,1.203601,11.593568,0.024433,0.008038,-0.001533,calib
80.09400,8.400000,3.900000,28.520000,0.985856,1.220437,11.614255,0.024223,0.007947,-0.001417,calib
80.15700,8.470000,3.890000,28.460000,1.000004,1.220110,11.614444,0.024383,0.008134,-0.001417,calib
80.17200,8.470000,3.910000,28.420000,1.007129,1.215933,11.614359,0.024353,0.008085,-0.001524,calib
80.18800,8.440000,3.860000,28.430000,1.000338,1.228546,11.624678,0.024278,0.008040,-0.001520,calib
80.20400,8.380000,3.910000,28.520000,0.993546,1.241159,11.634997,0.024202,0.007995,-0.001516,calib
80.20400,8.370000,3.910000,28.530000,0.986672,1.245654,11.634917,0.024070,0.007757,-0.001408,calib
80.26600,8.490000,3.950000,28.430000,1.029403,1.227567,11.594095,0.024266,0.008410,-0.001530,calib
80.28200,8.460000,3.970000,28.450000,1.029403,1.227567,11.594095,0.024266,0.008410,-0.001530,calib
80.28200,8.440000,3.950000,28.430000,1.022580,1.240452,11.593967,0.024192,0.008172,-0.001530,calib
80.29700,8.380000,3.950000,28.490000,1.022580,1.240452,11.593967,0.024192,0.008172,-0.001530,calib
80.31300,8.380000,3.920000,28.470000,1.015737,1.244675,11.604335,0.024058,0.008127,-0.001418,calib
80.39100,8.520000,3.940000,28.450000,1.028757,1.219358,11.563132,0.024538,0.008408,-0.001437,calib
80.40700,8.410000,3.920000,28.450000,1.022616,1.231990,11.563029,0.024132,0.008169,-0.001434,calib
80.42200,8.400000,3.950000,28.520000,1.022698,1.240108,11.573428,0.024189,0.008361,-0.001538,calib
80.42200,8.410000,3.950000,28.480000,1.037046,1.231708,11.573500,0.024128,0.008261,-0.001429,calib
80.43800,8.470000,3.950000,28.410000,1.043187,1.219076,11.573603,0.024534,0.008500,-0.001432,calib
80.50000,8.420000,3.920000,28.500000,1.035513,1.215207,11.583750,0.024674,0.008457,-0.001537,calib
80.51600,8.450000,3.950000,28.470000,1.021878,1.232043,11.604437,0.024463,0.008365,-0.001421,calib
80.53200,8.440000,3.920000,28.530000,1.029003,1.227865,11.604352,0.024434,0.008315,-0.001528,calib
80.54700,8.440000,4.000000,28.500000,1.036308,1.231761,11.614909,0.024460,0.008457,-0.001416,calib
80.54700,8.490000,4.010000,28.470000,1.057581,1.227257,11.615012,0.024591,0.008594,-0.001523,calib
80.62500,8.490000,4.020000,28.490000,1.065133,1.239660,11.666789,0.024513,0.008644,-0.001501,calib
80.64100,8.520000,4.040000,28.460000,1.064734,1.239959,11.677046,0.024681,0.008550,-0.001499,calib
80.65700,8.520000,3.990000,28.500000,1.057156,1.227083,11.677151,0.024756,0.008887,-0.001499,calib
80.67200,8.590000,3.970000,28.430000,1.056726,1.227654,11.676960,0.024926,0.008601,-0.001502,calib
80.67200,8.510000,4.000000,28.430000,1.049883,1.231877,11.687327,0.024791,0.008556,-0.001389,calib
80.73500,8.540000,4.010000,28.500000,1.035525,1.240810,11.780049,0.024693,0.008379,-0.001460,calib
80.75000,8.520000,4.000000,28.510000,1.034874,1.240791,11.790472,0.025023,0.008573,-0.001459,calib
80.76600,8.530000,3.970000,28.540000,1.034757,1.241135,11.811010,0.025027,0.008384,-0.001451,calib
80.78200,8.610000,3.990000,28.530000,1.027482,1.236967,11.810901,0.024998,0.008434,-0.001559,calib
80.78200,8.490000,3.980000,28.560000,1.013530,1.262220,11.852244,0.025013,0.008443,-0.001544,calib
80.86000,8.550000,3.960000,28.640000,1.005395,1.250792,11.965491,0.025103,0.008026,-0.001501,calib
80.87500,8.460000,3.950000,28.630000,0.990996,1.250802,11.965467,0.025105,0.008127,-0.001501,calib
80.89100,8.450000,3.930000,28.700000,0.977330,1.267910,11.975707,0.024897,0.007844,-0.001389,calib
80.90700,8.350000,3.930000,28.700000,0.963747,1.293136,11.996345,0.024745,0.007754,-0.001381,calib
80.92200,8.340000,3.950000,28.790000,0.949712,1.301310,12.017003,0.024639,0.007952,-0.001480,calib
80.98500,8.440000,4.000000,28.680000,0.991895,1.284137,11.996529,0.025009,0.008129,-0.001596,calib
81.01600,8.450000,4.030000,28.730000,0.999533,1.296468,12.017319,0.024929,0.008176,-0.001587,calib
81.03200,8.360000,3.960000,28.730000,0.992290,1.300990,12.037944,0.024963,0.008037,-0.001473,calib
81.04700,8.390000,3.970000,28.770000,0.999415,1.296812,12.037858,0.024933,0.007986,-0.001579,calib
81.06300,8.450000,3.970000,28.700000,0.999446,1.296540,12.048306,0.024931,0.008179,-0.001574,calib
81.12500,8.350000,4.010000,28.820000,1.000662,1.321459,12.058711,0.024610,0.008082,-0.001568,calib
81.14100,8.380000,4.010000,28.800000,1.007818,1.317009,12.069074,0.024578,0.008224,-0.001670,calib
81.15700,8.420000,4.080000,28.710000,1.028757,1.304069,12.058943,0.024814,0.008457,-0.001674,calib
81.17200,8.490000,4.090000,28.740000,1.042906,1.303742,12.059132,0.024975,0.008644,-0.001674,calib
81.18800,8.460000,4.110000,28.670000,1.057735,1.303161,12.059347,0.024804,0.008829,-0.001671,calib
81.25000,8.350000,4.080000,28.810000,1.045490,1.344772,12.028467,0.024270,0.008635,-0.001573,calib
81.26600,8.330000,4.090000,28.790000,1.045490,1.344772,12.028467,0.024270,0.008635,-0.001573,calib
81.26600,8.340000,4.080000,28.780000,1.045460,1.345044,12.018019,0.024272,0.008443,-0.001578,calib
81.28200,8.340000,4.080000,28.800000,1.045608,1.344428,12.007928,0.024267,0.008824,-0.001581,calib
81.29700,8.320000,4.130000,28.770000,1.052816,1.357330,12.028528,0.024357,0.008585,-0.001574,calib
81.36000,8.390000,4.130000,28.790000,1.067163,1.339969,12.018314,0.024233,0.008866,-0.001682,calib
81.37500,8.370000,4.130000,28.760000,1.066851,1.340196,11.997584,0.024400,0.008769,-0.001692,calib
81.39100,8.350000,4.150000,28.780000,1.060007,1.344418,12.007952,0.024265,0.008724,-0.001580,calib
81.40700,8.330000,4.160000,28.820000,1.053216,1.357032,12.018271,0.024190,0.008679,-0.001576,calib
81.40700,8.270000,4.100000,28.860000,1.053216,1.357032,12.018271,0.024190,0.008679,-0.001576,calib
81.48500,8.420000,4.140000,28.780000,1.080947,1.331478,11.997822,0.024502,0.008956,-0.001584,calib
81.50000,8.350000,4.130000,28.790000,1.074525,1.344065,11.987437,0.024260,0.008812,-0.001587,calib
81.51600,8.300000,4.130000,28.840000,1.060146,1.352737,11.976917,0.024323,0.008722,-0.001701,calib
81.53200,8.250000,4.090000,28.860000,1.060977,1.360829,11.977137,0.024049,0.008718,-0.001483,calib
81.54700,8.290000,4.130000,28.890000,1.060977,1.360829,11.977137,0.024049,0.008718,-0.001483,calib
81.61000,8.320000,4.170000,28.830000,1.097080,1.355744,11.977455,0.024008,0.009041,-0.001587,calib
81.62500,8.270000,4.150000,28.830000,1.090288,1.368358,11.987775,0.023932,0.008996,-0.001583,calib
81.64100,8.280000,4.210000,28.820000,1.097296,1.364524,12.008228,0.023906,0.008757,-0.001682,calib
81.65700,8.330000,4.210000,28.800000,1.111423,1.355534,12.018913,0.024006,0.009136,-0.001569,calib
81.65700,8.390000,4.220000,28.760000,1.117845,1.342948,12.029298,0.024247,0.009279,-0.001566,calib
81.73500,8.290000,4.170000,28.870000,1.096392,1.339379,12.018552,0.024060,0.008951,-0.001678,calib
81.75000,8.360000,4.200000,28.830000,1.102784,1.327064,12.018489,0.024304,0.008903,-0.001680,calib
81.76600,8.410000,4.230000,28.780000,1.124037,1.313897,12.029089,0.024373,0.009232,-0.001674,calib
81.76600,8.490000,4.230000,28.740000,1.130828,1.301284,12.018770,0.024449,0.009277,-0.001678,calib
81.78200,8.450000,4.190000,28.700000,1.123190,1.288952,11.997979,0.024528,0.009230,-0.001687,calib
81.86000,8.540000,4.210000,28.670000,1.130432,1.284431,11.977355,0.024495,0.009371,-0.001801,calib
81.87500,8.560000,4.210000,28.660000,1.144016,1.259204,11.956716,0.024646,0.009461,-0.001809,calib
81.87500,8.600000,4.200000,28.660000,1.150126,1.246844,11.946371,0.025054,0.009508,-0.001817,calib
81.89100,8.550000,4.170000,28.630000,1.136295,1.238754,11.925526,0.024669,0.009221,-0.001715,calib
81.90700,8.480000,4.120000,28.720000,1.122066,1.255772,11.915201,0.024790,0.009128,-0.001615,calib
81.96900,8.600000,4.200000,28.640000,1.150899,1.238329,11.874025,0.024663,0.009306,-0.001735,calib
81.98500,8.550000,4.170000,28.640000,1.143774,1.242507,11.874110,0.024692,0.009357,-0.001628,calib
82.00000,8.490000,4.160000,28.670000,1.137069,1.255048,11.853443,0.024615,0.009308,-0.001637,calib
82.01600,8.410000,4.140000,28.730000,1.123573,1.280203,11.843095,0.024463,0.009214,-0.001641,calib
82.03200,8.390000,4.140000,28.720000,1.131581,1.292508,11.843181,0.024218,0.009162,-0.001638,calib
82.09400,8.570000,4.250000,28.600000,1.180651,1.253715,11.802345,0.024598,0.009766,-0.001653,calib
82.11000,8.540000,4.200000,28.650000,1.151725,1.263013,11.801893,0.024668,0.009395,-0.001765,calib
82.12500,8.450000,4.160000,28.660000,1.138060,1.280121,11.812132,0.024460,0.009111,-0.001653,calib
82.14100,8.350000,4.200000,28.750000,1.131529,1.284117,11.843230,0.024159,0.009162,-0.001530,calib
82.14100,8.430000,4.220000,28.690000,1.145528,1.275445,11.843224,0.024261,0.009350,-0.001744,calib
82.20400,8.430000,4.210000,28.660000,1.131785,1.292092,11.791656,0.024213,0.009348,-0.001658,calib
82.21900,8.320000,4.190000,28.720000,1.132467,1.291839,11.791682,0.023881,0.009347,-0.001655,calib
82.23500,8.250000,4.190000,28.770000,1.111728,1.321515,11.801958,0.023762,0.009114,-0.001545,calib
82.23500,8.290000,4.180000,28.780000,1.119084,1.333801,11.812467,0.023847,0.009256,-0.001541,calib
82.25000,8.350000,4.240000,28.720000,1.133032,1.316738,11.812510,0.023890,0.009444,-0.001647,calib
82.31300,8.440000,4.230000,28.650000,1.152920,1.279269,11.822795,0.024286,0.009489,-0.001645,calib
82.31300,8.340000,4.220000,28.770000,1.125640,1.312914,11.832939,0.023865,0.009306,-0.001747,calib
82.32900,8.280000,4.210000,28.800000,1.111723,1.329705,11.843344,0.023820,0.009310,-0.001636,calib
82.34400,8.250000,4.240000,28.850000,1.104814,1.342662,11.874202,0.023747,0.009076,-0.001624,calib
82.34400,8.290000,4.210000,28.800000,1.104844,1.342390,11.884650,0.023745,0.009268,-0.001619,calib
82.39100,8.520000,4.250000,28.670000,1.152659,1.279484,11.915754,0.024290,0.009498,-0.001607,calib
82.40700,8.450000,4.240000,28.740000,1.145436,1.283707,11.915597,0.024321,0.009549,-0.001823,calib
82.42200,8.370000,4.180000,28.790000,1.117653,1.300870,11.936095,0.023950,0.009272,-0.001706,calib
82.42200,8.300000,4.180000,28.830000,1.103619,1.318005,11.967039,0.023908,0.009088,-0.001588,calib
82.43800,8.300000,4.160000,28.870000,1.089553,1.326450,11.977249,0.023804,0.009092,-0.001691,calib
82.48500,8.490000,4.250000,28.780000,1.137332,1.272007,12.039291,0.024409,0.009326,-0.001775,calib
82.50000,8.480000,4.200000,28.770000,1.130207,1.276184,12.039377,0.024439,0.009376,-0.001668,calib
82.50000,8.470000,4.210000,28.820000,1.115741,1.284928,12.059843,0.024503,0.009287,-0.001769,calib
82.51600,8.360000,4.130000,28.830000,1.094801,1.297869,12.069974,0.024266,0.009055,-0.001765,calib
82.53200,8.350000,4.160000,28.920000,1.087558,1.302390,12.090598,0.024300,0.008916,-0.001651,calib
82.57900,8.510000,4.140000,28.770000,1.100116,1.260553,12.142208,0.024667,0.009206,-0.001738,calib
82.59400,8.500000,4.140000,28.830000,1.092477,1.248221,12.121418,0.024746,0.009161,-0.001748,calib
82.61000,8.480000,4.140000,28.820000,1.085686,1.260834,12.131737,0.024670,0.009116,-0.001744,calib
82.62500,8.430000,4.100000,28.840000,1.085937,1.261152,12.131571,0.024508,0.008828,-0.001743,calib
82.64100,8.360000,4.160000,28.920000,1.071871,1.269597,12.141782,0.024404,0.008833,-0.001846,calib
82.70400,8.370000,4.130000,28.790000,1.086511,1.260709,12.059342,0.024337,0.008915,-0.001769,calib
82.71900,8.350000,4.130000,28.890000,1.087362,1.277464,12.049066,0.024124,0.008722,-0.001665,calib
82.73500,8.380000,4.170000,28.870000,1.087480,1.277120,12.028527,0.024121,0.008911,-0.001673,calib
82.75000,8.390000,4.150000,28.810000,1.094354,1.272625,12.028607,0.024253,0.009149,-0.001780,calib
82.76600,8.410000,4.140000,28.820000,1.101145,1.260012,12.018288,0.024329,0.009194,-0.001784,calib
82.84400,8.360000,4.200000,28.810000,1.116914,1.276114,11.977240,0.023943,0.009182,-0.001689,calib
82.86000,8.420000,4.190000,28.830000,1.130743,1.259395,11.997822,0.023990,0.009180,-0.001787,calib
82.87500,8.500000,4.210000,28.790000,1.136802,1.238645,11.987525,0.024339,0.009227,-0.001686,calib
82.89100,8.540000,4.150000,28.730000,1.135950,1.221890,11.997801,0.024552,0.009421,-0.001791,calib
82.89100,8.520000,4.160000,28.720000,1.135217,1.213753,11.997824,0.024826,0.009421,-0.001686,calib
82.95400,8.520000,4.230000,28.760000,1.164498,1.221554,11.998014,0.024711,0.009506,-0.001791,calib
82.96900,8.550000,4.190000,28.700000,1.164477,1.212891,12.008510,0.024650,0.009698,-0.001678,calib
82.98500,8.550000,4.220000,28.690000,1.171320,1.208668,11.998142,0.024785,0.009744,-0.001790,calib
83.00000,8.580000,4.180000,28.740000,1.164564,1.212819,11.977524,0.024649,0.009695,-0.001690,calib
83.01600,8.520000,4.200000,28.710000,1.150498,1.221265,11.987734,0.024545,0.009702,-0.001793,calib
83.06300,8.590000,4.210000,28.700000,1.193271,1.221062,12.049943,0.024705,0.009693,-0.001768,calib
83.09400,8.590000,4.230000,28.720000,1.192419,1.204307,12.060219,0.024918,0.009887,-0.001872,calib
83.11000,8.640000,4.220000,28.710000,1.192419,1.204307,12.060219,0.024918,0.009887,-0.001872,calib
83.11000,8.590000,4.190000,28.740000,1.178538,1.212636,12.039686,0.024813,0.009888,-0.001666,calib
83.12500,8.490000,4.200000,28.800000,1.164441,1.221353,12.039448,0.024711,0.009702,-0.001774,calib
83.17200,8.620000,4.360000,28.730000,1.229636,1.232169,12.071303,0.024778,0.010399,-0.001756,calib
83.20400,8.660000,4.350000,28.660000,1.243605,1.223769,12.060850,0.024882,0.010396,-0.001975,calib
83.20400,8.680000,4.360000,28.700000,1.251279,1.227638,12.050702,0.024743,0.010438,-0.001870,calib
83.21900,8.620000,4.310000,28.680000,1.237449,1.244357,12.030121,0.024696,0.010441,-0.001772,calib
83.23500,8.550000,4.310000,28.730000,1.216908,1.256999,12.029994,0.024292,0.010302,-0.001769,calib
83.28200,8.710000,4.410000,28.600000,1.287187,1.222436,12.009752,0.024865,0.010854,-0.001992,calib
83.31300,8.750000,4.370000,28.550000,1.279579,1.209832,11.999409,0.024943,0.010999,-0.001997,calib
83.32900,8.660000,4.340000,28.610000,1.265549,1.218777,11.988967,0.024842,0.010619,-0.001787,calib
83.32900,8.600000,4.300000,28.700000,1.230297,1.231655,11.968087,0.024606,0.010484,-0.001796,calib
83.34400,8.520000,4.270000,28.760000,1.209357,1.244595,11.978217,0.024370,0.010252,-0.001791,calib
83.39100,8.790000,4.330000,28.570000,1.249338,1.169241,11.947262,0.025157,0.010527,-0.001807,calib
83.40700,8.810000,4.330000,28.540000,1.242130,1.156338,11.926663,0.025066,0.010767,-0.001813,calib
83.42200,8.770000,4.300000,28.590000,1.220508,1.169532,11.936767,0.025162,0.010536,-0.001813,calib
83.43800,8.590000,4.220000,28.680000,1.206330,1.170131,11.926130,0.025003,0.010157,-0.001817,calib
83.45400,8.590000,4.230000,28.710000,1.199486,1.174354,11.936498,0.024869,0.010111,-0.001704,calib
83.50000,8.870000,4.320000,28.480000,1.262135,1.118525,11.916409,0.025459,0.011001,-0.001819,calib
83.51600,8.800000,4.300000,28.510000,1.255379,1.122676,11.895791,0.025323,0.010952,-0.001719,calib
83.53200,8.740000,4.280000,28.540000,1.234127,1.135843,11.885191,0.025253,0.010623,-0.001725,calib
83.54700,8.660000,4.270000,28.640000,1.206114,1.161351,11.895358,0.025106,0.010441,-0.001722,calib
83.54700,8.600000,4.230000,28.650000,1.199573,1.174282,11.905512,0.024868,0.010108,-0.001717,calib
83.61000,8.850000,4.370000,28.470000,1.263469,1.143100,11.906276,0.025135,0.011093,-0.001820,calib
83.62500,8.820000,4.350000,28.550000,1.249522,1.160162,11.906233,0.025091,0.010906,-0.001714,calib
83.64100,8.620000,4.280000,28.680000,1.228863,1.173148,11.926646,0.024690,0.010578,-0.001703,calib
83.64100,8.590000,4.270000,28.710000,1.221724,1.194450,11.947173,0.024841,0.010439,-0.001806,calib
83.65700,8.570000,4.280000,28.730000,1.229259,1.190001,11.968061,0.024645,0.010486,-0.001580,calib
83.71900,8.610000,4.240000,28.670000,1.186215,1.199354,11.977867,0.024551,0.010118,-0.001686,calib
83.73500,8.490000,4.190000,28.830000,1.172299,1.216145,11.988272,0.024506,0.010122,-0.001575,calib
83.75000,8.500000,4.180000,28.850000,1.150678,1.229338,11.998377,0.024601,0.009893,-0.001575,calib
83.76600,8.520000,4.160000,28.800000,1.172299,1.216145,11.988272,0.024506,0.010122,-0.001575,calib
83.78200,8.610000,4.260000,28.660000,1.193239,1.203204,11.978142,0.024742,0.010354,-0.001580,calib
83.82900,8.650000,4.250000,28.680000,1.178808,1.203486,11.967671,0.024746,0.010264,-0.001585,calib
83.84400,8.580000,4.230000,28.700000,1.164712,1.212203,11.967433,0.024644,0.010077,-0.001693,calib
83.86000,8.640000,4.200000,28.680000,1.157535,1.207991,11.967567,0.024615,0.010125,-0.001478,calib
83.86000,8.630000,4.240000,28.720000,1.164660,1.203813,11.967481,0.024585,0.010077,-0.001585,calib
83.87500,8.650000,4.260000,28.700000,1.164742,1.211931,11.977881,0.024642,0.010268,-0.001688,calib
83.92200,8.520000,4.150000,28.790000,1.100856,1.234179,11.998061,0.024311,0.009669,-0.001468,calib
83.93800,8.530000,4.130000,28.790000,1.086057,1.234488,12.008294,0.024481,0.009674,-0.001466,calib
83.95400,8.530000,4.160000,28.790000,1.086057,1.234488,12.008294,0.024481,0.009674,-0.001466,calib
83.96900,8.560000,4.160000,28.770000,1.093182,1.230310,12.008208,0.024451,0.009626,-0.001573,calib
83.98500,8.550000,4.140000,28.750000,1.093182,1.230310,12.008208,0.024451,0.009626,-0.001573,calib
84.03200,8.460000,4.120000,28.850000,1.073233,1.268323,11.977027,0.024059,0.009196,-0.001585,calib
84.04700,8.480000,4.160000,28.840000,1.073233,1.268323,11.977027,0.024059,0.009196,-0.001585,calib
84.06300,8.480000,4.150000,28.800000,1.073330,1.259317,11.966985,0.023994,0.009576,-0.001479,calib
84.06300,8.540000,4.180000,28.770000,1.087447,1.259262,11.956726,0.024157,0.009572,-0.001485,calib
84.07900,8.580000,4.180000,28.790000,1.101847,1.259253,11.956750,0.024156,0.009471,-0.001484,calib
84.14100,8.500000,4.210000,28.800000,1.116359,1.267089,11.977620,0.024209,0.009756,-0.001582,calib
84.15700,8.560000,4.230000,28.730000,1.123633,1.262296,11.967444,0.024173,0.010087,-0.001692,calib
84.15700,8.570000,4.250000,28.760000,1.137750,1.262241,11.957185,0.024336,0.010082,-0.001697,calib
84.17200,8.570000,4.240000,28.710000,1.145112,1.266337,11.926307,0.024363,0.010028,-0.001602,calib
84.18800,8.500000,4.280000,28.760000,1.145845,1.274474,11.926285,0.024090,0.010027,-0.001707,calib
84.23500,8.580000,4.300000,28.710000,1.182379,1.277780,11.937080,0.023943,0.010253,-0.001591,calib
84.25000,8.580000,4.280000,28.700000,1.195927,1.261015,11.947379,0.024155,0.010347,-0.001695,calib
84.26600,8.610000,4.340000,28.730000,1.202631,1.248474,11.968047,0.024232,0.010396,-0.001686,calib
84.26600,8.620000,4.320000,28.710000,1.209787,1.244024,11.978409,0.024200,0.010538,-0.001788,calib
84.28200,8.590000,4.340000,28.710000,1.202544,1.248546,11.999033,0.024233,0.010398,-0.001674,calib
84.32900,8.390000,4.250000,29.000000,1.131868,1.308983,12.194602,0.023846,0.009674,-0.001707,calib
84.34400,8.490000,4.290000,28.890000,1.137952,1.296151,12.236139,0.024251,0.010108,-0.001693,calib
84.36000,8.580000,4.290000,28.860000,1.151131,1.279413,12.267143,0.024628,0.010300,-0.001790,calib
84.37500,8.600000,4.260000,28.880000,1.157718,1.267216,12.308348,0.024709,0.010160,-0.001774,calib
84.39100,8.560000,4.260000,28.920000,1.157683,1.275678,12.339286,0.024769,0.010163,-0.001870,calib
84.45400,8.410000,4.160000,29.130000,1.062950,1.308222,12.689558,0.025019,0.009321,-0.001633,calib
84.48500,8.440000,4.210000,29.200000,1.070019,1.303845,12.730907,0.024989,0.009466,-0.001723,calib
84.48500,8.400000,4.210000,29.260000,1.063140,1.316530,12.772213,0.024914,0.009424,-0.001706,calib
84.50000,8.310000,4.210000,29.320000,1.049470,1.341828,12.823838,0.024764,0.009338,-0.001686,calib
84.51600,8.180000,4.190000,29.440000,1.035400,1.367425,12.885720,0.024782,0.009156,-0.001663,calib
84.59400,8.310000,4.180000,29.410000,1.054844,1.346696,13.133709,0.025301,0.009608,-0.001781,calib
84.61000,8.280000,4.160000,29.450000,1.040188,1.338731,13.185260,0.025249,0.009522,-0.001653,calib
84.61000,8.280000,4.160000,29.550000,1.039353,1.347790,13.236711,0.025645,0.009338,-0.001745,calib
84.62500,8.320000,4.140000,29.560000,1.039266,1.347862,13.267697,0.025646,0.009341,-0.001733,calib
84.64100,8.250000,4.180000,29.540000,1.032388,1.360547,13.309003,0.025572,0.009298,-0.001716,calib
84.70400,8.210000,4.340000,29.710000,1.076614,1.410151,13.505610,0.025423,0.009494,-0.001957,calib
84.71900,8.230000,4.290000,29.680000,1.082949,1.397636,13.546981,0.025666,0.009640,-0.001942,calib
84.73500,8.210000,4.290000,29.700000,1.075307,1.402456,13.577862,0.025867,0.009407,-0.001825,calib
84.75000,8.150000,4.260000,29.790000,1.054398,1.415124,13.598440,0.025629,0.009367,-0.001816,calib
84.76600,8.020000,4.280000,29.880000,1.033624,1.453263,13.639655,0.025570,0.009138,-0.001802,calib
84.82900,8.060000,4.240000,29.890000,1.040119,1.449327,13.753233,0.025710,0.009196,-0.001865,calib
84.84400,8.000000,4.260000,29.920000,1.025971,1.449654,13.753044,0.025549,0.009010,-0.001864,calib
84.86000,7.930000,4.270000,30.000000,0.997957,1.475163,13.763211,0.025401,0.008828,-0.001862,calib
84.87500,7.840000,4.210000,30.050000,0.970292,1.491982,13.763171,0.025027,0.008738,-0.001753,calib
84.89100,7.840000,4.220000,30.110000,0.970261,1.492254,13.752723,0.025029,0.008547,-0.001757,calib
84.95400,7.950000,4.300000,29.980000,1.013144,1.448953,13.546423,0.025044,0.008991,-0.001942,calib
84.96900,7.890000,4.260000,29.960000,0.999995,1.465419,13.525867,0.024665,0.008991,-0.001840,calib
84.98500,7.850000,4.200000,30.010000,0.993239,1.469570,13.505248,0.024529,0.008942,-0.001740,calib
85.00000,7.870000,4.260000,30.000000,0.992926,1.469796,13.484518,0.024696,0.008845,-0.001751,calib
85.00000,7.930000,4.280000,29.980000,1.007422,1.460780,13.474499,0.024630,0.009125,-0.001645,calib
85.06300,7.930000,4.260000,29.890000,1.007288,1.443712,13.340125,0.024672,0.009209,-0.001806,calib
85.07900,7.910000,4.280000,29.910000,1.007806,1.452031,13.319615,0.024564,0.009109,-0.001599,calib
85.09400,7.950000,4.280000,29.930000,1.014649,1.447808,13.309247,0.024699,0.009156,-0.001711,calib
85.11000,8.010000,4.320000,29.820000,1.036010,1.443231,13.278364,0.024828,0.009289,-0.001831,calib
85.12500,8.020000,4.360000,29.810000,1.050875,1.434189,13.247641,0.024596,0.009471,-0.001731,calib
85.17200,7.940000,4.300000,29.820000,1.029949,1.438406,13.123591,0.024460,0.009322,-0.001674,calib
85.18800,7.940000,4.290000,29.810000,1.030088,1.446724,13.092556,0.024518,0.009319,-0.001795,calib
85.20400,7.990000,4.300000,29.800000,1.030124,1.438262,13.061618,0.024458,0.009317,-0.001699,calib
85.21900,7.980000,4.320000,29.810000,1.037366,1.433741,13.040994,0.024424,0.009456,-0.001813,calib
85.21900,8.010000,4.360000,29.730000,1.044446,1.437791,12.999834,0.024616,0.009496,-0.001724,calib
85.28200,8.110000,4.390000,29.760000,1.065185,1.408115,12.989557,0.024735,0.009730,-0.001834,calib
85.29700,8.140000,4.310000,29.730000,1.071556,1.387138,12.999991,0.024918,0.009872,-0.001723,calib
85.29700,8.130000,4.310000,29.700000,1.071042,1.370629,12.979115,0.024967,0.009776,-0.001839,calib
85.31300,8.080000,4.300000,29.710000,1.063917,1.374806,12.979200,0.024997,0.009827,-0.001733,calib
85.32900,8.080000,4.290000,29.730000,1.057043,1.379301,12.979121,0.024864,0.009588,-0.001625,calib
85.39100,8.110000,4.340000,29.710000,1.085477,1.362157,12.948200,0.024905,0.009672,-0.001743,calib
85.39100,8.220000,4.340000,29.600000,1.098692,1.336957,12.948266,0.025222,0.009861,-0.001744,calib
85.40700,8.210000,4.290000,29.640000,1.098091,1.320520,12.958376,0.025273,0.009768,-0.001847,calib
85.42200,8.180000,4.300000,29.590000,1.091387,1.333061,12.937709,0.025196,0.009719,-0.001856,calib
85.43800,8.140000,4.290000,29.670000,1.069714,1.337864,12.947862,0.025233,0.009489,-0.001747,calib
85.48500,8.190000,4.290000,29.600000,1.076679,1.325107,12.875569,0.025306,0.009527,-0.001776,calib
85.50000,8.310000,4.290000,29.560000,1.097019,1.295730,12.875549,0.025593,0.009666,-0.001884,calib
85.51600,8.350000,4.280000,29.470000,1.117876,1.274671,12.855020,0.025773,0.009706,-0.001785,calib
85.51600,8.370000,4.300000,29.450000,1.103928,1.282773,12.844691,0.025665,0.009901,-0.001896,calib
85.53200,8.150000,4.220000,29.600000,1.083276,1.312377,12.823981,0.025545,0.009665,-0.001798,calib
85.59400,8.200000,4.300000,29.520000,1.083979,1.320786,12.813511,0.025273,0.009473,-0.001907,calib
85.59400,8.380000,4.340000,29.460000,1.111008,1.286823,12.803532,0.025857,0.009942,-0.001807,calib
85.61000,8.430000,4.380000,29.450000,1.124591,1.261597,12.782893,0.026008,0.010032,-0.001815,calib
85.62500,8.420000,4.300000,29.450000,1.124960,1.261570,12.762189,0.025842,0.009934,-0.001821,calib
85.64100,8.250000,4.270000,29.510000,1.096582,1.278915,12.751675,0.025802,0.009654,-0.001721,calib
85.68800,8.220000,4.270000,29.530000,1.091247,1.307568,12.689936,0.025341,0.009695,-0.001634,calib
85.70400,8.280000,4.350000,29.470000,1.119312,1.290450,12.679720,0.025547,0.009877,-0.001745,calib
85.71900,8.390000,4.330000,29.350000,1.140339,1.277438,12.638604,0.025783,0.010106,-0.001762,calib
85.73500,8.360000,4.300000,29.350000,1.133151,1.273198,12.607508,0.025753,0.010155,-0.001882,calib
85.73500,8.350000,4.310000,29.440000,1.119573,1.290235,12.586761,0.025543,0.009868,-0.001783,calib
85.79700,8.310000,4.310000,29.460000,1.113150,1.302821,12.576376,0.025302,0.009725,-0.001785,calib
85.81300,8.340000,4.360000,29.410000,1.141615,1.285405,12.555903,0.025341,0.010001,-0.001898,calib
85.82900,8.370000,4.380000,29.390000,1.155763,1.285078,12.556092,0.025501,0.010188,-0.001899,calib
85.82900,8.350000,4.410000,29.380000,1.163437,1.288947,12.545945,0.025362,0.010231,-0.001793,calib
85.84400,8.330000,4.380000,29.430000,1.149740,1.297366,12.535451,0.025092,0.010138,-0.001903,calib
85.89100,8.330000,4.300000,29.420000,1.147350,1.256453,12.607385,0.025634,0.010054,-0.001987,calib
85.90700,8.410000,4.300000,29.360000,1.160477,1.231325,12.638437,0.025952,0.010247,-0.001976,calib
85.92200,8.480000,4.340000,29.340000,1.159744,1.223188,12.638460,0.026226,0.010247,-0.001871,calib
85.93800,8.390000,4.340000,29.390000,1.138835,1.235856,12.659038,0.025987,0.010207,-0.001862,calib
85.95400,8.290000,4.230000,29.480000,1.117777,1.249140,12.689707,0.025754,0.009787,-0.001850,calib
86.01600,8.520000,4.340000,29.320000,1.165674,1.194353,12.731211,0.026356,0.010208,-0.001941,calib
86.03200,8.520000,4.350000,29.310000,1.158636,1.198458,12.700310,0.026385,0.010255,-0.001847,calib
86.04700,8.380000,4.240000,29.410000,1.130109,1.207458,12.689601,0.026287,0.009978,-0.001960,calib
86.06300,8.310000,4.220000,29.460000,1.102014,1.224847,12.689369,0.026082,0.009602,-0.001854,calib
86.07900,8.250000,4.180000,29.500000,1.088799,1.250047,12.689303,0.025765,0.009413,-0.001853,calib
86.14100,8.480000,4.270000,29.320000,1.152018,1.210928,12.648656,0.026307,0.010205,-0.001868,calib
86.17200,8.370000,4.150000,29.380000,1.116531,1.224494,12.668854,0.026077,0.009691,-0.001861,calib
86.17200,8.260000,4.080000,29.530000,1.080341,1.229651,12.699522,0.026119,0.009371,-0.001745,calib
86.18800,8.340000,4.090000,29.510000,1.072979,1.225555,12.730399,0.026092,0.009425,-0.001840,calib
86.20400,8.360000,4.170000,29.500000,1.093520,1.212913,12.730526,0.026496,0.009563,-0.001842,calib
86.26600,8.320000,4.150000,29.530000,1.093889,1.212886,12.709821,0.026331,0.009465,-0.001849,calib
86.28200,8.240000,4.100000,29.540000,1.065824,1.230004,12.720037,0.026124,0.009282,-0.001738,calib
86.29700,8.280000,4.090000,29.500000,1.065824,1.230004,12.720037,0.026124,0.009282,-0.001738,calib
86.29700,8.400000,4.190000,29.410000,1.094288,1.212588,12.699565,0.026163,0.009560,-0.001851,calib
86.31300,8.480000,4.260000,29.390000,1.122332,1.186807,12.699845,0.026308,0.009933,-0.001849,calib
86.39100,8.340000,4.100000,29.480000,1.086403,1.191749,12.637554,0.026346,0.009605,-0.001770,calib
86.40700,8.310000,4.080000,29.480000,1.065463,1.204689,12.647684,0.026110,0.009372,-0.001766,calib
86.40700,8.330000,4.140000,29.480000,1.072255,1.192076,12.637365,0.026185,0.009417,-0.001770,calib
86.42200,8.450000,4.130000,29.350000,1.100350,1.174686,12.637597,0.026390,0.009791,-0.001876,calib
86.43800,8.610000,4.210000,29.240000,1.127995,1.149204,12.648134,0.026703,0.010072,-0.001872,calib
86.48500,8.390000,4.110000,29.410000,1.093107,1.179207,12.658221,0.026423,0.009652,-0.001762,calib
86.50000,8.350000,4.130000,29.470000,1.093042,1.187941,12.678711,0.026486,0.009463,-0.001862,calib
86.51600,8.450000,4.200000,29.370000,1.114263,1.175047,12.678863,0.026558,0.009600,-0.001861,calib
86.53200,8.560000,4.260000,29.310000,1.142359,1.157657,12.679095,0.026762,0.009975,-0.001967,calib
86.54700,8.630000,4.210000,29.280000,1.155973,1.132158,12.668905,0.026911,0.010257,-0.001971,calib
86.59400,8.380000,4.230000,29.390000,1.130232,1.198923,12.627676,0.026225,0.009971,-0.001877,calib
86.61000,8.400000,4.200000,29.430000,1.137357,1.194746,12.627591,0.026195,0.009920,-0.001983,calib
86.62500,8.470000,4.250000,29.380000,1.158327,1.181534,12.627908,0.026429,0.010345,-0.001983,calib
86.64100,8.570000,4.270000,29.300000,1.179149,1.168937,12.638317,0.026669,0.010389,-0.001980,calib
86.64100,8.620000,4.300000,29.250000,1.185572,1.156350,12.648702,0.026911,0.010531,-0.001977,calib
86.70400,8.480000,4.210000,29.400000,1.143005,1.165866,12.710059,0.026490,0.009978,-0.002059,calib
86.71900,8.510000,4.200000,29.400000,1.156702,1.157447,12.720553,0.026760,0.010070,-0.001950,calib
86.73500,8.570000,4.250000,29.370000,1.163406,1.144905,12.741220,0.026837,0.010118,-0.001941,calib
86.73500,8.620000,4.270000,29.280000,1.170280,1.140411,12.741300,0.026969,0.010356,-0.002049,calib
86.75000,8.610000,4.270000,29.340000,1.177555,1.144578,12.741410,0.026997,0.010305,-0.001942,calib
86.82900,8.560000,4.270000,29.400000,1.164648,1.177742,12.803460,0.026572,0.010410,-0.002021,calib
86.84400,8.560000,4.290000,29.380000,1.178714,1.169297,12.793250,0.026676,0.010403,-0.001918,calib
86.86000,8.530000,4.270000,29.380000,1.178684,1.169569,12.782802,0.026678,0.010212,-0.001922,calib
86.87500,8.510000,4.230000,29.390000,1.171979,1.182110,12.762135,0.026601,0.010163,-0.001931,calib
86.89100,8.430000,4.250000,29.440000,1.158765,1.207310,12.762069,0.026284,0.009974,-0.001930,calib
86.93800,8.490000,4.300000,29.360000,1.180104,1.194071,12.741682,0.026353,0.010300,-0.001936,calib
86.96900,8.490000,4.270000,29.400000,1.186830,1.190192,12.751853,0.026490,0.010157,-0.002041,calib
86.96900,8.540000,4.290000,29.380000,1.186860,1.189920,12.762301,0.026488,0.010349,-0.002036,calib
86.98500,8.500000,4.260000,29.430000,1.186860,1.189920,12.762301,0.026488,0.010349,-0.002036,calib
87.00000,8.520000,4.260000,29.440000,1.172712,1.190247,12.762112,0.026328,0.010162,-0.002035,calib
87.04700,8.480000,4.270000,29.440000,1.150956,1.177970,12.751580,0.026244,0.010122,-0.002039,calib
87.06300,8.500000,4.250000,29.430000,1.157831,1.182437,12.761945,0.026440,0.009976,-0.001930,calib
87.07900,8.500000,4.240000,29.410000,1.164674,1.178214,12.751577,0.026575,0.010021,-0.002043,calib
87.09400,8.510000,4.270000,29.420000,1.171778,1.165374,12.761988,0.026484,0.010164,-0.002036,calib
87.11000,8.540000,4.250000,29.400000,1.171496,1.165329,12.751706,0.026648,0.010259,-0.002042,calib
87.15700,8.430000,4.270000,29.460000,1.187316,1.189822,12.710610,0.026321,0.010247,-0.002055,calib
87.17200,8.390000,4.290000,29.420000,1.188614,1.222858,12.731415,0.026057,0.010344,-0.002152,calib
87.18800,8.360000,4.320000,29.420000,1.196288,1.226728,12.721267,0.025918,0.010386,-0.002047,calib
87.18800,8.400000,4.340000,29.400000,1.211118,1.226147,12.721482,0.025746,0.010573,-0.002043,calib
87.20400,8.480000,4.370000,29.420000,1.231992,1.221941,12.731842,0.026045,0.010615,-0.002148,calib
87.23500,8.470000,4.360000,29.420000,1.231940,1.213551,12.731891,0.025986,0.010615,-0.002040,calib
87.25000,8.430000,4.310000,29.420000,1.217423,1.213905,12.752406,0.025991,0.010526,-0.002033,calib
87.26600,8.400000,4.280000,29.470000,1.210579,1.218127,12.762774,0.025857,0.010481,-0.001920,calib
87.28200,8.380000,4.320000,29.490000,1.210462,1.218471,12.783313,0.025860,0.010292,-0.001913,calib
87.29700,8.440000,4.330000,29.480000,1.203100,1.214375,12.814190,0.025833,0.010345,-0.002007,calib
87.34400,8.500000,4.310000,29.400000,1.201311,1.189899,12.876014,0.026324,0.010356,-0.001987,calib
87.36000,8.460000,4.270000,29.500000,1.201311,1.189899,12.876014,0.026324,0.010356,-0.001987,calib
87.36000,8.360000,4.250000,29.550000,1.180402,1.202568,12.896592,0.026086,0.010316,-0.001978,calib
87.37500,8.360000,4.260000,29.580000,1.181566,1.219095,12.907046,0.025706,0.010217,-0.001863,calib
87.39100,8.350000,4.320000,29.550000,1.188374,1.223335,12.927616,0.025901,0.010266,-0.002071,calib
87.46900,8.410000,4.230000,29.510000,1.164659,1.178536,12.999496,0.026253,0.010045,-0.001939,calib
87.48500,8.320000,4.260000,29.600000,1.158231,1.199313,13.030497,0.026070,0.010097,-0.002033,calib
87.50000,8.360000,4.290000,29.630000,1.172661,1.199031,13.040968,0.026066,0.010189,-0.002028,calib
87.51600,8.400000,4.300000,29.530000,1.187040,1.190359,13.051488,0.026004,0.010280,-0.001914,calib
87.51600,8.470000,4.360000,29.520000,1.207580,1.177717,13.051614,0.026408,0.010418,-0.001917,calib
87.59400,8.400000,4.270000,29.620000,1.171841,1.190966,13.071977,0.026341,0.010193,-0.001911,calib
87.61000,8.480000,4.270000,29.510000,1.185758,1.174175,13.061572,0.026387,0.010188,-0.002021,calib
87.62500,8.480000,4.340000,29.510000,1.207067,1.161208,13.030738,0.026457,0.010323,-0.002033,calib
87.64100,8.520000,4.310000,29.460000,1.206903,1.160819,12.999917,0.026618,0.010606,-0.002046,calib
87.64100,8.500000,4.330000,29.470000,1.200515,1.164943,12.958594,0.026317,0.010460,-0.001953,calib
87.70400,8.480000,4.290000,29.520000,1.180350,1.194177,12.896641,0.026027,0.010314,-0.001870,calib
87.71900,8.470000,4.280000,29.440000,1.187111,1.181836,12.875874,0.026105,0.010167,-0.001878,calib
87.73500,8.510000,4.300000,29.410000,1.186777,1.173400,12.865640,0.026210,0.010262,-0.001776,calib
87.75000,8.450000,4.260000,29.450000,1.179472,1.169504,12.855083,0.026184,0.010122,-0.001888,calib
87.76600,8.410000,4.240000,29.500000,1.158251,1.182399,12.854931,0.026112,0.009985,-0.001889,calib
87.82900,8.480000,4.210000,29.460000,1.149396,1.145149,12.823735,0.026512,0.010035,-0.001905,calib
87.84400,8.370000,4.190000,29.500000,1.142922,1.149346,12.813398,0.026212,0.009890,-0.001799,calib
87.86000,8.330000,4.140000,29.530000,1.122670,1.178651,12.782432,0.025923,0.009749,-0.001704,calib
87.87500,8.270000,4.170000,29.580000,1.116580,1.199674,12.782280,0.025576,0.009510,-0.001809,calib
87.89100,8.300000,4.230000,29.550000,1.130729,1.199347,12.782469,0.025737,0.009697,-0.001810,calib
87.95400,8.420000,4.140000,29.510000,1.120736,1.137640,12.802675,0.026298,0.009563,-0.001806,calib
87.96900,8.330000,4.120000,29.530000,1.120736,1.137640,12.802675,0.026298,0.009563,-0.001806,calib
87.98500,8.350000,4.120000,29.510000,1.114344,1.149954,12.802738,0.026055,0.009612,-0.001804,calib
88.00000,8.380000,4.160000,29.540000,1.121618,1.154122,12.802847,0.026083,0.009560,-0.001697,calib
88.01600,8.420000,4.220000,29.490000,1.135166,1.137358,12.813146,0.026294,0.009654,-0.001801,calib
88.06300,8.370000,4.120000,29.560000,1.114256,1.150026,12.833724,0.026056,0.009614,-0.001792,calib
88.07900,8.360000,4.120000,29.580000,1.121561,1.153922,12.844281,0.026082,0.009756,-0.001680,calib
88.09400,8.370000,4.200000,29.530000,1.129051,1.157908,12.864877,0.025945,0.009804,-0.001884,calib
88.11000,8.390000,4.210000,29.540000,1.143481,1.157627,12.875349,0.025941,0.009895,-0.001879,calib
88.12500,8.430000,4.250000,29.500000,1.150755,1.161795,12.875458,0.025969,0.009844,-0.001772,calib
88.17200,8.330000,4.210000,29.550000,1.145267,1.199254,12.865196,0.025572,0.009699,-0.001774,calib
88.18800,8.310000,4.180000,29.590000,1.130780,1.199336,12.896159,0.025575,0.009803,-0.001762,calib
88.20400,8.320000,4.180000,29.560000,1.130380,1.199634,12.906416,0.025742,0.009709,-0.001760,calib
88.21900,8.390000,4.230000,29.610000,1.137536,1.195185,12.916778,0.025710,0.009853,-0.001862,calib
88.23500,8.380000,4.230000,29.570000,1.151602,1.186739,12.906568,0.025814,0.009846,-0.001758,calib
88.26600,8.270000,4.110000,29.680000,1.109041,1.212873,12.926802,0.025674,0.009383,-0.001753,calib
88.28200,8.260000,4.150000,29.650000,1.094893,1.213200,12.926613,0.025513,0.009196,-0.001753,calib
88.31300,8.240000,4.160000,29.670000,1.102597,1.216798,12.926914,0.025371,0.009431,-0.001643,calib
88.31300,8.320000,4.190000,29.590000,1.123871,1.212293,12.927017,0.025502,0.009569,-0.001750,calib
88.32900,8.330000,4.230000,29.620000,1.130345,1.208097,12.937354,0.025803,0.009713,-0.001856,calib
88.37500,8.300000,4.130000,29.670000,1.100659,1.183976,12.988543,0.025804,0.009442,-0.001837,calib
88.39100,8.320000,4.120000,29.670000,1.093503,1.188426,12.978181,0.025836,0.009299,-0.001735,calib
88.42200,8.330000,4.120000,29.680000,1.093503,1.188426,12.978181,0.025836,0.009299,-0.001735,calib
88.42200,8.340000,4.160000,29.680000,1.107933,1.188144,12.988652,0.025833,0.009391,-0.001729,calib
88.43800,8.340000,4.210000,29.650000,1.115637,1.191741,12.988953,0.025691,0.009626,-0.001619,calib
88.48500,8.300000,4.150000,29.650000,1.107841,1.196406,13.061025,0.025892,0.009591,-0.001808,calib
88.51600,8.330000,4.170000,29.650000,1.107841,1.196406,13.061025,0.025892,0.009591,-0.001808,calib
88.53200,8.330000,4.160000,29.650000,1.107754,1.196478,13.092011,0.025893,0.009593,-0.001796,calib
88.54700,8.330000,4.180000,29.700000,1.108067,1.196251,13.112741,0.025727,0.009690,-0.001785,calib
88.54700,8.300000,4.210000,29.690000,1.115306,1.208881,13.143788,0.025816,0.009643,-0.001774,calib
88.61000,8.320000,4.210000,29.810000,1.121792,1.230288,13.350424,0.026135,0.009709,-0.001802,calib
88.62500,8.260000,4.270000,29.870000,1.114677,1.234699,13.422522,0.026004,0.009672,-0.001987,calib
88.64100,8.230000,4.220000,29.940000,1.107312,1.247755,13.505071,0.026099,0.009539,-0.001956,calib
88.65700,8.140000,4.200000,30.010000,1.107108,1.248171,13.556596,0.026104,0.009353,-0.001936,calib
88.65700,8.180000,4.200000,29.970000,1.098926,1.236010,13.618483,0.026351,0.009411,-0.001914,calib
88.71900,8.140000,4.160000,30.130000,1.076147,1.241659,13.855555,0.026566,0.009109,-0.002038,calib
88.73500,8.110000,4.160000,30.160000,1.069550,1.254390,13.907143,0.026327,0.008972,-0.002016,calib
88.73500,8.100000,4.210000,30.200000,1.062272,1.267374,13.958705,0.026421,0.008836,-0.001997,calib
88.75000,8.050000,4.200000,30.160000,1.068889,1.254904,14.010359,0.026499,0.008887,-0.001977,calib
88.76600,8.120000,4.170000,30.170000,1.067951,1.238221,14.051622,0.026714,0.009084,-0.002069,calib
88.81300,7.940000,4.090000,30.360000,1.011341,1.290213,14.236980,0.026430,0.008354,-0.001998,calib
88.84400,7.760000,4.100000,30.540000,1.004796,1.311334,14.288520,0.026251,0.008219,-0.002084,calib
88.84400,7.830000,4.110000,30.510000,1.018826,1.311351,14.309247,0.026415,0.008216,-0.002077,calib
88.86000,7.950000,4.140000,30.460000,1.039391,1.281818,14.360944,0.026537,0.008455,-0.002162,calib
88.87500,8.050000,4.140000,30.410000,1.052236,1.256645,14.381714,0.027020,0.008743,-0.002157,calib
88.92200,7.720000,3.950000,30.700000,0.938223,1.301347,14.504531,0.026526,0.007546,-0.002006,calib
88.93800,7.660000,3.960000,30.670000,0.937788,1.310107,14.545726,0.026754,0.007456,-0.002100,calib
88.95400,7.730000,3.950000,30.730000,0.944093,1.297865,14.576650,0.026999,0.007410,-0.002089,calib
88.96900,7.910000,4.010000,30.600000,0.964495,1.276904,14.607811,0.027346,0.007552,-0.001971,calib
88.98500,7.920000,4.000000,30.610000,0.985168,1.255963,14.618025,0.027528,0.007595,-0.002182,calib
89.03200,7.680000,4.000000,30.790000,0.944539,1.298299,14.617753,0.026674,0.007031,-0.002070,calib
89.04700,7.680000,4.000000,30.780000,0.951782,1.293778,14.597128,0.026640,0.007170,-0.002184,calib
89.06300,7.710000,4.020000,30.680000,0.972692,1.281109,14.576550,0.026879,0.007210,-0.002194,calib
89.06300,7.830000,4.020000,30.690000,0.986756,1.263703,14.556054,0.026919,0.007587,-0.002307,calib
89.07900,7.870000,4.050000,30.580000,1.000628,1.255140,14.504575,0.027186,0.007673,-0.002222,calib
89.14100,7.750000,4.050000,30.680000,1.002309,1.279427,14.370496,0.026857,0.007753,-0.002273,calib
89.17200,7.840000,4.070000,30.580000,1.030809,1.253548,14.319086,0.026835,0.008026,-0.002290,calib
89.17200,7.890000,4.090000,30.540000,1.052569,1.248673,14.277946,0.026797,0.008254,-0.002411,calib
89.18800,7.890000,4.100000,30.530000,1.052656,1.248601,14.246959,0.026796,0.008252,-0.002424,calib
89.20400,7.850000,4.060000,30.520000,1.052374,1.248556,14.236677,0.026960,0.008346,-0.002430,calib
89.25000,8.020000,4.130000,30.340000,1.093934,1.180708,14.071740,0.027300,0.008701,-0.002279,calib
89.26600,8.070000,4.110000,30.360000,1.100746,1.176757,14.050924,0.027437,0.008554,-0.002396,calib
89.28200,8.020000,4.110000,30.370000,1.100833,1.176685,14.019938,0.027436,0.008552,-0.002409,calib
89.29700,7.970000,4.100000,30.410000,1.093708,1.180863,14.020023,0.027466,0.008601,-0.002302,calib
89.31300,7.950000,4.050000,30.410000,1.087004,1.193404,13.999356,0.027389,0.008552,-0.002311,calib
89.37500,8.110000,4.060000,30.320000,1.107148,1.163909,13.958067,0.027839,0.008783,-0.002437,calib
89.39100,8.030000,4.020000,30.320000,1.093288,1.180900,13.927038,0.027794,0.008594,-0.002344,calib
89.40700,7.940000,4.060000,30.410000,1.086866,1.193487,13.916653,0.027552,0.008450,-0.002346,calib
89.40700,7.930000,4.060000,30.420000,1.086866,1.193487,13.916653,0.027552,0.008450,-0.002346,calib
89.42200,7.970000,4.130000,30.330000,1.094258,1.197311,13.896223,0.027577,0.008587,-0.002247,calib
89.48500,7.860000,4.090000,30.300000,1.077151,1.241602,13.566062,0.026394,0.008602,-0.002154,calib
89.50000,7.810000,4.110000,30.330000,1.085328,1.261953,13.545561,0.026204,0.008739,-0.002267,calib
89.51600,7.880000,4.190000,30.250000,1.106637,1.248987,13.514727,0.026275,0.008873,-0.002278,calib
89.53200,8.030000,4.220000,30.160000,1.148850,1.231542,13.504700,0.026642,0.009243,-0.002390,calib
89.54700,8.100000,4.310000,30.110000,1.176612,1.205716,13.494698,0.026952,0.009712,-0.002394,calib
89.59400,7.860000,4.110000,30.250000,1.113304,1.219332,13.401263,0.026393,0.009003,-0.002109,calib
89.61000,7.850000,4.110000,30.220000,1.120060,1.215181,13.421881,0.026529,0.009052,-0.002209,calib
89.62500,8.080000,4.230000,30.130000,1.154830,1.185521,13.432333,0.026813,0.009284,-0.002311,calib
89.64100,8.220000,4.230000,30.040000,1.196140,1.142931,13.432630,0.027334,0.009846,-0.002419,calib
89.65700,8.350000,4.260000,29.970000,1.238184,1.117440,13.443191,0.027646,0.010026,-0.002414,calib
89.70400,7.920000,4.150000,30.210000,1.140174,1.177556,13.483883,0.026760,0.009197,-0.002183,calib
89.71900,8.030000,4.140000,30.180000,1.146048,1.156923,13.504330,0.027111,0.009248,-0.002393,calib
89.73500,8.120000,4.180000,30.140000,1.172780,1.115231,13.504247,0.027642,0.009338,-0.002503,calib
89.75000,8.340000,4.150000,30.010000,1.192698,1.077489,13.524980,0.028036,0.009575,-0.002496,calib
89.76600,8.360000,4.190000,30.000000,1.199490,1.064876,13.514660,0.028111,0.009620,-0.002500,calib
89.81300,7.860000,4.040000,30.310000,1.061591,1.192085,13.513935,0.026378,0.008318,-0.002174,calib
89.82900,7.900000,4.070000,30.230000,1.074857,1.175275,13.513953,0.026754,0.008507,-0.002284,calib
89.84400,8.060000,4.090000,30.170000,1.102219,1.149748,13.514207,0.027232,0.008881,-0.002286,calib
89.86000,8.200000,4.130000,30.070000,1.115233,1.107812,13.514127,0.027432,0.009071,-0.002393,calib
89.86000,8.250000,4.060000,30.040000,1.107108,1.095851,13.534579,0.027681,0.008934,-0.002388,calib
89.90700,7.890000,3.850000,30.420000,0.969575,1.120680,13.770808,0.027715,0.007711,-0.002090,calib
89.93800,8.080000,3.840000,30.320000,0.982154,1.087505,13.811922,0.028143,0.007810,-0.002291,calib
89.95400,8.270000,3.890000,30.240000,1.001986,1.049835,13.863641,0.028538,0.008051,-0.002271,calib
89.95400,8.310000,3.860000,30.210000,1.000565,1.025333,13.904761,0.028864,0.007961,-0.002258,calib
89.96900,8.280000,3.840000,30.230000,0.978493,1.030434,13.925171,0.029068,0.007637,-0.002147,calib
90.01600,8.100000,3.700000,30.370000,0.899172,1.045016,13.996632,0.029018,0.006953,-0.002125,calib
90.04700,8.200000,3.740000,30.280000,0.927185,1.019507,13.986464,0.029166,0.007135,-0.002127,calib
90.04700,8.310000,3.740000,30.240000,0.941733,1.018882,13.976397,0.029159,0.007415,-0.002130,calib
90.06300,8.210000,3.730000,30.290000,0.941421,1.019109,13.955667,0.029325,0.007318,-0.002140,calib
90.07900,8.130000,3.740000,30.310000,0.935397,1.031397,13.935025,0.028916,0.007269,-0.002145,calib
90.12500,8.180000,3.800000,30.240000,0.958209,1.051051,13.873470,0.028718,0.007684,-0.002273,calib
90.14100,8.250000,3.860000,30.210000,0.993614,1.029366,13.842874,0.028891,0.008006,-0.002176,calib
90.15700,8.240000,3.840000,30.230000,1.000458,1.025144,13.832506,0.029025,0.008051,-0.002289,calib
90.17200,8.200000,3.850000,30.210000,0.994035,1.037730,13.822121,0.028784,0.007907,-0.002291,calib
90.18800,8.180000,3.790000,30.250000,0.979917,1.037785,13.832379,0.028621,0.007912,-0.002286,calib
90.23500,8.280000,3.940000,30.210000,1.058890,1.031893,13.771126,0.028898,0.008502,-0.002415,calib
90.25000,8.370000,3.990000,30.090000,1.073074,1.023104,13.740377,0.028998,0.008686,-0.002320,calib
90.26600,8.280000,3.940000,30.090000,1.073925,1.030897,13.719816,0.028721,0.008875,-0.002432,calib
90.26600,8.160000,3.910000,30.220000,1.060398,1.056324,13.699020,0.028571,0.008588,-0.002441,calib
90.28200,8.100000,3.910000,30.220000,1.032702,1.073415,13.688532,0.028199,0.008307,-0.002337,calib
90.32900,8.250000,3.930000,30.180000,1.046937,1.073016,13.657734,0.028358,0.008491,-0.002349,calib
90.34400,8.250000,3.940000,30.140000,1.054180,1.068495,13.637110,0.028325,0.008632,-0.002464,calib
90.36000,8.230000,3.960000,30.220000,1.047757,1.081081,13.626725,0.028083,0.008488,-0.002466,calib
90.37500,8.120000,3.900000,30.230000,1.034179,1.098118,13.605977,0.027874,0.008202,-0.002367,calib
90.39100,8.060000,3.870000,30.240000,1.006461,1.106546,13.605985,0.027441,0.008112,-0.002150,calib
90.43800,8.270000,3.870000,30.160000,1.025637,1.060641,13.595511,0.028107,0.008349,-0.002373,calib
90.45400,8.200000,3.860000,30.140000,1.018793,1.064864,13.605879,0.027973,0.008304,-0.002260,calib
90.46900,8.150000,3.850000,30.200000,1.004846,1.081927,13.605836,0.027929,0.008115,-0.002154,calib
90.48500,8.070000,3.830000,30.290000,0.991201,1.098736,13.595294,0.027718,0.008023,-0.002373,calib
90.50000,8.020000,3.860000,30.260000,0.991545,1.107199,13.636757,0.027614,0.007931,-0.002141,calib
90.56300,8.150000,3.850000,30.310000,1.004115,1.099366,13.770928,0.028222,0.008038,-0.002307,calib
90.59400,7.960000,3.790000,30.390000,0.976866,1.141700,13.801806,0.027862,0.007664,-0.002187,calib
90.61000,7.940000,3.850000,30.490000,0.984418,1.154104,13.853584,0.027784,0.007715,-0.002166,calib
90.61000,8.100000,3.910000,30.400000,1.019920,1.132582,13.864012,0.027794,0.007945,-0.002373,calib
90.62500,8.200000,3.940000,30.320000,1.061713,1.106773,13.874738,0.028269,0.008411,-0.002369,calib
90.68800,7.890000,3.880000,30.490000,1.014858,1.186622,13.905613,0.027349,0.007898,-0.002246,calib
90.70400,8.000000,3.940000,30.460000,1.021732,1.182127,13.905693,0.027481,0.008136,-0.002354,calib
90.73500,8.100000,3.940000,30.390000,1.042221,1.161095,13.905868,0.027827,0.008274,-0.002248,calib
90.73500,8.160000,3.980000,30.340000,1.055435,1.135895,13.905934,0.028144,0.008462,-0.002249,calib
90.75000,8.200000,3.910000,30.330000,1.054804,1.119730,13.905596,0.028196,0.008177,-0.002358,calib
90.81300,8.140000,3.920000,30.370000,1.041707,1.144586,13.884992,0.027876,0.008177,-0.002364,calib
90.84400,8.110000,3.910000,30.310000,1.048447,1.123582,13.874721,0.027893,0.008222,-0.002260,calib
90.86000,8.160000,3.870000,30.340000,1.034017,1.123864,13.864250,0.027896,0.008130,-0.002265,calib
90.86000,8.020000,3.870000,30.410000,1.020121,1.149317,13.864158,0.027912,0.007943,-0.002267,calib
90.87500,7.930000,3.860000,30.470000,0.999182,1.162258,13.874289,0.027675,0.007711,-0.002263,calib
90.95400,8.130000,3.900000,30.380000,1.033495,1.132697,13.936431,0.028126,0.008044,-0.002346,calib
90.96900,8.020000,3.850000,30.430000,1.019347,1.133024,13.936242,0.027965,0.007856,-0.002346,calib
90.98500,8.010000,3.810000,30.490000,0.998125,1.145919,13.936090,0.027893,0.007719,-0.002347,calib
90.98500,7.910000,3.810000,30.510000,0.984460,1.163027,13.946329,0.027685,0.007436,-0.002236,calib
91.00000,7.900000,3.820000,30.510000,0.998890,1.162745,13.956800,0.027681,0.007528,-0.002230,calib
91.06300,7.950000,3.880000,30.420000,1.020767,1.157526,13.895122,0.027639,0.007945,-0.002359,calib
91.07900,7.910000,3.850000,30.490000,1.006820,1.174589,13.895079,0.027596,0.007758,-0.002254,calib
91.09400,7.910000,3.860000,30.440000,1.007102,1.174635,13.905362,0.027431,0.007663,-0.002248,calib
91.09400,7.960000,3.860000,30.490000,1.027976,1.170429,13.915721,0.027730,0.007706,-0.002353,calib
91.11000,8.000000,3.910000,30.450000,1.041902,1.144703,13.926261,0.027713,0.008085,-0.002346,calib
91.17200,7.990000,3.880000,30.440000,1.033777,1.132742,13.946713,0.027961,0.007948,-0.002341,calib
91.18800,7.940000,3.850000,30.430000,1.027555,1.162065,13.936474,0.027837,0.007804,-0.002238,calib
91.18800,7.920000,3.890000,30.500000,1.034993,1.157660,13.957119,0.027641,0.007851,-0.002334,calib
91.20400,8.010000,3.940000,30.460000,1.056245,1.144493,13.967719,0.027710,0.008181,-0.002328,calib
91.21900,8.130000,3.990000,30.380000,1.076816,1.131580,13.978293,0.028113,0.008510,-0.002326,calib
91.26600,7.900000,3.870000,30.510000,1.027781,1.161910,13.988191,0.027672,0.007905,-0.002215,calib
91.28200,7.920000,3.890000,30.550000,1.028084,1.170618,13.987977,0.027568,0.007617,-0.002322,calib
91.29700,7.910000,3.910000,30.480000,1.042232,1.170291,13.988166,0.027729,0.007804,-0.002323,calib
91.31300,8.010000,3.970000,30.480000,1.063484,1.157124,13.998766,0.027799,0.008134,-0.002317,calib
91.32900,8.100000,3.960000,30.390000,1.077098,1.131625,13.988575,0.027948,0.008415,-0.002320,calib
91.37500,7.830000,3.880000,30.570000,1.028201,1.170274,13.967438,0.027565,0.007807,-0.002330,calib
91.39100,7.790000,3.870000,30.570000,1.022261,1.199642,13.967482,0.027276,0.007566,-0.002221,calib
91.40700,7.840000,3.910000,30.530000,1.043817,1.195182,13.977867,0.027243,0.007608,-0.002323,calib
91.40700,7.950000,3.980000,30.500000,1.078734,1.164907,13.978228,0.027521,0.008221,-0.002428,calib
91.42200,8.070000,4.040000,30.410000,1.112888,1.126767,13.968163,0.028074,0.008641,-0.002434,calib
91.50000,7.870000,3.920000,30.550000,1.042908,1.178228,14.029578,0.027455,0.007999,-0.002410,calib
91.51600,8.070000,4.000000,30.470000,1.084619,1.144301,14.029904,0.027872,0.008273,-0.002303,calib
91.53200,8.190000,4.000000,30.360000,1.111950,1.110084,14.009426,0.028288,0.008840,-0.002526,calib
91.54700,8.230000,4.010000,30.370000,1.111586,1.101921,13.988744,0.028396,0.008741,-0.002428,calib
91.56300,8.090000,3.940000,30.440000,1.098289,1.119002,13.978279,0.028022,0.008360,-0.002323,calib
91.62500,8.310000,4.090000,30.280000,1.175368,1.062892,13.968661,0.028609,0.009341,-0.002432,calib
91.64100,8.380000,4.080000,30.240000,1.203078,1.028676,13.958708,0.028860,0.009810,-0.002327,calib
91.65700,8.350000,4.130000,30.280000,1.182590,1.049708,13.958533,0.028514,0.009672,-0.002433,calib
91.67200,8.120000,4.010000,30.410000,1.141310,1.092026,13.968684,0.027991,0.009301,-0.002321,calib
91.68800,7.870000,3.970000,30.620000,1.107327,1.147174,13.968447,0.027557,0.008687,-0.002214,calib
91.75000,8.310000,4.120000,30.240000,1.210777,1.024056,13.886393,0.028659,0.009848,-0.002461,calib
91.76600,8.210000,4.070000,30.280000,1.197511,1.040865,13.886376,0.028283,0.009659,-0.002351,calib
91.78200,8.100000,4.090000,30.380000,1.169749,1.066691,13.896378,0.027973,0.009189,-0.002347,calib
91.79700,8.030000,4.020000,30.440000,1.141684,1.083809,13.906594,0.027767,0.009007,-0.002236,calib
91.79700,7.960000,4.030000,30.480000,1.127737,1.100872,13.906551,0.027723,0.008819,-0.002130,calib
91.86000,8.030000,4.000000,30.370000,1.120355,1.096515,13.834186,0.027857,0.008960,-0.002268,calib
91.87500,8.010000,4.010000,30.370000,1.113880,1.100711,13.823850,0.027556,0.008816,-0.002162,calib
91.89100,7.990000,4.010000,30.400000,1.113598,1.100666,13.813568,0.027721,0.008911,-0.002168,calib
91.90700,8.040000,4.050000,30.370000,1.114019,1.109030,13.792815,0.027614,0.008814,-0.002283,calib
91.92200,8.010000,4.040000,30.410000,1.121381,1.113126,13.761937,0.027641,0.008759,-0.002189,calib
91.96900,7.950000,4.070000,30.420000,1.108479,1.138099,13.782602,0.027158,0.008667,-0.002177,calib
91.98500,7.980000,4.070000,30.410000,1.115604,1.133921,13.782516,0.027128,0.008618,-0.002283,calib
92.00000,8.010000,4.020000,30.380000,1.114353,1.117465,13.803048,0.027508,0.008718,-0.002386,calib
92.01600,8.070000,4.060000,30.390000,1.113650,1.109056,13.813519,0.027780,0.008911,-0.002277,calib
92.01600,8.100000,4.010000,30.340000,1.105925,1.096796,13.823715,0.027860,0.008868,-0.002274,calib
92.07900,7.930000,3.960000,30.500000,1.085996,1.135071,13.895776,0.027308,0.008352,-0.002242,calib
92.09400,8.030000,4.020000,30.450000,1.098841,1.109897,13.916546,0.027791,0.008639,-0.002237,calib
92.11000,8.110000,4.050000,30.410000,1.104812,1.080257,13.926950,0.028077,0.009071,-0.002341,calib
92.11000,8.200000,3.980000,30.370000,1.110804,1.068241,13.937144,0.028489,0.008928,-0.002341,calib
92.12500,8.150000,3.930000,30.360000,1.096235,1.060205,13.957708,0.028435,0.008840,-0.002225,calib
92.17200,7.990000,4.000000,30.560000,1.069059,1.111191,14.091779,0.027974,0.008380,-0.002171,calib
92.20400,8.130000,4.010000,30.440000,1.095821,1.069226,14.102144,0.028502,0.008663,-0.002276,calib
92.21900,8.250000,3.980000,30.400000,1.109036,1.044026,14.102210,0.028820,0.008852,-0.002278,calib
92.21900,8.230000,3.980000,30.400000,1.094237,1.044335,14.112443,0.028989,0.008859,-0.002276,calib
92.23500,8.170000,3.880000,30.500000,1.073266,1.057547,14.112125,0.028755,0.008434,-0.002277,calib
92.29700,8.070000,3.920000,30.510000,1.039056,1.095487,14.163624,0.028200,0.008208,-0.002254,calib
92.31300,8.230000,3.940000,30.480000,1.080905,1.069878,14.132916,0.028675,0.008481,-0.002267,calib
92.32900,8.270000,4.000000,30.390000,1.094518,1.044380,14.122725,0.028824,0.008764,-0.002271,calib
92.32900,8.270000,3.960000,30.380000,1.087814,1.056921,14.102058,0.028748,0.008715,-0.002279,calib
92.34400,8.130000,3.920000,30.470000,1.052444,1.070143,14.101717,0.028515,0.008391,-0.002280,calib
92.39100,8.220000,4.000000,30.420000,1.122758,1.027118,14.050536,0.029028,0.008939,-0.002407,calib
92.40700,8.330000,4.030000,30.300000,1.136854,1.018401,14.050774,0.029130,0.009126,-0.002299,calib
92.42200,8.360000,4.000000,30.260000,1.150489,1.001565,14.030087,0.029340,0.009217,-0.002415,calib
92.43800,8.310000,4.000000,30.330000,1.136510,1.009938,14.009310,0.029235,0.009220,-0.002531,calib
92.43800,8.160000,3.930000,30.420000,1.116140,1.039588,13.998882,0.028950,0.008888,-0.002427,calib
92.48500,8.280000,4.050000,30.240000,1.152852,1.025598,13.896033,0.028679,0.009295,-0.002462,calib
92.50000,8.360000,4.040000,30.200000,1.174043,1.012975,13.885737,0.028753,0.009240,-0.002465,calib
92.51600,8.370000,4.010000,30.200000,1.187257,0.987775,13.885803,0.029070,0.009428,-0.002467,calib
92.53200,8.320000,4.000000,30.260000,1.180553,1.000317,13.865136,0.028993,0.009380,-0.002475,calib
92.54700,8.240000,3.970000,30.320000,1.160012,1.012959,13.865009,0.028589,0.009242,-0.002473,calib
92.59400,8.320000,4.100000,30.270000,1.223895,1.007862,13.896501,0.029041,0.009657,-0.002568,calib
92.61000,8.370000,4.120000,30.180000,1.216005,0.995213,13.875876,0.029282,0.009898,-0.002578,calib
92.62500,8.380000,4.040000,30.270000,1.194732,0.999718,13.875773,0.029152,0.009759,-0.002471,calib
92.64100,8.120000,3.980000,30.350000,1.174644,1.029413,13.875627,0.028702,0.009333,-0.002362,calib
92.64100,7.980000,3.990000,30.450000,1.147333,1.063330,13.875323,0.028283,0.008958,-0.002468,calib
92.70400,8.290000,4.150000,30.250000,1.190576,1.061752,13.855378,0.028430,0.009706,-0.002474,calib
92.71900,8.360000,4.180000,30.190000,1.239950,1.031667,13.814327,0.028707,0.010023,-0.002596,calib
92.71900,8.320000,4.150000,30.210000,1.226736,1.056867,13.814262,0.028390,0.009834,-0.002595,calib
92.73500,8.050000,4.090000,30.350000,1.192248,1.086572,13.814093,0.027942,0.009508,-0.002486,calib
92.75000,7.930000,4.080000,30.480000,1.171909,1.115949,13.814113,0.027655,0.009369,-0.002378,calib
92.79700,8.330000,4.270000,30.240000,1.255063,1.055941,13.825088,0.028709,0.010401,-0.002591,calib
92.81300,8.300000,4.170000,30.200000,1.247758,1.052045,13.814531,0.028683,0.010259,-0.002703,calib
92.82900,8.190000,4.100000,30.320000,1.219663,1.069435,13.814299,0.028479,0.009884,-0.002596,calib
92.84400,8.090000,4.100000,30.380000,1.184775,1.099438,13.824386,0.028199,0.009464,-0.002486,calib
92.86000,7.970000,4.030000,30.440000,1.157413,1.124965,13.824131,0.027721,0.009090,-0.002484,calib
92.90700,8.420000,4.200000,30.200000,1.231856,1.019434,13.845228,0.028953,0.010078,-0.002586,calib
92.92200,8.400000,4.110000,30.220000,1.217426,1.019716,13.834756,0.028957,0.009986,-0.002591,calib
92.93800,8.330000,4.060000,30.300000,1.175018,1.037043,13.803514,0.028753,0.009709,-0.002498,calib
92.93800,8.000000,3.950000,30.430000,1.133395,1.079860,13.782487,0.028398,0.009048,-0.002401,calib
92.95400,7.890000,3.900000,30.500000,1.092002,1.105370,13.761504,0.027756,0.008675,-0.002406,calib
93.00000,8.320000,4.300000,30.150000,1.257221,1.080391,13.742559,0.028052,0.010293,-0.002617,calib
93.01600,8.350000,4.310000,30.190000,1.278095,1.076185,13.752919,0.028351,0.010337,-0.002723,calib
93.03200,8.320000,4.300000,30.220000,1.250113,1.101421,13.773534,0.028201,0.010346,-0.002715,calib
93.04700,7.960000,4.130000,30.460000,1.208316,1.144381,13.814480,0.027849,0.009692,-0.002593,calib
93.06300,7.840000,4.060000,30.550000,1.173793,1.182548,13.845249,0.027461,0.009371,-0.002581,calib
93.09400,8.130000,4.310000,30.370000,1.243615,1.139682,13.990435,0.027981,0.010129,-0.002628,calib
93.11000,8.240000,4.310000,30.340000,1.258045,1.139400,14.000907,0.027977,0.010221,-0.002623,calib
93.12500,8.220000,4.260000,30.390000,1.243246,1.139709,14.011140,0.028147,0.010227,-0.002621,calib
93.14100,8.140000,4.210000,30.470000,1.207876,1.152931,14.010799,0.027914,0.009903,-0.002622,calib
93.15700,7.970000,4.140000,30.500000,1.166198,1.195547,14.031205,0.027558,0.009438,-0.002508,calib
93.18800,8.120000,4.280000,30.400000,1.209005,1.177921,14.052191,0.027594,0.009809,-0.002603,calib
93.21900,8.210000,4.340000,30.330000,1.236767,1.152095,14.042189,0.027904,0.010279,-0.002607,calib
93.23500,8.230000,4.270000,30.390000,1.236403,1.143932,14.021508,0.028012,0.010181,-0.002509,calib
93.23500,8.130000,4.250000,30.410000,1.208759,1.169413,14.010971,0.027699,0.009901,-0.002513,calib
93.25000,7.940000,4.170000,30.560000,1.159775,1.208134,14.020820,0.027317,0.009295,-0.002510,calib
93.31300,8.250000,4.310000,30.310000,1.243486,1.130831,13.928676,0.028082,0.010410,-0.002545,calib
93.34400,8.160000,4.260000,30.430000,1.215421,1.147948,13.938892,0.027875,0.010227,-0.002434,calib
93.36000,7.900000,4.150000,30.530000,1.173229,1.174056,13.938423,0.027569,0.009666,-0.002436,calib
93.37500,7.770000,4.110000,30.610000,1.131919,1.216646,13.938125,0.027047,0.009103,-0.002328,calib
93.37500,7.700000,4.160000,30.650000,1.118423,1.241800,13.927777,0.026895,0.009010,-0.002333,calib
93.45400,8.240000,4.210000,30.340000,1.214748,1.122860,13.845809,0.028027,0.010219,-0.002473,calib
93.46900,7.960000,4.170000,30.520000,1.180630,1.152538,13.824936,0.027414,0.009796,-0.002371,calib
93.48500,7.790000,4.150000,30.590000,1.153468,1.194801,13.824827,0.027053,0.009419,-0.002264,calib
93.48500,7.750000,4.190000,30.610000,1.161927,1.215198,13.814608,0.026699,0.009461,-0.002371,calib
93.50000,7.830000,4.240000,30.530000,1.189992,1.198080,13.804393,0.026906,0.009645,-0.002482,calib
93.56300,7.950000,4.180000,30.400000,1.203082,1.155838,13.701313,0.027265,0.009917,-0.002310,calib
93.57900,7.850000,4.160000,30.520000,1.168676,1.193661,13.711544,0.026874,0.009784,-0.002305,calib
93.59400,7.770000,4.190000,30.580000,1.162188,1.214982,13.721649,0.026695,0.009452,-0.002409,calib
93.61000,7.890000,4.300000,30.480000,1.183440,1.201815,13.732249,0.026765,0.009782,-0.002403,calib
93.62500,8.070000,4.370000,30.320000,1.232875,1.171186,13.712094,0.027038,0.010482,-0.002515,calib
93.67200,7.910000,4.210000,30.490000,1.218528,1.188548,13.722307,0.027162,0.010200,-0.002407,calib
93.68800,7.840000,4.260000,30.530000,1.205262,1.205357,13.722290,0.026786,0.010011,-0.002298,calib
93.70400,7.880000,4.290000,30.510000,1.211988,1.201478,13.732461,0.026924,0.009868,-0.002402,calib
93.71900,7.940000,4.270000,30.420000,1.232757,1.171530,13.732633,0.027041,0.010293,-0.002508,calib
93.71900,8.220000,4.380000,30.270000,1.260237,1.145659,13.712349,0.027516,0.010857,-0.002517,calib
93.78200,7.930000,4.230000,30.480000,1.197394,1.201371,13.691169,0.027089,0.010060,-0.002421,calib
93.79700,7.820000,4.250000,30.470000,1.176541,1.214239,13.670313,0.026851,0.009825,-0.002429,calib
93.81300,7.930000,4.240000,30.470000,1.190607,1.205794,13.660102,0.026955,0.009820,-0.002326,calib
93.81300,8.000000,4.310000,30.350000,1.225827,1.184226,13.660249,0.027130,0.010144,-0.002539,calib
93.82900,8.100000,4.400000,30.320000,1.253589,1.158401,13.650247,0.027440,0.010614,-0.002543,calib
93.87500,7.820000,4.220000,30.530000,1.177423,1.230722,13.670485,0.026636,0.009823,-0.002320,calib
93.89100,7.800000,4.220000,30.520000,1.162906,1.231075,13.691000,0.026641,0.009735,-0.002313,calib
93.90700,7.920000,4.310000,30.520000,1.184179,1.226571,13.691103,0.026772,0.009872,-0.002420,calib
93.92200,7.940000,4.310000,30.440000,1.212171,1.192400,13.691432,0.026859,0.010245,-0.002309,calib
93.93800,8.160000,4.380000,30.300000,1.239385,1.158528,13.691492,0.027278,0.010622,-0.002525,calib
93.98500,7.880000,4.220000,30.530000,1.161906,1.214937,13.711366,0.026860,0.009548,-0.002414,calib
94.00000,7.840000,4.210000,30.510000,1.169892,1.218579,13.721949,0.026554,0.009687,-0.002299,calib
94.01600,7.940000,4.270000,30.420000,1.183210,1.210160,13.721918,0.026988,0.009877,-0.002517,calib
94.03200,8.130000,4.360000,30.330000,1.225372,1.184325,13.711940,0.027297,0.010247,-0.002520,calib
94.04700,8.220000,4.390000,30.280000,1.245690,1.146285,13.722416,0.027523,0.010578,-0.002515,calib
94.09400,7.900000,4.180000,30.530000,1.147055,1.206854,13.721648,0.026970,0.009553,-0.002305,calib
94.11000,7.800000,4.200000,30.540000,1.140545,1.219513,13.742250,0.026730,0.009413,-0.002295,calib
94.12500,7.900000,4.270000,30.560000,1.161732,1.215080,13.773340,0.026862,0.009553,-0.002390,calib
94.12500,7.950000,4.310000,30.420000,1.189858,1.197418,13.784019,0.027064,0.010120,-0.002491,calib
94.14100,8.110000,4.320000,30.380000,1.217169,1.163501,13.784323,0.027483,0.010495,-0.002385,calib
94.18800,7.860000,4.170000,30.550000,1.140125,1.211149,13.763003,0.026837,0.009511,-0.002180,calib
94.20400,7.820000,4.200000,30.590000,1.133733,1.223464,13.763066,0.026593,0.009560,-0.002178,calib
94.21900,7.820000,4.240000,30.540000,1.154976,1.219231,13.752721,0.026726,0.009506,-0.002290,calib
94.23500,7.930000,4.310000,30.480000,1.183471,1.201543,13.742697,0.026763,0.009973,-0.002398,calib
94.23500,8.100000,4.380000,30.330000,1.232107,1.171511,13.743055,0.027372,0.010486,-0.002507,calib
94.29700,8.040000,4.270000,30.430000,1.181942,1.176851,13.711561,0.027250,0.009973,-0.002415,calib
94.29700,7.880000,4.170000,30.490000,1.161572,1.206501,13.701133,0.026965,0.009643,-0.002312,calib
94.31300,7.810000,4.230000,30.520000,1.154781,1.219114,13.711452,0.026889,0.009598,-0.002308,calib
94.31300,7.780000,4.250000,30.530000,1.163188,1.231121,13.701282,0.026477,0.009639,-0.002307,calib
94.32900,7.820000,4.290000,30.480000,1.192165,1.230213,13.701686,0.026466,0.010012,-0.002304,calib
94.37500,8.160000,4.400000,30.300000,1.246864,1.162280,13.640076,0.027302,0.010757,-0.002438,calib
94.39100,8.070000,4.320000,30.360000,1.239708,1.166729,13.629714,0.027334,0.010615,-0.002336,calib
94.39100,7.990000,4.310000,30.420000,1.211664,1.192510,13.629433,0.027188,0.010241,-0.002338,calib
94.40700,7.870000,4.230000,30.500000,1.184302,1.218037,13.629179,0.026710,0.009865,-0.002336,calib
94.42200,7.840000,4.240000,30.520000,1.185184,1.234519,13.629351,0.026495,0.009863,-0.002227,calib
94.46900,8.290000,4.510000,30.190000,1.270322,1.199104,13.619771,0.026895,0.010793,-0.002442,calib
94.48500,8.260000,4.450000,30.180000,1.311268,1.148351,13.599387,0.027525,0.011258,-0.002451,calib
94.50000,8.190000,4.430000,30.300000,1.268742,1.166022,13.588683,0.027324,0.010793,-0.002350,calib
94.50000,7.930000,4.310000,30.440000,1.226581,1.191857,13.598662,0.027015,0.010423,-0.002347,calib
94.51600,7.890000,4.250000,30.460000,1.198537,1.217638,13.598381,0.026870,0.010049,-0.002349,calib
94.57900,8.280000,4.460000,30.190000,1.303542,1.136091,13.609583,0.027605,0.011215,-0.002448,calib
94.57900,8.220000,4.420000,30.260000,1.296417,1.140268,13.609668,0.027635,0.011265,-0.002342,calib
94.59400,8.140000,4.380000,30.320000,1.267891,1.149268,13.598959,0.027537,0.010986,-0.002455,calib
94.61000,8.040000,4.310000,30.380000,1.233003,1.179271,13.609047,0.027257,0.010566,-0.002345,calib
94.62500,7.940000,4.290000,30.440000,1.219390,1.204769,13.619238,0.027108,0.010285,-0.002341,calib
94.67200,8.330000,4.470000,30.170000,1.331516,1.127235,13.671739,0.027871,0.011596,-0.002638,calib
94.68800,8.300000,4.460000,30.240000,1.302718,1.136216,13.681978,0.027938,0.011416,-0.002423,calib
94.70400,8.090000,4.320000,30.410000,1.267629,1.149483,13.691919,0.027541,0.010996,-0.002418,calib
94.71900,8.000000,4.270000,30.480000,1.218225,1.179840,13.722522,0.027266,0.010488,-0.002300,calib
94.73500,7.940000,4.260000,30.470000,1.211685,1.192771,13.732675,0.027028,0.010155,-0.002295,calib
94.79700,8.300000,4.470000,30.310000,1.287453,1.137156,13.836696,0.028116,0.011244,-0.002364,calib
94.81300,8.140000,4.340000,30.410000,1.251965,1.150721,13.856894,0.027887,0.010732,-0.002357,calib
94.81300,8.090000,4.310000,30.440000,1.216595,1.163943,13.856553,0.027654,0.010408,-0.002358,calib
94.82900,7.960000,4.210000,30.500000,1.188100,1.181632,13.866577,0.027618,0.009939,-0.002250,calib
94.84400,7.950000,4.210000,30.490000,1.181108,1.177509,13.876750,0.027425,0.009895,-0.002351,calib
94.89100,8.320000,4.370000,30.320000,1.257305,1.104916,13.866960,0.028226,0.010878,-0.002569,calib
94.90700,8.230000,4.320000,30.360000,1.243075,1.121934,13.856635,0.028347,0.010786,-0.002469,calib
94.92200,8.140000,4.260000,30.380000,1.215661,1.139070,13.856429,0.027810,0.010410,-0.002359,calib
94.92200,8.020000,4.220000,30.470000,1.181225,1.177165,13.856211,0.027421,0.010084,-0.002359,calib
94.93800,7.910000,4.220000,30.560000,1.167929,1.194247,13.845746,0.027047,0.009704,-0.002254,calib
94.98500,8.320000,4.400000,30.260000,1.264697,1.108740,13.846531,0.028251,0.011017,-0.002469,calib
95.00000,8.300000,4.350000,30.310000,1.257058,1.096409,13.825740,0.028330,0.010970,-0.002479,calib
95.01600,8.210000,4.310000,30.400000,1.236118,1.109349,13.835870,0.028094,0.010738,-0.002474,calib
95.03200,8.080000,4.280000,30.430000,1.201231,1.139352,13.845958,0.027814,0.010318,-0.002364,calib
95.04700,7.990000,4.230000,30.460000,1.181143,1.169047,13.845812,0.027364,0.009891,-0.002255,calib
95.07900,8.250000,4.390000,30.310000,1.259490,1.146245,13.846551,0.027689,0.010776,-0.002465,calib
95.09400,8.300000,4.440000,30.280000,1.286852,1.120718,13.846806,0.028167,0.011151,-0.002467,calib
95.11000,8.350000,4.420000,30.240000,1.293696,1.116495,13.836438,0.028301,0.011197,-0.002580,calib
95.12500,8.320000,4.430000,30.280000,1.265748,1.133269,13.826116,0.028091,0.011204,-0.002476,calib
95.14100,8.050000,4.300000,30.430000,1.231112,1.163590,13.836037,0.027649,0.010496,-0.002365,calib
95.17200,8.000000,4.320000,30.480000,1.232641,1.188281,13.867173,0.027162,0.010496,-0.002348,calib
95.18800,8.170000,4.380000,30.390000,1.281246,1.158522,13.857083,0.027773,0.010817,-0.002461,calib
95.20400,8.360000,4.490000,30.230000,1.316533,1.128220,13.836739,0.027885,0.011331,-0.002573,calib
95.21900,8.370000,4.480000,30.190000,1.330317,1.119729,13.816247,0.028153,0.011421,-0.002476,calib
95.23500,8.330000,4.420000,30.280000,1.309095,1.132624,13.816095,0.028081,0.011284,-0.002477,calib
95.26600,7.920000,4.290000,30.540000,1.212475,1.217515,13.805220,0.026872,0.010351,-0.002265,calib
95.29700,8.040000,4.350000,30.420000,1.240171,1.200424,13.815708,0.027244,0.010632,-0.002369,calib
95.29700,8.190000,4.420000,30.370000,1.274607,1.162329,13.815926,0.027633,0.010958,-0.002369,calib
95.31300,8.320000,4.470000,30.320000,1.294695,1.132634,13.816072,0.028083,0.011384,-0.002478,calib
95.32900,8.320000,4.420000,30.270000,1.301487,1.120021,13.805752,0.028158,0.011429,-0.002482,calib
95.37500,7.910000,4.310000,30.560000,1.211989,1.217886,13.846463,0.027041,0.010260,-0.002250,calib
95.39100,8.130000,4.390000,30.390000,1.239715,1.200522,13.867399,0.027411,0.010733,-0.002350,calib
95.40700,8.230000,4.460000,30.370000,1.267360,1.175041,13.877936,0.027725,0.011014,-0.002346,calib
95.42200,8.300000,4.400000,30.340000,1.280574,1.149841,13.878002,0.028042,0.011202,-0.002347,calib
95.43800,8.300000,4.430000,30.330000,1.280908,1.158276,13.888236,0.027936,0.011109,-0.002450,calib
95.48500,7.970000,4.370000,30.530000,1.219105,1.239050,13.939435,0.027191,0.010220,-0.002322,calib
95.50000,8.040000,4.410000,30.500000,1.247149,1.213270,13.939715,0.027337,0.010594,-0.002320,calib
95.51600,8.140000,4.480000,30.410000,1.260676,1.187843,13.960511,0.027487,0.010880,-0.002311,calib
95.53200,8.200000,4.400000,30.400000,1.266786,1.175483,13.950166,0.027895,0.010926,-0.002319,calib
95.53200,8.180000,4.370000,30.400000,1.259481,1.171587,13.939609,0.027869,0.010785,-0.002431,calib
95.59400,8.100000,4.340000,30.510000,1.224994,1.201292,13.939440,0.027421,0.010460,-0.002323,calib
95.61000,8.140000,4.400000,30.440000,1.246215,1.188397,13.939592,0.027493,0.010597,-0.002321,calib
95.62500,8.220000,4.400000,30.420000,1.252638,1.175810,13.949977,0.027735,0.010739,-0.002319,calib
95.62500,8.230000,4.420000,30.420000,1.259061,1.163223,13.960362,0.027976,0.010883,-0.002316,calib
95.64100,8.240000,4.360000,30.450000,1.244912,1.163550,13.960173,0.027815,0.010696,-0.002316,calib
95.68800,8.050000,4.360000,30.470000,1.217268,1.189032,13.949636,0.027502,0.010415,-0.002319,calib
95.70400,8.130000,4.370000,30.480000,1.245482,1.180260,13.939615,0.027767,0.010597,-0.002217,calib
95.71900,8.190000,4.420000,30.430000,1.252304,1.167374,13.939743,0.027840,0.010834,-0.002216,calib
95.73500,8.200000,4.470000,30.420000,1.259829,1.162898,13.929401,0.027642,0.010878,-0.002325,calib
95.73500,8.190000,4.400000,30.420000,1.259495,1.154462,13.919167,0.027748,0.010973,-0.002222,calib
95.78200,8.160000,4.360000,30.440000,1.245681,1.163225,13.929212,0.027482,0.010691,-0.002324,calib
95.79700,8.090000,4.400000,30.480000,1.267103,1.167066,13.929510,0.027671,0.010828,-0.002217,calib
95.81300,8.190000,4.410000,30.390000,1.288377,1.162561,13.929613,0.027802,0.010965,-0.002324,calib
95.82900,8.230000,4.460000,30.420000,1.309650,1.158057,13.929717,0.027932,0.011102,-0.002432,calib
95.84400,8.260000,4.450000,30.330000,1.316472,1.145172,13.929845,0.028006,0.011339,-0.002431,calib
95.89100,8.100000,4.350000,30.500000,1.266704,1.167365,13.939767,0.027839,0.010733,-0.002215,calib
95.90700,8.130000,4.410000,30.410000,1.281332,1.150048,13.939835,0.027550,0.010920,-0.002317,calib
95.92200,8.170000,4.420000,30.410000,1.295429,1.141331,13.940073,0.027652,0.011107,-0.002209,calib
95.93800,8.260000,4.440000,30.330000,1.315969,1.128689,13.940199,0.028056,0.011244,-0.002212,calib
95.93800,8.290000,4.400000,30.340000,1.308361,1.116086,13.929856,0.028133,0.011390,-0.002217,calib
96.01600,8.140000,4.460000,30.410000,1.309998,1.149368,13.919509,0.027706,0.011195,-0.002325,calib
96.03200,8.350000,4.480000,30.320000,1.315855,1.111882,13.909066,0.027938,0.011242,-0.002330,calib
96.04700,8.330000,4.410000,30.320000,1.307817,1.099849,13.898532,0.028185,0.011102,-0.002337,calib
96.06300,8.240000,4.320000,30.380000,1.265322,1.117248,13.898277,0.027982,0.010828,-0.002232,calib
96.07900,8.110000,4.280000,30.470000,1.223929,1.142758,13.877294,0.027340,0.010455,-0.002237,calib
96.15700,8.340000,4.410000,30.340000,1.280638,1.116297,13.857249,0.027641,0.011104,-0.002242,calib
96.17200,8.180000,4.310000,30.410000,1.244587,1.129773,13.856882,0.027741,0.010781,-0.002247,calib
96.17200,8.090000,4.260000,30.490000,1.194618,1.135230,13.866657,0.027456,0.010176,-0.002137,calib
96.18800,8.010000,4.190000,30.540000,1.166522,1.152620,13.866425,0.027252,0.009802,-0.002031,calib
96.20400,8.000000,4.150000,30.570000,1.159130,1.148796,13.886854,0.027227,0.009664,-0.002130,calib
96.26600,8.110000,4.220000,30.450000,1.151101,1.127828,13.897264,0.027411,0.009907,-0.002020,calib
96.28200,7.890000,4.170000,30.580000,1.108961,1.162326,13.896746,0.027163,0.009346,-0.002130,calib
96.29700,7.860000,4.100000,30.610000,1.094927,1.179461,13.927690,0.027121,0.009161,-0.002012,calib
96.31300,7.920000,4.160000,30.650000,1.108705,1.154351,13.948320,0.027109,0.009161,-0.002001,calib
96.32900,8.050000,4.210000,30.570000,1.135918,1.120479,13.948380,0.027529,0.009537,-0.002217,calib
96.37500,8.020000,4.080000,30.640000,1.086232,1.150790,13.968700,0.027418,0.009123,-0.002105,calib
96.39100,7.860000,4.080000,30.670000,1.079358,1.155285,13.968620,0.027286,0.008885,-0.001998,calib
96.39100,7.760000,4.100000,30.700000,1.059101,1.192781,13.979040,0.027055,0.008939,-0.001993,calib
96.40700,7.800000,4.130000,30.710000,1.088351,1.200854,13.968781,0.026943,0.008833,-0.002103,calib
96.42200,7.930000,4.230000,30.600000,1.124151,1.187061,13.969314,0.027006,0.009442,-0.002099,calib
96.46900,7.840000,4.170000,30.620000,1.132455,1.190688,13.845503,0.026697,0.009378,-0.002038,calib
96.48500,7.720000,4.160000,30.710000,1.083953,1.237229,13.855495,0.026204,0.009058,-0.002141,calib
96.50000,7.600000,4.120000,30.790000,1.063778,1.266995,13.886336,0.025756,0.008635,-0.002019,calib
96.51600,7.640000,4.080000,30.810000,1.078208,1.266714,13.896807,0.025752,0.008726,-0.002014,calib
96.53200,7.850000,4.270000,30.640000,1.127556,1.236157,13.907639,0.026026,0.009430,-0.002114,calib
96.57900,7.720000,4.190000,30.740000,1.120503,1.248986,14.010918,0.025955,0.009395,-0.002073,calib
96.59400,7.610000,4.170000,30.830000,1.113594,1.261943,14.041776,0.025883,0.009161,-0.002061,calib
96.61000,7.640000,4.170000,30.830000,1.098990,1.262368,14.093278,0.025889,0.009074,-0.002042,calib
96.62500,7.790000,4.230000,30.760000,1.119242,1.233063,14.124245,0.026177,0.009216,-0.002137,calib
96.62500,7.940000,4.270000,30.710000,1.131970,1.208233,14.165553,0.026664,0.009314,-0.002124,calib
96.68800,7.560000,4.090000,31.140000,1.024459,1.282792,14.639634,0.026388,0.008295,-0.002049,calib
96.70400,7.580000,4.120000,31.080000,1.038034,1.282908,14.712053,0.026719,0.008396,-0.002023,calib
96.71900,7.680000,4.160000,31.100000,1.058194,1.261864,14.815392,0.027067,0.008736,-0.002197,calib
96.73500,7.820000,4.200000,31.050000,1.078273,1.232702,14.908332,0.027358,0.008885,-0.002268,calib
96.73500,7.850000,4.160000,31.050000,1.076760,1.216462,15.021824,0.027743,0.008994,-0.002333,calib
96.81300,7.340000,4.110000,31.560000,0.972128,1.357140,15.547797,0.026775,0.008071,-0.002447,calib
96.82900,7.280000,4.130000,31.590000,0.973887,1.398295,15.589527,0.026403,0.008262,-0.002319,calib
96.84400,7.150000,4.250000,31.670000,0.974751,1.440092,15.651526,0.026367,0.008268,-0.002510,calib
96.84400,7.120000,4.250000,31.730000,0.997066,1.460650,15.724008,0.026180,0.008314,-0.002586,calib
96.86000,7.170000,4.260000,31.710000,0.997322,1.460223,15.786173,0.026013,0.008607,-0.002558,calib
96.92200,7.060000,4.140000,31.920000,0.945478,1.466852,16.053827,0.026239,0.007935,-0.002673,calib
96.93800,6.880000,4.110000,32.040000,0.924652,1.496600,16.095090,0.026121,0.007706,-0.002550,calib
96.95400,6.860000,4.150000,32.080000,0.910648,1.513463,16.136482,0.026077,0.007713,-0.002427,calib
96.95400,6.840000,4.190000,32.100000,0.911012,1.521626,16.157164,0.025969,0.007811,-0.002525,calib
96.96900,6.840000,4.180000,32.110000,0.911178,1.546825,16.188248,0.026147,0.007813,-0.002516,calib
97.01600,6.610000,4.130000,32.300000,0.870167,1.622720,16.343123,0.025697,0.007552,-0.002454,calib
97.03200,6.620000,4.160000,32.290000,0.870449,1.622765,16.353406,0.025533,0.007456,-0.002448,calib
97.04700,6.680000,4.160000,32.290000,0.855229,1.614710,16.384392,0.025809,0.007561,-0.002332,calib
97.06300,6.680000,4.110000,32.320000,0.847438,1.611184,16.415078,0.025952,0.007330,-0.002430,calib
97.07900,6.640000,4.120000,32.330000,0.832921,1.611538,16.435593,0.025957,0.007240,-0.002423,calib
97.12500,6.600000,4.110000,32.430000,0.825678,1.616059,16.456217,0.025990,0.007101,-0.002308,calib
97.14100,6.570000,4.100000,32.430000,0.817757,1.603682,16.425144,0.026234,0.007149,-0.002323,calib
97.15700,6.590000,4.110000,32.410000,0.817845,1.603610,16.394158,0.026232,0.007147,-0.002336,calib
97.17200,6.660000,4.080000,32.420000,0.817532,1.603837,16.373428,0.026399,0.007049,-0.002346,calib
97.18800,6.600000,4.100000,32.420000,0.832731,1.603230,16.352938,0.026062,0.007136,-0.002350,calib
97.21900,6.580000,4.170000,32.400000,0.848047,1.610681,16.198172,0.025942,0.007307,-0.002517,calib
97.23500,6.540000,4.150000,32.360000,0.826891,1.614842,16.177530,0.025808,0.007359,-0.002417,calib
97.25000,6.530000,4.090000,32.430000,0.812882,1.623487,16.146305,0.025705,0.007169,-0.002538,calib
97.26600,6.460000,4.090000,32.440000,0.806126,1.627638,16.125687,0.025569,0.007121,-0.002438,calib
97.28200,6.510000,4.120000,32.430000,0.806213,1.627566,16.094700,0.025568,0.007117,-0.002450,calib
97.31300,6.700000,4.250000,32.250000,0.883645,1.562978,15.919750,0.026091,0.007890,-0.002518,calib
97.34400,6.710000,4.220000,32.220000,0.884131,1.562608,15.878507,0.025921,0.007981,-0.002532,calib
97.34400,6.640000,4.190000,32.280000,0.862915,1.567312,15.836969,0.025791,0.007650,-0.002442,calib
97.36000,6.550000,4.150000,32.290000,0.849217,1.575731,15.826475,0.025522,0.007556,-0.002552,calib
97.36000,6.460000,4.100000,32.330000,0.814171,1.597155,15.764356,0.025344,0.007225,-0.002364,calib
97.40700,6.580000,4.120000,32.150000,0.822171,1.575667,15.526757,0.025022,0.007055,-0.002348,calib
97.42200,6.640000,4.170000,32.150000,0.843628,1.562084,15.485831,0.025087,0.007569,-0.002362,calib
97.43800,6.670000,4.190000,32.140000,0.865357,1.557481,15.434244,0.025051,0.007605,-0.002488,calib
97.45400,6.660000,4.200000,32.130000,0.866045,1.573847,15.393147,0.024999,0.007696,-0.002397,calib
97.46900,6.510000,4.180000,32.130000,0.859028,1.586615,15.351750,0.025088,0.007550,-0.002416,calib
97.50000,6.650000,4.230000,32.060000,0.888758,1.576931,15.176565,0.024846,0.007808,-0.002373,calib
97.53200,6.660000,4.250000,32.050000,0.910184,1.563620,15.125192,0.024913,0.008131,-0.002392,calib
97.54700,6.670000,4.250000,31.980000,0.895872,1.563558,15.094182,0.024914,0.008229,-0.002405,calib
97.54700,6.640000,4.260000,32.050000,0.889484,1.567683,15.052859,0.024612,0.008082,-0.002312,calib
97.56300,6.540000,4.190000,32.120000,0.882350,1.580795,15.032000,0.024705,0.007748,-0.002323,calib
97.61000,6.810000,4.260000,31.870000,0.945296,1.516288,14.888013,0.025231,0.008625,-0.002379,calib
97.62500,6.800000,4.300000,31.870000,0.966574,1.503593,14.846731,0.025304,0.008566,-0.002395,calib
97.64100,6.780000,4.340000,31.870000,0.959900,1.515863,14.836512,0.025225,0.008710,-0.002398,calib
97.65700,6.680000,4.290000,31.900000,0.946721,1.532600,14.805508,0.024847,0.008517,-0.002301,calib
97.65700,6.620000,4.250000,31.910000,0.911438,1.545750,14.774180,0.024613,0.008190,-0.002314,calib
97.70400,6.550000,4.230000,31.980000,0.862673,1.566930,14.712063,0.024105,0.007959,-0.002123,calib
97.73500,6.640000,4.320000,31.940000,0.897925,1.554052,14.732943,0.024342,0.008093,-0.002114,calib
97.73500,6.730000,4.290000,31.890000,0.925739,1.536617,14.722893,0.024710,0.008563,-0.002226,calib
97.75000,6.760000,4.370000,31.840000,0.947294,1.532158,14.733278,0.024677,0.008606,-0.002328,calib
97.76600,6.750000,4.340000,31.850000,0.940472,1.545043,14.733150,0.024603,0.008368,-0.002328,calib
97.81300,6.550000,4.260000,32.010000,0.892319,1.591856,14.743220,0.023947,0.007759,-0.002108,calib
97.82900,6.580000,4.250000,31.980000,0.905616,1.574774,14.753685,0.024321,0.008141,-0.002213,calib
97.84400,6.640000,4.310000,31.930000,0.933260,1.549293,14.764222,0.024635,0.008420,-0.002209,calib
97.86000,6.770000,4.320000,31.860000,0.960787,1.524155,14.795298,0.024951,0.008511,-0.002198,calib
97.86000,6.830000,4.330000,31.870000,0.974668,1.515826,14.815831,0.025057,0.008511,-0.002404,calib
97.92200,6.520000,4.290000,32.000000,0.919263,1.583541,14.929297,0.024551,0.008155,-0.002252,calib
97.93800,6.510000,4.260000,32.000000,0.925967,1.571000,14.949964,0.024628,0.008202,-0.002244,calib
97.95400,6.630000,4.330000,31.990000,0.939515,1.554235,14.960264,0.024839,0.008297,-0.002348,calib
97.95400,6.720000,4.340000,31.950000,0.959486,1.524884,14.980948,0.025292,0.008533,-0.002449,calib
97.96900,6.800000,4.320000,31.910000,0.972561,1.491366,15.012049,0.025552,0.008724,-0.002330,calib
98.01600,6.630000,4.170000,31.990000,0.893210,1.506219,15.073062,0.025504,0.007849,-0.002312,calib
98.03200,6.590000,4.140000,32.040000,0.878780,1.506501,15.062591,0.025507,0.007757,-0.002317,calib
98.04700,6.660000,4.180000,32.040000,0.892327,1.489737,15.072890,0.025719,0.007851,-0.002421,calib
98.06300,6.730000,4.180000,31.970000,0.905824,1.464582,15.083238,0.025871,0.007945,-0.002417,calib
98.07900,6.840000,4.230000,31.930000,0.933867,1.438802,15.083519,0.026017,0.008318,-0.002415,calib
98.12500,6.670000,4.100000,31.970000,0.876543,1.456781,15.083048,0.025986,0.007860,-0.002312,calib
98.14100,6.710000,4.140000,31.990000,0.868956,1.452840,15.062209,0.026124,0.007812,-0.002430,calib
98.15700,6.740000,4.110000,31.980000,0.883022,1.444395,15.051999,0.026228,0.007807,-0.002327,calib
98.17200,6.800000,4.160000,31.940000,0.897570,1.443769,15.041931,0.026221,0.008089,-0.002329,calib
98.17200,6.840000,4.220000,31.950000,0.904812,1.439248,15.021307,0.026187,0.008228,-0.002444,calib
98.23500,6.750000,4.230000,31.950000,0.927706,1.451173,14.980174,0.025772,0.008167,-0.002455,calib
98.25000,6.790000,4.230000,31.930000,0.934267,1.446905,14.959524,0.026071,0.008307,-0.002573,calib
98.26600,6.860000,4.260000,31.910000,0.941239,1.442365,14.959847,0.026202,0.008543,-0.002358,calib
98.28200,6.850000,4.260000,31.850000,0.948364,1.438187,14.959761,0.026172,0.008493,-0.002465,calib
98.28200,6.830000,4.260000,31.930000,0.962763,1.438177,14.959785,0.026171,0.008393,-0.002464,calib
98.32900,6.810000,4.310000,31.910000,0.977963,1.462379,14.939559,0.026172,0.008767,-0.002472,calib
98.34400,6.810000,4.280000,31.910000,0.992762,1.462071,14.929326,0.026003,0.008760,-0.002473,calib
98.36000,6.820000,4.340000,31.850000,1.014405,1.457540,14.908725,0.025968,0.008800,-0.002587,calib
98.37500,6.880000,4.370000,31.870000,1.028671,1.456869,14.888375,0.026125,0.009175,-0.002595,calib
98.39100,6.870000,4.400000,31.850000,1.043470,1.456561,14.878142,0.025956,0.009169,-0.002596,calib
98.43800,6.940000,4.320000,31.820000,1.049153,1.419218,14.929672,0.026190,0.009222,-0.002576,calib
98.45400,6.950000,4.330000,31.840000,1.048871,1.419173,14.919390,0.026355,0.009317,-0.002582,calib
98.46900,6.950000,4.290000,31.850000,1.034324,1.419799,14.929457,0.026362,0.009036,-0.002580,calib
98.48500,6.860000,4.320000,31.830000,1.034605,1.419844,14.939740,0.026197,0.008941,-0.002574,calib
98.50000,6.910000,4.360000,31.880000,1.034267,1.419599,14.970892,0.026361,0.009232,-0.002563,calib
98.54700,7.000000,4.360000,31.800000,1.068914,1.398473,15.043268,0.026706,0.009469,-0.002749,calib
98.56300,6.920000,4.380000,31.900000,1.055366,1.415238,15.032969,0.026494,0.009376,-0.002645,calib
98.57900,6.910000,4.340000,31.900000,1.055366,1.415238,15.032969,0.026494,0.009376,-0.002645,calib
98.57900,6.960000,4.340000,31.800000,1.062158,1.402624,15.022649,0.026570,0.009421,-0.002649,calib
98.59400,7.080000,4.450000,31.810000,1.090223,1.385507,15.012433,0.026777,0.009603,-0.002760,calib
98.65700,6.990000,4.350000,31.840000,1.060911,1.377978,15.001796,0.026893,0.009325,-0.002660,calib
98.67200,6.870000,4.300000,31.880000,1.033215,1.395069,14.991307,0.026521,0.009045,-0.002556,calib
98.67200,6.870000,4.300000,31.890000,1.033636,1.403433,14.970554,0.026414,0.008946,-0.002671,calib
98.68800,6.950000,4.360000,31.840000,1.055257,1.390240,14.960450,0.026318,0.009177,-0.002671,calib
98.70400,7.020000,4.420000,31.820000,1.090315,1.377245,14.940061,0.026717,0.009404,-0.002681,calib
98.75000,7.040000,4.320000,31.760000,1.089607,1.360618,14.877916,0.026930,0.009400,-0.002815,calib
98.76600,6.870000,4.310000,31.830000,1.048445,1.402592,14.867527,0.026403,0.009218,-0.002710,calib
98.78200,6.790000,4.280000,31.900000,1.028756,1.431988,14.857125,0.025785,0.008885,-0.002603,calib
98.79700,6.780000,4.320000,31.910000,1.036200,1.444203,14.836647,0.025869,0.009024,-0.002612,calib
98.79700,7.030000,4.460000,31.710000,1.078730,1.418341,14.805964,0.026012,0.009295,-0.002622,calib
98.86000,7.150000,4.420000,31.590000,1.112581,1.355086,14.682112,0.026552,0.009610,-0.002673,calib
98.87500,6.930000,4.320000,31.780000,1.084884,1.372177,14.671624,0.026180,0.009329,-0.002568,calib
98.89100,6.900000,4.390000,31.720000,1.085788,1.397322,14.661299,0.026025,0.009135,-0.002572,calib
98.90700,6.940000,4.400000,31.740000,1.107061,1.392817,14.661403,0.026156,0.009272,-0.002679,calib
98.90700,7.040000,4.470000,31.650000,1.149622,1.366683,14.641168,0.026297,0.009735,-0.002684,calib
98.96900,7.090000,4.460000,31.620000,1.155733,1.354323,14.630823,0.026705,0.009782,-0.002692,calib
98.98500,7.040000,4.440000,31.680000,1.141246,1.354405,14.661786,0.026708,0.009886,-0.002680,calib
99.00000,7.040000,4.460000,31.680000,1.155076,1.337686,14.682368,0.026755,0.009884,-0.002779,calib
99.00000,7.290000,4.540000,31.570000,1.175112,1.299601,14.682562,0.027145,0.010311,-0.002779,calib
99.01600,7.470000,4.540000,31.460000,1.201874,1.257636,14.692927,0.027674,0.010592,-0.002884,calib
99.06300,7.260000,4.380000,31.580000,1.137388,1.263447,14.723217,0.027394,0.009898,-0.002767,calib
99.07900,7.170000,4.410000,31.670000,1.137388,1.263447,14.723217,0.027394,0.009898,-0.002767,calib
99.09400,7.140000,4.430000,31.660000,1.138204,1.288664,14.743879,0.027241,0.009709,-0.002759,calib
99.09400,7.150000,4.490000,31.620000,1.167182,1.287757,14.744283,0.027231,0.010080,-0.002756,calib
99.11000,7.300000,4.530000,31.580000,1.195277,1.270367,14.744515,0.027435,0.010455,-0.002862,calib
99.17200,7.110000,4.210000,31.690000,1.058355,1.294693,14.763838,0.027460,0.009211,-0.002652,calib
99.17200,7.110000,4.230000,31.750000,1.044488,1.295065,14.773931,0.027135,0.008929,-0.002646,calib
99.18800,7.100000,4.250000,31.710000,1.058036,1.278301,14.784230,0.027346,0.009024,-0.002750,calib
99.20400,7.240000,4.300000,31.610000,1.099829,1.252492,14.794956,0.027820,0.009490,-0.002746,calib
99.21900,7.400000,4.370000,31.500000,1.141139,1.209902,14.795254,0.028342,0.010053,-0.002854,calib
99.26600,6.960000,4.250000,31.820000,1.030536,1.320318,14.815274,0.027149,0.008937,-0.002631,calib
99.28200,6.860000,4.220000,31.800000,0.996443,1.357914,14.846234,0.026592,0.008901,-0.002616,calib
99.29700,6.920000,4.310000,31.840000,1.010843,1.357904,14.846258,0.026590,0.008800,-0.002615,calib
99.29700,7.010000,4.340000,31.750000,1.052887,1.332413,14.856818,0.026902,0.008980,-0.002611,calib
99.31300,7.240000,4.390000,31.610000,1.108113,1.273032,14.846711,0.027469,0.009539,-0.002829,calib
99.37500,7.000000,4.220000,31.830000,0.994623,1.333710,14.897610,0.027085,0.008717,-0.002600,calib
99.39100,6.830000,4.200000,31.880000,0.960500,1.371578,14.918123,0.026529,0.008489,-0.002590,calib
99.39100,6.860000,4.240000,31.870000,0.975350,1.379661,14.907841,0.026419,0.008483,-0.002700,calib
99.40700,7.040000,4.320000,31.720000,1.023904,1.341511,14.897800,0.026971,0.008803,-0.002705,calib
99.42200,7.290000,4.430000,31.600000,1.086523,1.285954,14.867263,0.027563,0.009501,-0.002824,calib
99.46900,6.930000,4.170000,31.790000,0.981114,1.324861,14.804702,0.026691,0.008807,-0.002526,calib
99.48500,6.880000,4.200000,31.840000,0.959944,1.346146,14.804501,0.026678,0.008670,-0.002636,calib
99.50000,6.870000,4.200000,31.820000,0.953522,1.358733,14.794116,0.026437,0.008528,-0.002638,calib
99.51600,6.970000,4.260000,31.720000,0.981736,1.349960,14.784095,0.026702,0.008708,-0.002536,calib
99.51600,7.120000,4.320000,31.670000,1.037814,1.307334,14.763712,0.027056,0.009073,-0.002650,calib
99.57900,7.210000,4.250000,31.610000,1.057877,1.269721,14.712024,0.027449,0.009111,-0.002672,calib
99.57900,7.060000,4.200000,31.700000,0.994529,1.299989,14.690912,0.027009,0.008602,-0.002574,calib
99.59400,6.930000,4.170000,31.720000,0.981683,1.325162,14.670142,0.026526,0.008315,-0.002580,calib
99.61000,7.010000,4.240000,31.730000,0.995832,1.324835,14.670331,0.026687,0.008502,-0.002580,calib
99.62500,7.140000,4.310000,31.620000,1.038362,1.298974,14.639648,0.026829,0.008774,-0.002590,calib
99.65700,7.270000,4.320000,31.570000,1.072808,1.260346,14.547072,0.027377,0.009376,-0.002628,calib
99.67200,7.070000,4.220000,31.610000,1.038572,1.290368,14.546737,0.026766,0.008764,-0.002519,calib
99.68800,6.970000,4.200000,31.680000,1.010892,1.324312,14.567138,0.026513,0.008486,-0.002619,calib
99.70400,6.940000,4.230000,31.720000,1.018648,1.336299,14.567390,0.026430,0.008722,-0.002617,calib
99.71900,7.170000,4.330000,31.590000,1.061143,1.318900,14.567646,0.026633,0.008996,-0.002723,calib
99.75000,7.430000,4.410000,31.490000,1.123029,1.255206,14.537131,0.027499,0.009694,-0.002737,calib
99.76600,7.270000,4.350000,31.500000,1.123029,1.255206,14.537131,0.027499,0.009694,-0.002737,calib
99.78200,7.160000,4.240000,31.600000,1.080902,1.272579,14.516172,0.027130,0.009321,-0.002638,calib
99.78200,7.060000,4.260000,31.660000,1.060244,1.285564,14.536584,0.026729,0.008994,-0.002628,calib
99.79700,7.050000,4.240000,31.650000,1.067119,1.290031,14.546950,0.026926,0.008849,-0.002519,calib
99.84400,7.460000,4.400000,31.440000,1.135961,1.229961,14.526915,0.027980,0.009978,-0.002744,calib
99.86000,7.360000,4.370000,31.480000,1.108265,1.247052,14.516426,0.027608,0.009697,-0.002640,calib
99.87500,7.290000,4.310000,31.560000,1.066472,1.272861,14.505700,0.027134,0.009230,-0.002643,calib
99.89100,7.020000,4.230000,31.700000,1.025163,1.315450,14.505403,0.026612,0.008666,-0.002536,calib
99.89100,6.880000,4.240000,31.750000,1.005105,1.344873,14.515705,0.026161,0.008432,-0.002422,calib
99.93800,7.430000,4.410000,31.410000,1.116641,1.259330,14.495808,0.027197,0.009548,-0.002644,calib
99.95400,7.340000,4.380000,31.480000,1.095537,1.271881,14.475118,0.027122,0.009600,-0.002653,calib
99.96900,7.080000,4.250000,31.640000,1.046532,1.301940,14.495464,0.026679,0.009184,-0.002537,calib
99.98500,6.910000,4.180000,31.700000,0.990987,1.344928,14.525964,0.025998,0.008437,-0.002417,calib
99.98500,6.780000,4.160000,31.780000,0.956182,1.383050,14.546450,0.025775,0.008210,-0.002410,calib
100.03200,7.510000,4.450000,31.380000,1.129851,1.242321,14.537260,0.027572,0.009931,-0.002736,calib
100.04700,7.520000,4.390000,31.370000,1.129400,1.234229,14.547565,0.027681,0.009837,-0.002626,calib
100.06300,7.470000,4.290000,31.460000,1.092814,1.222532,14.536818,0.027769,0.009610,-0.002634,calib
100.06300,7.250000,4.150000,31.570000,1.021956,1.249320,14.556675,0.027307,0.008774,-0.002628,calib
100.07900,7.040000,4.090000,31.670000,0.945338,1.304588,14.576932,0.026549,0.008271,-0.002511,calib
100.12500,7.010000,4.310000,31.680000,1.005464,1.361227,14.577772,0.026111,0.008725,-0.002611,calib
100.14100,7.200000,4.400000,31.570000,1.054070,1.331468,14.567683,0.026722,0.009046,-0.002725,calib
100.15700,7.320000,4.410000,31.520000,1.067683,1.305969,14.557492,0.026871,0.009328,-0.002728,calib
100.17200,7.180000,4.320000,31.570000,1.046011,1.310772,14.567645,0.026908,0.009097,-0.002619,calib
100.17200,7.010000,4.220000,31.700000,0.997006,1.340830,14.587991,0.026465,0.008684,-0.002503,calib
100.21900,6.910000,4.280000,31.800000,0.962673,1.387305,14.701415,0.025973,0.008464,-0.002564,calib
100.23500,7.050000,4.300000,31.650000,0.983864,1.374682,14.691119,0.026047,0.008408,-0.002567,calib
100.25000,7.170000,4.350000,31.660000,1.018070,1.344932,14.681006,0.026659,0.008830,-0.002682,calib
100.26600,7.240000,4.330000,31.600000,1.024861,1.332319,14.670686,0.026735,0.008875,-0.002686,calib
100.26600,7.150000,4.290000,31.670000,1.003588,1.336823,14.670583,0.026604,0.008738,-0.002578,calib
100.31300,6.820000,4.180000,31.860000,0.933955,1.379595,14.721789,0.025758,0.008188,-0.002448,calib
100.32900,6.960000,4.230000,31.800000,0.982561,1.349835,14.711700,0.026369,0.008509,-0.002561,calib
100.34400,7.240000,4.350000,31.620000,1.017448,1.319832,14.701612,0.026649,0.008928,-0.002672,calib
100.36000,7.220000,4.320000,31.590000,1.023871,1.307245,14.711997,0.026890,0.009072,-0.002669,calib
100.37500,7.140000,4.260000,31.650000,1.002531,1.320484,14.732384,0.026822,0.008746,-0.002663,calib
100.42200,6.930000,4.260000,31.870000,0.968395,1.391885,14.887340,0.026504,0.008722,-0.002709,calib
100.43800,7.070000,4.330000,31.780000,1.010504,1.357659,14.877410,0.026754,0.009090,-0.002604,calib
100.45400,7.220000,4.350000,31.680000,1.045361,1.327928,14.856875,0.027036,0.009319,-0.002719,calib
100.46900,7.210000,4.270000,31.700000,1.030562,1.328236,14.867108,0.027205,0.009325,-0.002718,calib
100.48500,7.110000,4.290000,31.750000,1.002466,1.345626,14.866876,0.027001,0.008951,-0.002611,calib
100.53200,6.950000,4.240000,31.890000,0.974960,1.371025,14.939042,0.026524,0.008774,-0.002580,calib
100.54700,7.120000,4.330000,31.690000,1.023965,1.340967,14.918696,0.026967,0.009187,-0.002695,calib
100.56300,7.230000,4.400000,31.700000,1.051978,1.315458,14.908529,0.027114,0.009369,-0.002698,calib
100.57900,7.200000,4.330000,31.720000,1.051978,1.315458,14.908529,0.027114,0.009369,-0.002698,calib
100.57900,7.130000,4.290000,31.720000,1.009448,1.341320,14.939211,0.026971,0.009099,-0.002688,calib
100.64100,6.970000,4.250000,31.860000,0.961347,1.396523,14.949233,0.026374,0.008490,-0.002577,calib
100.65700,7.050000,4.270000,31.760000,0.995783,1.358428,14.949451,0.026763,0.008816,-0.002577,calib
100.67200,7.100000,4.280000,31.770000,1.002262,1.346042,14.918401,0.027006,0.008764,-0.002591,calib
100.67200,7.060000,4.230000,31.800000,0.981440,1.358638,14.907993,0.026766,0.008722,-0.002594,calib
100.68800,6.960000,4.210000,31.840000,0.953708,1.384192,14.928442,0.026454,0.008444,-0.002586,calib
100.73500,6.990000,4.320000,31.810000,0.953673,1.392654,14.959380,0.026514,0.008448,-0.002682,calib
100.76600,7.100000,4.220000,31.800000,0.973960,1.354886,14.959409,0.026742,0.008587,-0.002681,calib
100.76600,7.130000,4.210000,31.740000,0.972745,1.329968,14.949003,0.027063,0.008684,-0.002688,calib
100.78200,7.130000,4.180000,31.750000,0.951041,1.335043,14.948708,0.027102,0.008259,-0.002584,calib
100.79700,6.980000,4.110000,31.860000,0.922493,1.335380,14.948496,0.026943,0.008174,-0.002584,calib
100.82900,7.010000,4.260000,31.830000,0.966610,1.359218,14.907778,0.026937,0.008535,-0.002598,calib
100.86000,7.080000,4.300000,31.780000,0.988231,1.346025,14.897673,0.026841,0.008766,-0.002598,calib
100.87500,7.070000,4.290000,31.790000,0.988036,1.345908,14.856405,0.027005,0.008859,-0.002617,calib
100.89100,7.050000,4.230000,31.760000,0.981583,1.358766,14.835572,0.026765,0.008523,-0.002624,calib
100.89100,6.950000,4.190000,31.830000,0.954005,1.375514,14.804545,0.026390,0.008431,-0.002527,calib
100.95400,7.080000,4.360000,31.700000,1.011648,1.373926,14.784622,0.026535,0.009079,-0.002532,calib
100.95400,7.140000,4.370000,31.710000,1.040082,1.356782,14.753702,0.026575,0.009163,-0.002650,calib
100.96900,7.120000,4.350000,31.690000,1.039748,1.348346,14.743468,0.026681,0.009258,-0.002547,calib
100.98500,7.110000,4.340000,31.750000,1.025370,1.357018,14.732948,0.026743,0.009168,-0.002661,calib
101.00000,7.040000,4.280000,31.730000,1.004979,1.378005,14.733017,0.026397,0.009027,-0.002444,calib
101.04700,7.120000,4.410000,31.700000,1.055050,1.364520,14.722882,0.026461,0.009346,-0.002767,calib
101.06300,7.200000,4.400000,31.660000,1.075539,1.343488,14.723057,0.026807,0.009484,-0.002661,calib
101.07900,7.220000,4.410000,31.650000,1.082448,1.330531,14.692199,0.026879,0.009718,-0.002673,calib
101.07900,7.200000,4.390000,31.680000,1.061226,1.343425,14.692047,0.026807,0.009581,-0.002674,calib
101.09400,6.980000,4.300000,31.790000,1.033894,1.368680,14.702240,0.026327,0.009398,-0.002668,calib
101.15700,7.130000,4.460000,31.700000,1.084685,1.380250,14.671741,0.026401,0.009617,-0.002678,calib
101.15700,7.180000,4.460000,31.660000,1.098833,1.379923,14.671930,0.026562,0.009804,-0.002678,calib
101.17200,7.130000,4.490000,31.680000,1.084434,1.379933,14.671907,0.026563,0.009905,-0.002679,calib
101.18800,7.010000,4.380000,31.700000,1.064064,1.409582,14.661479,0.026278,0.009574,-0.002576,calib
101.20400,6.860000,4.350000,31.780000,1.022353,1.443509,14.661152,0.025861,0.009298,-0.002683,calib
101.26600,7.150000,4.610000,31.640000,1.145242,1.436318,14.672773,0.025793,0.010358,-0.002775,calib
101.28200,7.120000,4.580000,31.650000,1.137485,1.424331,14.672521,0.025876,0.010122,-0.002776,calib
101.29700,7.090000,4.560000,31.710000,1.101747,1.437579,14.692884,0.025809,0.009896,-0.002770,calib
101.31300,6.840000,4.390000,31.800000,1.045103,1.455306,14.692440,0.025445,0.009435,-0.002664,calib
101.31300,6.720000,4.290000,31.900000,0.989394,1.497905,14.692119,0.024926,0.008972,-0.002557,calib
101.37500,7.130000,4.470000,31.670000,1.078740,1.417808,14.713170,0.026170,0.009574,-0.002660,calib
101.39100,7.080000,4.430000,31.740000,1.057519,1.430703,14.713018,0.026098,0.009436,-0.002662,calib
101.40700,6.880000,4.350000,31.830000,0.994483,1.460744,14.712637,0.025491,0.009024,-0.002553,calib
101.42200,6.750000,4.330000,31.910000,0.960728,1.498586,14.712445,0.024770,0.008696,-0.002549,calib
101.43800,6.630000,4.340000,31.980000,0.954420,1.527980,14.733193,0.024647,0.008555,-0.002434,calib
101.50000,6.890000,4.370000,31.820000,1.009487,1.460020,14.650878,0.025317,0.009203,-0.002575,calib
101.51600,6.760000,4.330000,31.870000,0.982190,1.476813,14.630134,0.024777,0.009017,-0.002472,calib
101.53200,6.710000,4.340000,31.880000,0.990219,1.497780,14.619723,0.024593,0.008772,-0.002583,calib
101.54700,6.760000,4.430000,31.860000,1.012093,1.509713,14.609716,0.024673,0.009003,-0.002586,calib
101.56300,6.880000,4.500000,31.790000,1.061830,1.487792,14.589347,0.024842,0.009417,-0.002806,calib
101.62500,6.700000,4.380000,31.870000,0.991393,1.513775,14.537383,0.024371,0.008953,-0.002506,calib
101.64100,6.670000,4.360000,31.880000,0.977557,1.513876,14.557925,0.024044,0.008863,-0.002495,calib
101.65700,6.740000,4.390000,31.840000,0.998149,1.509624,14.558002,0.024507,0.009003,-0.002606,calib
101.67200,6.840000,4.480000,31.780000,1.032637,1.479920,14.558171,0.024955,0.009328,-0.002715,calib
101.67200,7.020000,4.530000,31.690000,1.074798,1.454084,14.548193,0.025264,0.009697,-0.002718,calib
101.75000,6.740000,4.470000,31.810000,1.048979,1.495580,14.444894,0.024399,0.009404,-0.002646,calib
101.78200,6.860000,4.550000,31.680000,1.097532,1.457430,14.434853,0.024951,0.009724,-0.002651,calib
101.78200,7.150000,4.600000,31.540000,1.138530,1.415067,14.414420,0.025639,0.010190,-0.002769,calib
101.79700,7.180000,4.570000,31.520000,1.137713,1.389850,14.393758,0.025792,0.010382,-0.002778,calib
101.81300,6.970000,4.480000,31.620000,1.102343,1.403072,14.393417,0.025559,0.010057,-0.002779,calib
101.89100,7.190000,4.640000,31.590000,1.124499,1.415050,14.393693,0.025474,0.010193,-0.002777,calib
101.90700,7.230000,4.590000,31.520000,1.137661,1.381459,14.393807,0.025733,0.010382,-0.002670,calib
101.90700,7.240000,4.590000,31.540000,1.122832,1.382040,14.393592,0.025904,0.010195,-0.002673,calib
101.92200,6.910000,4.460000,31.740000,1.088344,1.411744,14.393423,0.025456,0.009869,-0.002565,calib
101.93800,6.770000,4.380000,31.790000,1.032665,1.454072,14.403550,0.024934,0.009598,-0.002453,calib
102.00000,7.130000,4.500000,31.600000,1.065784,1.408255,14.444790,0.025766,0.009836,-0.002656,calib
102.01600,7.060000,4.490000,31.650000,1.038119,1.425074,14.444749,0.025392,0.009747,-0.002547,calib
102.03200,6.820000,4.430000,31.780000,1.003965,1.463215,14.454814,0.024839,0.009326,-0.002541,calib
102.04700,6.670000,4.390000,31.840000,0.969160,1.501336,14.475301,0.024615,0.009099,-0.002534,calib
102.06300,6.630000,4.400000,31.890000,0.970354,1.517592,14.496203,0.024234,0.009194,-0.002414,calib
102.11000,6.970000,4.410000,31.730000,0.988145,1.438722,14.495910,0.025166,0.009338,-0.002528,calib
102.12500,6.790000,4.370000,31.800000,0.981071,1.451290,14.495947,0.025254,0.009388,-0.002530,calib
102.14100,6.660000,4.320000,31.900000,0.946917,1.489430,14.506012,0.024701,0.008967,-0.002524,calib
102.15700,6.580000,4.350000,31.940000,0.933733,1.514358,14.516394,0.024382,0.008972,-0.002518,calib
102.17200,6.630000,4.440000,31.910000,0.955289,1.509899,14.526780,0.024348,0.009013,-0.002619,calib
102.23500,6.850000,4.310000,31.820000,0.951042,1.427668,14.515959,0.025425,0.008828,-0.002526,calib
102.25000,6.760000,4.290000,31.850000,0.931102,1.456747,14.505722,0.024970,0.008783,-0.002420,calib
102.26600,6.710000,4.340000,31.870000,0.924710,1.469062,14.505785,0.024726,0.008831,-0.002418,calib
102.26600,6.730000,4.400000,31.870000,0.953539,1.468770,14.516280,0.024721,0.008823,-0.002412,calib
102.28200,6.830000,4.410000,31.760000,0.981322,1.451607,14.495782,0.025092,0.009100,-0.002529,calib
102.34400,6.970000,4.300000,31.710000,0.978730,1.368382,14.402500,0.025498,0.009097,-0.002460,calib
102.36000,6.900000,4.290000,31.760000,0.971938,1.380995,14.412820,0.025422,0.009051,-0.002456,calib
102.36000,6.910000,4.410000,31.750000,0.978695,1.376844,14.433438,0.025558,0.009099,-0.002556,calib
102.37500,7.030000,4.410000,31.710000,0.999214,1.355540,14.444061,0.025902,0.009430,-0.002446,calib
102.39100,7.150000,4.390000,31.620000,1.019154,1.326461,14.454297,0.026357,0.009475,-0.002552,calib
102.43800,7.000000,4.300000,31.730000,0.975576,1.319604,14.464009,0.026315,0.008821,-0.002444,calib
102.45400,6.960000,4.350000,31.680000,0.976058,1.327424,14.464152,0.026204,0.009107,-0.002550,calib
102.46900,7.040000,4.350000,31.710000,0.990089,1.327441,14.484880,0.026369,0.009105,-0.002542,calib
102.48500,7.130000,4.360000,31.630000,1.011311,1.314546,14.485032,0.026441,0.009242,-0.002541,calib
102.48500,7.200000,4.380000,31.620000,1.024607,1.297464,14.495497,0.026814,0.009624,-0.002646,calib
102.54700,6.920000,4.390000,31.770000,0.991418,1.360205,14.516133,0.026103,0.009393,-0.002635,calib
102.56300,6.930000,4.400000,31.740000,1.013456,1.372527,14.536947,0.026022,0.009339,-0.002625,calib
102.57900,7.000000,4.450000,31.730000,1.027604,1.372200,14.537136,0.026182,0.009527,-0.002625,calib
102.57900,7.070000,4.480000,31.700000,1.048544,1.359260,14.527006,0.026419,0.009758,-0.002630,calib
102.59400,7.170000,4.480000,31.570000,1.062609,1.341853,14.506510,0.026459,0.010135,-0.002743,calib
102.64100,6.930000,4.490000,31.700000,1.037867,1.408350,14.330913,0.025437,0.009643,-0.002700,calib
102.65700,6.910000,4.450000,31.680000,1.038635,1.408025,14.299952,0.025104,0.009638,-0.002709,calib
102.67200,6.980000,4.470000,31.640000,1.045093,1.386976,14.279400,0.025285,0.009777,-0.002610,calib
102.68800,7.120000,4.500000,31.530000,1.065919,1.357228,14.238137,0.025403,0.010007,-0.002732,calib
102.70400,7.160000,4.490000,31.530000,1.079821,1.348393,14.197105,0.025668,0.010286,-0.002643,calib
102.75000,6.830000,4.400000,31.620000,0.998039,1.415763,13.979649,0.024329,0.009424,-0.002617,calib
102.76600,6.900000,4.410000,31.520000,1.004519,1.403377,13.948600,0.024571,0.009372,-0.002632,calib
102.78200,7.080000,4.390000,31.500000,1.017369,1.370013,13.927984,0.024996,0.009464,-0.002535,calib
102.79700,7.180000,4.390000,31.440000,1.038143,1.331874,13.886770,0.025055,0.009693,-0.002549,calib
102.79700,7.200000,4.420000,31.400000,1.044622,1.319488,13.855720,0.025297,0.009641,-0.002564,calib
102.84400,6.820000,4.400000,31.540000,0.985223,1.423490,13.690519,0.024046,0.009303,-0.002517,calib
102.86000,6.850000,4.430000,31.480000,0.985623,1.423192,13.680263,0.023878,0.009397,-0.002519,calib
102.87500,6.900000,4.440000,31.470000,0.999828,1.423065,13.639017,0.024040,0.009388,-0.002536,calib
102.89100,7.030000,4.470000,31.390000,1.013528,1.397494,13.597840,0.024188,0.009667,-0.002552,calib
102.89100,7.050000,4.480000,31.300000,1.027799,1.388633,13.536105,0.024287,0.009848,-0.002469,calib
102.93800,6.750000,4.480000,31.420000,0.990026,1.471251,13.319414,0.022883,0.009543,-0.002331,calib
102.96900,6.740000,4.520000,31.420000,0.997274,1.458540,13.257403,0.022791,0.009487,-0.002355,calib
102.98500,6.930000,4.530000,31.210000,1.003023,1.420864,13.174705,0.023185,0.009624,-0.002390,calib
102.98500,7.060000,4.500000,31.160000,1.031159,1.386822,13.102613,0.023271,0.009798,-0.002309,calib
103.00000,7.170000,4.490000,31.100000,1.044183,1.353315,13.020024,0.023693,0.009883,-0.002238,calib
103.04700,6.690000,4.380000,31.220000,0.949022,1.420687,12.771418,0.021859,0.008830,-0.002220,calib
103.06300,6.850000,4.420000,31.170000,0.962206,1.395759,12.761036,0.022179,0.008828,-0.002226,calib
103.07900,7.030000,4.470000,31.020000,1.003239,1.344933,12.709666,0.022806,0.009291,-0.002249,calib
103.09400,7.330000,4.530000,30.850000,1.065744,1.281530,12.658282,0.023344,0.009602,-0.002268,calib
103.09400,7.410000,4.570000,30.740000,1.100836,1.251111,12.596669,0.023619,0.010208,-0.002399,calib
103.15700,6.830000,4.460000,30.960000,1.012920,1.339331,12.451726,0.021933,0.009305,-0.002127,calib
103.17200,7.020000,4.480000,30.880000,1.040225,1.297196,12.379413,0.022293,0.009483,-0.002264,calib
103.18800,7.190000,4.500000,30.760000,1.074835,1.258957,12.317658,0.022679,0.009802,-0.002288,calib
103.18800,7.400000,4.540000,30.580000,1.088592,1.233587,12.235046,0.022828,0.009886,-0.002321,calib
103.20400,7.260000,4.480000,30.640000,1.081954,1.237394,12.193889,0.022689,0.010027,-0.002229,calib
103.25000,6.650000,4.450000,30.830000,0.975966,1.412840,11.925218,0.020456,0.008970,-0.002005,calib
103.26600,6.750000,4.450000,30.700000,0.983213,1.400128,11.863207,0.020365,0.008913,-0.002028,calib
103.28200,6.870000,4.460000,30.650000,1.003876,1.378952,11.801409,0.020708,0.009045,-0.001947,calib
103.29700,6.990000,4.460000,30.560000,1.025307,1.357451,11.708650,0.020717,0.009173,-0.001875,calib
103.29700,7.050000,4.530000,30.500000,1.040029,1.356682,11.636609,0.020707,0.009447,-0.001902,calib
103.34400,6.480000,4.430000,30.640000,0.939728,1.477634,11.367797,0.018587,0.008630,-0.001784,calib
103.36000,6.610000,4.450000,30.580000,0.946607,1.464949,11.326491,0.018661,0.008672,-0.001801,calib
103.37500,6.750000,4.510000,30.450000,0.973891,1.414152,11.264675,0.018961,0.009041,-0.001824,calib
103.39100,6.990000,4.540000,30.300000,1.008167,1.367477,11.192686,0.019453,0.009456,-0.001747,calib
103.40700,7.040000,4.550000,30.240000,1.029080,1.337657,11.120437,0.019569,0.009683,-0.001881,calib
103.45400,6.500000,4.230000,30.320000,0.888889,1.348366,10.747145,0.018003,0.007772,-0.001490,calib
103.46900,6.560000,4.230000,30.270000,0.881286,1.327572,10.695416,0.018022,0.007722,-0.001403,calib
103.48500,6.680000,4.280000,30.190000,0.909473,1.301920,10.623276,0.018167,0.007898,-0.001431,calib
103.50000,6.840000,4.310000,30.060000,0.931017,1.288265,10.551364,0.018231,0.008410,-0.001457,calib
103.50000,6.790000,4.420000,30.050000,0.924400,1.300735,10.499710,0.018153,0.008358,-0.001478,calib
103.57900,6.590000,3.980000,30.070000,0.703713,1.316708,10.219130,0.017130,0.006725,-0.000953,calib
103.59400,6.800000,4.070000,29.910000,0.737836,1.278840,10.198617,0.017686,0.006954,-0.000963,calib
103.61000,6.820000,4.110000,29.900000,0.758662,1.249092,10.157354,0.017804,0.007184,-0.001086,calib
103.62500,6.810000,4.130000,29.910000,0.758128,1.223920,10.146974,0.017792,0.007279,-0.001088,calib
103.62500,6.760000,4.080000,29.910000,0.750459,1.211861,10.115736,0.017874,0.007042,-0.001103,calib
103.68800,6.630000,4.080000,29.890000,0.726496,1.293907,9.930386,0.016794,0.007214,-0.000954,calib
103.70400,6.390000,4.150000,29.970000,0.714650,1.335219,9.889249,0.016092,0.007114,-0.000858,calib
103.71900,6.300000,4.150000,29.970000,0.708679,1.355897,9.868559,0.015742,0.007065,-0.000971,calib
103.73500,6.360000,4.140000,29.940000,0.708714,1.347435,9.837621,0.015682,0.007062,-0.000875,calib
103.75000,6.470000,4.120000,29.910000,0.714741,1.317995,9.806591,0.015969,0.007298,-0.000996,calib
103.81300,6.280000,3.950000,29.890000,0.624137,1.356805,9.578672,0.015092,0.006297,-0.000765,calib
103.82900,6.130000,4.000000,29.870000,0.626295,1.381254,9.496144,0.014435,0.006189,-0.000791,calib
103.84400,6.130000,4.040000,29.820000,0.648142,1.376307,9.424018,0.014395,0.006415,-0.000925,calib
103.86000,6.210000,4.080000,29.720000,0.676729,1.350357,9.341621,0.014372,0.006683,-0.000955,calib
103.86000,6.430000,4.160000,29.450000,0.719434,1.324351,9.248965,0.014512,0.006948,-0.000989,calib
103.92200,6.070000,4.100000,29.530000,0.689229,1.368689,8.897937,0.012670,0.006676,-0.000899,calib
103.95400,6.150000,4.110000,29.450000,0.682108,1.355715,8.846351,0.012577,0.006912,-0.000918,calib
103.96900,6.210000,4.130000,29.400000,0.696009,1.346881,8.805320,0.012843,0.007190,-0.000828,calib
103.96900,6.300000,4.160000,29.300000,0.703006,1.333852,8.743475,0.012913,0.007422,-0.000852,calib
103.98500,6.330000,4.120000,29.290000,0.689431,1.333736,8.671056,0.012582,0.007323,-0.000879,calib
104.04700,6.190000,3.920000,29.250000,0.609552,1.272500,8.463563,0.012324,0.006612,-0.000641,calib
104.06300,6.550000,3.990000,29.000000,0.636436,1.222002,8.412004,0.012791,0.006887,-0.000663,calib
104.07900,6.570000,4.040000,28.960000,0.657012,1.200898,8.381192,0.013135,0.007023,-0.000569,calib
104.09400,6.500000,4.000000,29.000000,0.651040,1.221577,8.360502,0.012784,0.006973,-0.000682,calib
104.09400,6.340000,4.010000,29.090000,0.631121,1.259318,8.339769,0.012390,0.006736,-0.000689,calib
104.15700,5.990000,4.000000,29.100000,0.579912,1.341738,8.133362,0.010491,0.006436,-0.000543,calib
104.17200,6.040000,4.030000,29.000000,0.600339,1.312289,8.102356,0.010777,0.006572,-0.000663,calib
104.18800,6.190000,3.990000,28.970000,0.607165,1.291213,8.061098,0.010792,0.006613,-0.000571,calib
104.20400,6.120000,4.020000,28.900000,0.613957,1.278600,8.050779,0.010868,0.006658,-0.000575,calib
104.20400,6.150000,4.000000,28.980000,0.607000,1.266015,8.030014,0.010615,0.006611,-0.000581,calib
104.26600,6.010000,3.930000,28.940000,0.550875,1.300462,7.895322,0.010365,0.005945,-0.000423,calib
104.28200,5.960000,3.930000,28.960000,0.551927,1.324991,7.874906,0.010205,0.006131,-0.000430,calib
104.29700,5.940000,3.970000,28.980000,0.560334,1.336997,7.864736,0.009792,0.006174,-0.000430,calib
104.29700,5.880000,4.020000,28.980000,0.582910,1.357339,7.844259,0.009601,0.006212,-0.000542,calib
104.31300,5.850000,4.100000,28.920000,0.590732,1.360593,7.824021,0.009456,0.006635,-0.000440,calib
104.36000,6.020000,3.980000,28.810000,0.581886,1.298001,7.699767,0.009676,0.006677,-0.000490,calib
104.37500,6.010000,3.980000,28.820000,0.575064,1.310886,7.699638,0.009603,0.006439,-0.000491,calib
104.39100,5.920000,4.020000,28.850000,0.554242,1.323483,7.689230,0.009363,0.006396,-0.000494,calib
104.40700,5.840000,3.960000,28.900000,0.547250,1.328321,7.709689,0.009234,0.005969,-0.000379,calib
104.42200,5.860000,3.950000,28.930000,0.554072,1.315436,7.709817,0.009307,0.006207,-0.000378,calib
104.46900,6.180000,4.110000,28.690000,0.638820,1.254978,7.617436,0.009695,0.007034,-0.000625,calib
104.48500,5.930000,4.150000,28.740000,0.633028,1.283730,7.607389,0.009401,0.007175,-0.000519,calib
104.50000,5.760000,4.220000,28.810000,0.634998,1.325448,7.607275,0.008868,0.006886,-0.000730,calib
104.51600,5.700000,4.170000,28.830000,0.629857,1.354218,7.586806,0.008244,0.006834,-0.000626,calib
104.51600,5.640000,4.190000,28.780000,0.630457,1.370656,7.576696,0.008193,0.006927,-0.000522,calib
104.59400,5.800000,4.180000,28.630000,0.646491,1.369391,7.391017,0.007681,0.007093,-0.000590,calib
104.62500,5.570000,4.170000,28.750000,0.626151,1.398768,7.391037,0.007394,0.006954,-0.000482,calib
104.62500,5.640000,4.130000,28.710000,0.618794,1.386482,7.380528,0.007309,0.006812,-0.000485,calib
104.64100,5.760000,4.090000,28.650000,0.603148,1.361846,7.359651,0.007633,0.006817,-0.000497,calib
104.65700,5.850000,4.020000,28.530000,0.587419,1.320129,7.318090,0.007837,0.007012,-0.000622,calib
104.73500,5.700000,4.040000,28.500000,0.559767,1.303416,7.183606,0.007224,0.006719,-0.000456,calib
104.75000,5.850000,4.040000,28.430000,0.559802,1.294954,7.152668,0.007164,0.006716,-0.000360,calib
104.76600,5.810000,3.990000,28.400000,0.552785,1.307722,7.111270,0.007254,0.006570,-0.000379,calib
104.78200,5.720000,3.980000,28.440000,0.532932,1.336729,7.070047,0.006797,0.006522,-0.000286,calib
104.79700,5.600000,3.970000,28.430000,0.498532,1.366362,7.038892,0.006348,0.006193,-0.000190,calib
104.86000,6.080000,4.040000,28.050000,0.603493,1.234675,6.843083,0.006728,0.006957,-0.000367,calib
104.87500,6.140000,4.030000,28.010000,0.617076,1.209449,6.822444,0.006879,0.007047,-0.000375,calib
104.89100,6.020000,4.010000,27.980000,0.603097,1.217822,6.801668,0.006774,0.007050,-0.000490,calib
104.90700,5.880000,3.960000,28.110000,0.568128,1.239707,6.801356,0.006437,0.006437,-0.000276,calib
104.92200,5.580000,3.900000,28.270000,0.526417,1.273634,6.801029,0.006019,0.006162,-0.000383,calib
104.98500,6.050000,4.020000,27.880000,0.638849,1.171042,6.646861,0.006602,0.007070,-0.000439,calib
105.00000,6.020000,4.030000,27.900000,0.639248,1.170743,6.636605,0.006435,0.007164,-0.000441,calib
105.01600,5.930000,4.010000,27.910000,0.625701,1.187507,6.626306,0.006223,0.007070,-0.000337,calib
105.01600,5.820000,4.010000,27.950000,0.605212,1.208540,6.626131,0.005878,0.006933,-0.000443,calib
105.03200,5.690000,4.000000,28.030000,0.584842,1.238189,6.615703,0.005593,0.006601,-0.000340,calib
105.09400,5.820000,4.050000,27.730000,0.651439,1.231286,6.451262,0.005034,0.007374,-0.000501,calib
105.11000,5.770000,4.060000,27.790000,0.643550,1.227598,6.440922,0.005340,0.007232,-0.000294,calib
105.12500,5.800000,3.990000,27.760000,0.622127,1.223757,6.440624,0.005151,0.007096,-0.000401,calib
105.14100,5.710000,3.870000,27.840000,0.579098,1.215985,6.429989,0.004936,0.006918,-0.000298,calib
105.15700,5.670000,3.850000,27.810000,0.550571,1.224984,6.419280,0.004838,0.006639,-0.000411,calib
105.20400,5.550000,3.890000,27.760000,0.545691,1.253540,6.305850,0.004210,0.006578,-0.000344,calib
105.21900,5.610000,3.900000,27.740000,0.560438,1.244841,6.295666,0.003981,0.006572,-0.000237,calib
105.23500,5.620000,3.940000,27.720000,0.560157,1.244796,6.285384,0.004146,0.006666,-0.000243,calib
105.25000,5.610000,3.880000,27.680000,0.560094,1.236378,6.254202,0.004086,0.006665,-0.000469,calib
105.26600,5.630000,3.870000,27.650000,0.546064,1.236361,6.233475,0.003922,0.006667,-0.000476,calib
105.32900,5.410000,3.870000,27.550000,0.564116,1.251227,5.996303,0.002696,0.006727,-0.000449,calib
105.34400,5.550000,3.850000,27.380000,0.578130,1.225430,5.975855,0.002677,0.007104,-0.000454,calib
105.36000,5.640000,3.890000,27.300000,0.605830,1.200149,5.944958,0.002991,0.007189,-0.000468,calib
105.37500,5.720000,3.860000,27.280000,0.612007,1.179054,5.914123,0.003337,0.007424,-0.000375,calib
105.39100,5.740000,3.830000,27.250000,0.619167,1.166415,5.883099,0.003247,0.007371,-0.000386,calib
105.43800,5.540000,3.760000,27.260000,0.584683,1.178968,5.831259,0.002677,0.007232,-0.000403,calib
105.45400,5.780000,3.720000,27.140000,0.590940,1.141183,5.810559,0.002741,0.007372,-0.000409,calib
105.46900,5.880000,3.670000,27.070000,0.596568,1.112042,5.789786,0.003196,0.007515,-0.000529,calib
105.48500,5.950000,3.670000,26.950000,0.595721,1.087097,5.758676,0.003351,0.007514,-0.000542,calib
105.48500,5.980000,3.640000,26.970000,0.595725,1.078906,5.717290,0.003293,0.007318,-0.000451,calib
105.53200,5.760000,3.490000,26.970000,0.502358,1.085020,5.623396,0.003181,0.006527,-0.000387,calib
105.54700,5.870000,3.440000,26.900000,0.495001,1.072733,5.612887,0.003096,0.006385,-0.000391,calib
105.56300,5.970000,3.430000,26.810000,0.479755,1.047798,5.581754,0.003252,0.006484,-0.000405,calib
105.57900,5.950000,3.390000,26.780000,0.471783,1.027031,5.550729,0.003437,0.006533,-0.000312,calib
105.59400,5.990000,3.390000,26.800000,0.464508,1.022863,5.550620,0.003409,0.006583,-0.000419,calib
105.62500,5.860000,3.360000,26.800000,0.429542,1.027596,5.498637,0.002950,0.006157,-0.000330,calib
105.64100,5.860000,3.330000,26.770000,0.429542,1.027596,5.498637,0.002950,0.006157,-0.000330,calib
105.65700,5.950000,3.310000,26.710000,0.435601,1.006846,5.488340,0.003299,0.006203,-0.000230,calib
105.67200,6.030000,3.290000,26.670000,0.434836,0.990019,5.467630,0.003511,0.006395,-0.000347,calib
105.68800,6.100000,3.320000,26.620000,0.441607,0.968744,5.467807,0.003525,0.006631,-0.000238,calib
105.73500,6.040000,3.280000,26.620000,0.442027,0.977108,5.447054,0.003418,0.006533,-0.000353,calib
105.75000,6.080000,3.270000,26.590000,0.442427,0.976809,5.436797,0.003251,0.006627,-0.000355,calib
105.76600,6.080000,3.330000,26.510000,0.456211,0.968318,5.416305,0.003519,0.006717,-0.000257,calib
105.76600,6.190000,3.290000,26.450000,0.449054,0.963806,5.395657,0.003487,0.006957,-0.000372,calib
105.78200,6.220000,3.310000,26.420000,0.456298,0.968246,5.385318,0.003518,0.006714,-0.000270,calib
105.84400,6.120000,3.300000,26.430000,0.450726,0.988626,5.354372,0.002999,0.006758,-0.000385,calib
105.86000,6.200000,3.330000,26.360000,0.471696,0.975414,5.354690,0.003234,0.007183,-0.000384,calib
105.87500,6.300000,3.350000,26.250000,0.493404,0.962149,5.313599,0.003137,0.007410,-0.000397,calib
105.87500,6.310000,3.410000,26.230000,0.522070,0.961468,5.293272,0.003292,0.007686,-0.000405,calib
105.89100,6.290000,3.410000,26.170000,0.530164,0.973701,5.262372,0.003046,0.007631,-0.000415,calib
105.95400,6.100000,3.380000,26.230000,0.518836,1.014371,5.190440,0.002173,0.007815,-0.000328,calib
105.96900,6.170000,3.390000,26.150000,0.518322,0.997862,5.169564,0.002223,0.007718,-0.000444,calib
105.98500,6.240000,3.350000,26.060000,0.517840,0.981080,5.159135,0.002270,0.007815,-0.000555,calib
105.98500,6.270000,3.380000,26.060000,0.517506,0.972645,5.148902,0.002375,0.007909,-0.000452,calib
106.00000,6.260000,3.320000,26.010000,0.511032,0.976841,5.138565,0.002075,0.007765,-0.000347,calib
106.07900,6.150000,3.340000,25.970000,0.478142,1.013753,4.983632,0.001177,0.007709,-0.000402,calib
106.09400,6.160000,3.330000,25.940000,0.478291,1.022098,4.983827,0.001236,0.007707,-0.000188,calib
106.11000,6.110000,3.340000,25.950000,0.472119,1.026041,4.962991,0.000768,0.007659,-0.000407,calib
106.12500,6.050000,3.310000,25.980000,0.472689,1.042750,4.942432,0.000719,0.007560,-0.000308,calib
106.12500,6.050000,3.290000,25.980000,0.451533,1.046911,4.921790,0.000585,0.007611,-0.000208,calib
106.18800,6.180000,3.310000,25.820000,0.458107,1.000709,4.880435,0.000425,0.007653,-0.000113,calib
106.20400,6.140000,3.310000,25.840000,0.458368,0.992092,4.901214,0.000199,0.007750,0.000005,calib
106.21900,6.110000,3.330000,25.920000,0.458419,1.000482,4.901166,0.000258,0.007750,-0.000103,calib
106.23500,6.060000,3.340000,25.880000,0.458788,1.000456,4.880461,0.000092,0.007652,-0.000110,calib
106.23500,6.040000,3.330000,25.880000,0.452396,1.012770,4.880524,-0.000151,0.007702,-0.000107,calib
106.29700,6.100000,3.280000,25.730000,0.438401,1.004291,4.828858,-0.000376,0.007699,-0.000019,calib
106.31300,6.090000,3.300000,25.820000,0.445838,0.999887,4.849503,-0.000572,0.007746,-0.000115,calib
106.32900,6.050000,3.280000,25.850000,0.459869,0.999904,4.870231,-0.000408,0.007744,-0.000108,calib
106.34400,6.090000,3.330000,25.820000,0.466374,0.995436,4.891015,-0.000110,0.008080,-0.000209,calib
106.36000,6.140000,3.360000,25.790000,0.479901,0.970009,4.911811,0.000041,0.008366,-0.000199,calib
106.40700,6.630000,3.330000,25.670000,0.517010,0.853367,5.056363,0.001534,0.009046,-0.000257,calib
106.42200,6.570000,3.340000,25.780000,0.516975,0.861830,5.087301,0.001594,0.009050,-0.000353,calib
106.43800,6.590000,3.340000,25.740000,0.523592,0.849360,5.138955,0.001673,0.009102,-0.000332,calib
106.45400,6.670000,3.370000,25.800000,0.536580,0.815913,5.201042,0.001934,0.009296,-0.000200,calib
106.45400,6.830000,3.380000,25.700000,0.570047,0.761408,5.232075,0.002539,0.009626,-0.000297,calib
106.51600,7.630000,3.230000,25.300000,0.639078,0.548716,5.345634,0.005006,0.010633,-0.000265,calib
106.53200,7.640000,3.230000,25.440000,0.607234,0.500147,5.479352,0.005665,0.010470,-0.000219,calib
106.54700,7.620000,3.200000,25.500000,0.584253,0.488294,5.551472,0.006082,0.010535,-0.000195,calib
106.54700,7.730000,3.180000,25.500000,0.575338,0.467995,5.613381,0.006603,0.010593,-0.000069,calib
106.56300,8.010000,3.140000,25.380000,0.573615,0.434785,5.654715,0.007032,0.010791,0.000052,calib
106.62500,8.520000,3.150000,25.120000,0.615759,0.314552,5.871769,0.009493,0.011624,0.000228,calib
106.64100,8.630000,3.130000,25.060000,0.614339,0.290050,5.912889,0.009818,0.011534,0.000241,calib
106.65700,8.710000,3.080000,25.010000,0.619741,0.252662,5.954137,0.010217,0.011683,0.000256,calib
106.65700,8.800000,3.080000,24.970000,0.632051,0.202317,5.964527,0.010689,0.012064,0.000258,calib
106.67200,9.010000,3.080000,24.830000,0.651940,0.164848,5.974812,0.011085,0.012109,0.000260,calib
106.73500,9.220000,3.000000,24.750000,0.641266,0.119801,6.108994,0.012095,0.012370,0.000412,calib
106.75000,9.220000,2.970000,24.770000,0.648022,0.115650,6.129612,0.012231,0.012418,0.000312,calib
106.75000,9.360000,2.970000,24.660000,0.660837,0.090749,6.139934,0.012716,0.012513,0.000313,calib
106.76600,9.560000,3.020000,24.490000,0.687548,0.040394,6.150348,0.013185,0.012795,0.000316,calib
106.78200,9.750000,3.010000,24.310000,0.721615,0.002326,6.171270,0.013740,0.013219,0.000322,calib
106.84400,9.850000,2.960000,24.380000,0.733099,0.003235,6.357058,0.014906,0.013430,0.000063,calib
106.86000,9.880000,2.990000,24.400000,0.740287,0.007475,6.388154,0.014936,0.013382,0.000182,calib
106.86000,9.940000,2.960000,24.330000,0.753501,-0.017725,6.388219,0.015253,0.013572,0.000181,calib
106.87500,10.120000,3.000000,24.080000,0.766715,-0.042925,6.388285,0.015570,0.013761,0.000179,calib
106.89100,10.190000,2.980000,24.010000,0.787655,-0.055866,6.378155,0.015807,0.013992,0.000175,calib
106.95400,10.050000,3.150000,24.190000,0.825873,-0.002697,6.419940,0.015349,0.014220,-0.000017,calib
106.96900,10.120000,3.050000,24.110000,0.832577,-0.015238,6.440607,0.015426,0.014268,-0.000009,calib
106.96900,10.240000,3.050000,24.030000,0.831361,-0.040157,6.430202,0.015747,0.014365,-0.000015,calib
106.98500,10.290000,2.980000,23.930000,0.823323,-0.052190,6.419667,0.015994,0.014224,-0.000023,calib
107.00000,10.280000,2.960000,23.950000,0.808893,-0.051908,6.409196,0.015998,0.014133,-0.000028,calib
107.06300,10.210000,3.040000,24.130000,0.796039,-0.001393,6.481483,0.015695,0.013855,0.000001,calib
107.07900,10.300000,3.040000,24.040000,0.809705,-0.018501,6.471244,0.015903,0.014139,-0.000111,calib
107.07900,10.310000,3.010000,23.950000,0.823888,-0.027290,6.440495,0.016004,0.014321,-0.000015,calib
107.09400,10.300000,3.020000,23.920000,0.817132,-0.023139,6.419876,0.015868,0.014272,0.000085,calib
107.11000,10.240000,2.970000,24.000000,0.796279,-0.010271,6.399020,0.015630,0.014037,0.000077,calib
107.15700,10.180000,3.010000,24.110000,0.804904,0.035324,6.419886,0.015453,0.014082,-0.000021,calib
107.17200,10.270000,3.070000,23.910000,0.826243,0.022085,6.399499,0.015522,0.014408,-0.000028,calib
107.18800,10.300000,3.130000,23.880000,0.847573,0.017781,6.358168,0.015654,0.014351,-0.000152,calib
107.20400,10.230000,3.070000,23.880000,0.840817,0.021932,6.337549,0.015518,0.014302,-0.000052,calib
107.21900,10.210000,3.050000,23.960000,0.806446,0.051293,6.316841,0.015066,0.014165,0.000049,calib
107.26600,10.000000,3.010000,24.190000,0.744561,0.114986,6.347355,0.014201,0.013467,0.000063,calib
107.28200,10.120000,3.050000,24.100000,0.772257,0.097895,6.357844,0.014573,0.013748,-0.000041,calib
107.29700,10.190000,3.080000,23.990000,0.800322,0.080777,6.347628,0.014780,0.013931,-0.000153,calib
107.29700,10.230000,3.140000,23.940000,0.814419,0.072060,6.347866,0.014882,0.014117,-0.000045,calib
107.31300,10.160000,3.110000,24.030000,0.808026,0.084375,6.347929,0.014638,0.014165,-0.000043,calib
107.36000,10.140000,3.020000,24.100000,0.778962,0.085354,6.378511,0.014650,0.013796,-0.000033,calib
107.37500,10.150000,3.030000,24.020000,0.785072,0.072994,6.368166,0.015058,0.013842,-0.000041,calib
107.39100,10.190000,2.990000,23.980000,0.792145,0.060426,6.368129,0.014969,0.013792,-0.000039,calib
107.40700,10.180000,3.050000,23.990000,0.798937,0.047813,6.357810,0.015045,0.013839,-0.000043,calib
107.42200,10.210000,3.000000,23.960000,0.798655,0.047767,6.347527,0.015209,0.013933,-0.000049,calib
107.46900,10.190000,2.980000,23.950000,0.790851,0.010238,6.295653,0.015111,0.013884,-0.000068,calib
107.48500,10.200000,2.930000,23.900000,0.783182,-0.001822,6.264414,0.015193,0.013645,-0.000082,calib
107.50000,10.230000,2.890000,23.880000,0.776092,-0.006107,6.233562,0.015162,0.013691,0.000121,calib
107.51600,10.220000,2.890000,23.890000,0.769186,-0.010301,6.212748,0.014968,0.013643,0.000007,calib
107.51600,10.170000,2.890000,23.920000,0.755239,0.006762,6.212705,0.014925,0.013456,0.000113,calib
107.57900,10.140000,2.950000,23.970000,0.755603,0.014925,6.233387,0.014817,0.013553,0.000015,calib
107.59400,10.190000,2.910000,23.910000,0.755038,-0.009974,6.212559,0.014807,0.013456,0.000007,calib
107.61000,10.230000,2.910000,23.890000,0.747430,-0.022578,6.202216,0.014885,0.013603,0.000003,calib
107.61000,10.160000,2.890000,23.930000,0.740556,-0.018083,6.202136,0.014752,0.013364,0.000111,calib
107.62500,10.080000,2.850000,23.980000,0.726577,-0.009709,6.181360,0.014647,0.013367,-0.000005,calib
107.70400,10.090000,2.830000,23.830000,0.726761,-0.026234,6.036615,0.014528,0.012970,0.000152,calib
107.71900,9.970000,2.790000,23.850000,0.719855,-0.030428,6.015802,0.014334,0.012922,0.000039,calib
107.73500,9.900000,2.750000,23.910000,0.698870,-0.009259,5.984858,0.014319,0.012781,0.000239,calib
107.73500,9.810000,2.750000,23.980000,0.693237,0.011665,5.933016,0.013805,0.012441,0.000114,calib
107.75000,9.680000,2.820000,24.040000,0.694975,0.027750,5.871240,0.013255,0.012431,0.000203,calib
107.81300,9.060000,2.900000,23.970000,0.711939,0.154456,5.365697,0.010659,0.011836,0.000131,calib
107.82900,8.950000,2.860000,23.990000,0.699602,0.187921,5.293187,0.010068,0.011449,-0.000002,calib
107.84400,8.790000,2.890000,24.070000,0.687162,0.229415,5.221038,0.009697,0.011346,0.000078,calib
107.86000,8.700000,2.860000,24.100000,0.681980,0.258431,5.158890,0.009074,0.011102,-0.000157,calib
107.86000,8.600000,2.910000,24.080000,0.676583,0.287628,5.076256,0.008617,0.010757,-0.000080,calib
107.92200,8.200000,2.750000,23.990000,0.596010,0.337722,4.745259,0.006658,0.009787,0.000123,calib
107.93800,8.180000,2.710000,24.030000,0.582282,0.346413,4.724317,0.006390,0.009501,0.000008,calib
107.95400,8.110000,2.680000,24.040000,0.561147,0.359236,4.693179,0.006317,0.009362,-0.000006,calib
107.96900,8.040000,2.710000,24.040000,0.554760,0.363361,4.651856,0.006015,0.009214,0.000088,calib
107.96900,8.010000,2.730000,24.010000,0.541202,0.380098,4.610326,0.005803,0.009119,-0.000143,calib
108.03200,7.690000,2.650000,24.050000,0.480613,0.451253,4.496576,0.004655,0.008595,0.000032,calib
108.04700,7.630000,2.650000,24.110000,0.466495,0.451307,4.506835,0.004492,0.008600,0.000037,calib
108.04700,7.680000,2.680000,24.030000,0.481294,0.450999,4.496602,0.004322,0.008594,0.000035,calib
108.06300,7.700000,2.670000,24.050000,0.488137,0.446776,4.486234,0.004457,0.008639,-0.000077,calib
108.07900,7.780000,2.670000,23.990000,0.502234,0.438059,4.486472,0.004559,0.008826,0.000031,calib
108.14100,7.700000,2.660000,24.110000,0.516428,0.429504,4.527735,0.004498,0.008922,-0.000165,calib
108.15700,7.780000,2.710000,24.070000,0.523501,0.416936,4.527697,0.004409,0.008873,-0.000163,calib
108.17200,7.790000,2.680000,24.000000,0.537316,0.408173,4.517653,0.004676,0.009154,-0.000061,calib
108.18800,7.850000,2.730000,23.940000,0.543958,0.387214,4.507139,0.004693,0.009201,-0.000279,calib
108.18800,7.860000,2.710000,23.870000,0.550899,0.382946,4.497014,0.004827,0.009244,-0.000069,calib
108.25000,7.780000,2.900000,23.950000,0.610456,0.422876,4.518413,0.004438,0.009798,-0.000268,calib
108.26600,7.800000,2.880000,23.930000,0.624973,0.422523,4.497898,0.004433,0.009886,-0.000275,calib
108.28200,7.760000,2.910000,23.860000,0.639772,0.422214,4.487665,0.004264,0.009881,-0.000276,calib
108.29700,7.740000,2.940000,23.880000,0.647164,0.426038,4.467235,0.004289,0.010018,-0.000176,calib
108.31300,7.730000,2.920000,23.880000,0.647897,0.434176,4.467212,0.004015,0.010018,-0.000281,calib
108.37500,7.450000,3.070000,23.970000,0.666436,0.516208,4.405801,0.003099,0.010190,-0.000404,calib
108.39100,7.420000,3.080000,23.920000,0.667492,0.532546,4.344000,0.002881,0.010182,-0.000320,calib
108.40700,7.380000,3.150000,23.930000,0.675920,0.553215,4.323333,0.002529,0.010033,-0.000432,calib
108.42200,7.300000,3.130000,23.940000,0.677223,0.578062,4.302753,0.002207,0.009933,-0.000438,calib
108.42200,7.160000,3.180000,24.050000,0.678947,0.611272,4.261419,0.001778,0.009735,-0.000559,calib
108.48500,6.980000,3.280000,23.930000,0.704681,0.672202,4.138046,0.000712,0.009853,-0.000597,calib
108.50000,6.970000,3.320000,23.970000,0.712407,0.684462,4.127850,0.000631,0.009895,-0.000600,calib
108.51600,6.880000,3.350000,23.960000,0.713289,0.700944,4.128022,0.000416,0.009893,-0.000491,calib
108.51600,6.820000,3.320000,23.990000,0.699622,0.709091,4.127976,0.000144,0.009992,-0.000596,calib
108.53200,6.800000,3.300000,24.030000,0.693200,0.721678,4.117591,-0.000097,0.009849,-0.000598,calib
108.59400,6.740000,3.180000,23.850000,0.635975,0.706053,3.951691,-0.000368,0.009182,-0.000452,calib
108.59400,6.740000,3.190000,23.830000,0.636431,0.705955,3.900000,-0.000535,0.009081,-0.000471,calib
108.61000,6.670000,3.170000,23.810000,0.629762,0.710034,3.848395,-0.000673,0.009029,-0.000383,calib
108.62500,6.610000,3.150000,23.680000,0.623492,0.713815,3.786533,-0.000978,0.009071,-0.000298,calib
108.64100,6.560000,3.140000,23.650000,0.609800,0.714043,3.734653,-0.001305,0.008783,-0.000316,calib
108.68800,6.560000,2.730000,23.380000,0.494587,0.674930,3.392428,-0.001572,0.007255,0.000077,calib
108.70400,6.290000,2.710000,23.010000,0.494284,0.649815,3.278640,-0.001585,0.007149,0.000032,calib
108.71900,6.520000,2.660000,23.000000,0.486680,0.629021,3.226912,-0.001566,0.007099,0.000119,calib
108.73500,6.320000,2.680000,22.920000,0.487172,0.620460,3.144283,-0.001793,0.006994,0.000196,calib
108.75000,6.310000,2.740000,22.860000,0.487259,0.620388,3.113296,-0.001795,0.006991,0.000183,calib
108.79700,6.120000,2.730000,22.770000,0.484081,0.673491,2.969030,-0.002913,0.006925,0.000243,calib
108.81300,6.040000,2.780000,22.780000,0.485384,0.698338,2.948449,-0.003235,0.006824,0.000237,calib
108.82900,6.010000,2.770000,22.780000,0.478628,0.702489,2.927830,-0.003371,0.006775,0.000337,calib
108.82900,6.040000,2.760000,22.760000,0.478628,0.702489,2.927830,-0.003371,0.006775,0.000337,calib
108.84400,6.110000,2.700000,22.720000,0.478093,0.677317,2.917450,-0.003382,0.006872,0.000334,calib
108.90700,6.240000,2.530000,22.430000,0.438234,0.582649,2.813396,-0.002556,0.006641,0.000391,calib
108.92200,6.250000,2.530000,22.450000,0.431390,0.586872,2.823764,-0.002691,0.006595,0.000504,calib
108.92200,6.150000,2.550000,22.460000,0.431308,0.578754,2.813365,-0.002747,0.006402,0.000607,calib
108.93800,6.200000,2.560000,22.430000,0.431477,0.586800,2.792778,-0.002692,0.006592,0.000491,calib
108.95400,6.190000,2.580000,22.380000,0.445973,0.577784,2.782759,-0.002758,0.006872,0.000597,calib
109.00000,6.450000,2.570000,22.000000,0.529326,0.493296,2.679615,-0.002042,0.007223,0.000342,calib
109.01600,6.480000,2.500000,21.990000,0.528541,0.476768,2.679687,-0.001827,0.007223,0.000555,calib
109.03200,6.520000,2.480000,21.940000,0.519200,0.439889,2.689734,-0.001258,0.007183,0.000553,calib
109.03200,6.590000,2.460000,21.930000,0.503446,0.406661,2.710340,-0.000993,0.007383,0.000667,calib
109.04700,6.630000,2.370000,21.960000,0.486713,0.365958,2.740816,-0.000449,0.007204,0.000566,calib
109.11000,7.080000,2.260000,22.240000,0.436769,0.293387,3.174084,0.001372,0.007559,0.000720,calib
109.12500,6.990000,2.300000,22.530000,0.422976,0.327220,3.287634,0.001284,0.007478,0.000657,calib
109.14100,6.880000,2.400000,22.820000,0.416852,0.373112,3.432423,0.001114,0.007637,0.000608,calib
109.14100,6.880000,2.430000,22.880000,0.432437,0.405739,3.536120,0.000847,0.008023,0.000546,calib
109.15700,6.920000,2.520000,22.930000,0.446775,0.413719,3.618964,0.000903,0.008313,0.000472,calib
109.21900,7.250000,2.540000,23.450000,0.484452,0.355559,4.177153,0.002320,0.009510,0.000474,calib
109.23500,7.250000,2.510000,23.550000,0.476148,0.351932,4.300965,0.002630,0.009575,0.000412,calib
109.23500,7.280000,2.440000,23.670000,0.453813,0.348288,4.404048,0.002775,0.009641,0.000344,calib
109.25000,7.250000,2.500000,23.720000,0.446479,0.361071,4.497045,0.002867,0.009702,0.000379,calib
109.26600,7.150000,2.530000,23.890000,0.453943,0.373547,4.579809,0.002791,0.009754,0.000414,calib
109.31300,7.120000,2.730000,24.190000,0.499304,0.472205,4.880401,0.002656,0.010722,0.000215,calib
109.32900,7.180000,2.760000,24.230000,0.506456,0.484907,4.942435,0.002746,0.010677,0.000239,calib
109.34400,7.130000,2.740000,24.290000,0.520881,0.492816,4.994292,0.002801,0.010965,0.000153,calib
109.36000,7.190000,2.760000,24.260000,0.521076,0.492933,5.035561,0.002638,0.010873,0.000171,calib
109.36000,7.130000,2.790000,24.400000,0.527776,0.488582,5.097614,0.002773,0.011116,0.000088,calib
109.43800,7.250000,2.820000,24.470000,0.554668,0.471877,5.283740,0.003317,0.011511,0.000053,calib
109.45400,7.260000,2.800000,24.510000,0.562706,0.483910,5.294274,0.003070,0.011651,0.000060,calib
109.46900,7.240000,2.850000,24.500000,0.569980,0.488077,5.294383,0.003099,0.011600,0.000168,calib
109.48500,7.250000,2.830000,24.500000,0.570431,0.496169,5.284078,0.002990,0.011695,0.000057,calib
109.50000,7.230000,2.840000,24.480000,0.570150,0.496124,5.273796,0.003154,0.011790,0.000051,calib
109.54700,7.320000,2.750000,24.300000,0.569113,0.462872,5.160031,0.003414,0.011685,0.000111,calib
109.56300,7.310000,2.760000,24.300000,0.561957,0.467321,5.149669,0.003446,0.011542,0.000213,calib
109.57900,7.300000,2.790000,24.340000,0.562326,0.467295,5.128965,0.003280,0.011444,0.000206,calib
109.59400,7.250000,2.740000,24.330000,0.562465,0.475613,5.097929,0.003338,0.011442,0.000085,calib
109.61000,7.220000,2.770000,24.300000,0.562552,0.475541,5.066943,0.003337,0.011438,0.000073,calib
109.67200,7.200000,2.790000,24.120000,0.584947,0.462234,4.870753,0.003070,0.011364,-0.000001,calib
109.70400,7.140000,2.770000,24.130000,0.570516,0.462516,4.860282,0.003074,0.011272,-0.000007,calib
109.71900,7.160000,2.760000,24.080000,0.563760,0.466667,4.839663,0.002938,0.011223,0.000093,calib
109.71900,7.160000,2.750000,24.110000,0.563817,0.466867,4.798229,0.002939,0.011029,0.000076,calib
109.73500,7.220000,2.720000,24.070000,0.563904,0.466795,4.767242,0.002938,0.011025,0.000064,calib
109.79700,7.120000,2.790000,23.970000,0.586217,0.461776,4.674655,0.002732,0.011149,0.000245,calib
109.81300,7.150000,2.760000,23.990000,0.586217,0.461776,4.674655,0.002732,0.011149,0.000245,calib
109.82900,7.200000,2.770000,23.950000,0.586217,0.461776,4.674655,0.002732,0.011149,0.000245,calib
109.84400,7.220000,2.770000,23.920000,0.578661,0.457563,4.664264,0.002868,0.011296,0.000132,calib
109.84400,7.220000,2.740000,23.880000,0.585821,0.444923,4.633240,0.002778,0.011242,0.000122,calib
109.90700,7.230000,2.780000,24.000000,0.600330,0.469912,4.705782,0.002953,0.011340,0.000149,calib
109.92200,7.260000,2.810000,23.950000,0.621552,0.457017,4.705934,0.003025,0.011477,0.000150,calib
109.93800,7.310000,2.880000,23.900000,0.627641,0.435994,4.706086,0.003372,0.011716,0.000255,calib
109.95400,7.380000,2.880000,23.870000,0.641588,0.418931,4.706128,0.003415,0.011903,0.000150,calib
109.96900,7.410000,2.860000,23.850000,0.640907,0.419185,4.706103,0.003748,0.011905,0.000146,calib
110.03200,7.420000,2.810000,23.830000,0.647046,0.381744,4.705942,0.003815,0.011856,0.000147,calib
110.06300,7.510000,2.790000,23.700000,0.646713,0.373308,4.695708,0.003921,0.011952,0.000249,calib
110.06300,7.550000,2.740000,23.730000,0.653074,0.361265,4.685198,0.004166,0.011710,0.000242,calib
110.07900,7.540000,2.740000,23.710000,0.638623,0.352885,4.685223,0.004109,0.011810,0.000350,calib
110.09400,7.490000,2.750000,23.760000,0.631831,0.365498,4.695542,0.004033,0.011765,0.000354,calib
110.15700,7.670000,2.730000,23.730000,0.628573,0.290978,4.746863,0.004669,0.011872,0.000371,calib
110.17200,7.740000,2.680000,23.650000,0.627327,0.266331,4.726009,0.004992,0.011776,0.000359,calib
110.18800,7.700000,2.630000,23.660000,0.620053,0.262163,4.725900,0.004963,0.011827,0.000252,calib
110.20400,7.620000,2.680000,23.700000,0.606505,0.278928,4.715601,0.004752,0.011733,0.000356,calib
110.21900,7.560000,2.640000,23.770000,0.600047,0.299977,4.736154,0.004571,0.011593,0.000257,calib
110.26600,7.580000,2.620000,23.780000,0.565641,0.337800,4.746384,0.004180,0.011459,0.000262,calib
110.28200,7.530000,2.620000,23.740000,0.564430,0.304691,4.694593,0.004442,0.011362,0.000347,calib
110.29700,7.550000,2.640000,23.730000,0.564830,0.304392,4.684336,0.004274,0.011454,0.000345,calib
110.31300,7.510000,2.590000,23.750000,0.558038,0.317006,4.694656,0.004199,0.011409,0.000349,calib
110.31300,7.510000,2.610000,23.810000,0.550334,0.313408,4.694355,0.004340,0.011174,0.000239,calib
110.37500,7.640000,2.440000,23.620000,0.482153,0.227884,4.652091,0.004906,0.010575,0.000535,calib
110.39100,7.690000,2.340000,23.600000,0.452358,0.203574,4.631025,0.005069,0.010393,0.000524,calib
110.40700,7.670000,2.270000,23.600000,0.408478,0.188009,4.640951,0.005132,0.010026,0.000739,calib
110.42200,7.650000,2.100000,23.670000,0.364136,0.164325,4.629952,0.005302,0.009565,0.000730,calib
110.43800,7.640000,2.020000,23.660000,0.319373,0.132277,4.639707,0.005580,0.009199,0.000836,calib
110.48500,7.890000,1.310000,23.320000,0.043892,-0.080612,4.563417,0.006934,0.006570,0.001205,calib
110.50000,7.870000,1.210000,23.290000,-0.022457,-0.107928,4.552338,0.007247,0.005971,0.001407,calib
110.51600,7.830000,1.010000,23.380000,-0.088129,-0.127308,4.582670,0.007286,0.005566,0.001522,calib
110.53200,7.780000,0.950000,23.390000,-0.132040,-0.142601,4.582149,0.007350,0.005007,0.001733,calib
110.53200,7.840000,0.900000,23.360000,-0.176351,-0.166557,4.581598,0.007519,0.004737,0.001728,calib
110.61000,8.130000,0.230000,23.110000,-0.410054,-0.371722,4.650478,0.009585,0.002780,0.002044,calib
110.62500,8.150000,0.180000,23.110000,-0.432778,-0.391448,4.681046,0.009782,0.002363,0.002160,calib
110.64100,8.140000,0.170000,23.070000,-0.448542,-0.415741,4.680708,0.010110,0.002178,0.002156,calib
110.65700,8.200000,0.090000,23.030000,-0.463941,-0.431870,4.701051,0.010330,0.002092,0.002053,calib
110.67200,8.200000,0.080000,23.010000,-0.471667,-0.444130,4.711247,0.010410,0.002048,0.002057,calib
110.73500,8.340000,0.000000,22.940000,-0.467116,-0.489311,4.773057,0.011086,0.002008,0.002183,calib
110.76600,8.320000,-0.070000,22.890000,-0.482879,-0.513603,4.772718,0.011414,0.001824,0.002179,calib
110.78200,8.400000,-0.220000,22.780000,-0.505486,-0.533673,4.782748,0.011607,0.001594,0.002287,calib
110.78200,8.400000,-0.270000,22.760000,-0.528072,-0.545080,4.782281,0.011861,0.001173,0.002282,calib
110.79700,8.410000,-0.330000,22.750000,-0.542619,-0.544455,4.792349,0.011869,0.000892,0.002284,calib
110.87500,8.440000,-0.440000,22.740000,-0.593840,-0.555454,4.822656,0.011965,0.000388,0.002291,calib
110.89100,8.400000,-0.500000,22.770000,-0.608240,-0.555444,4.822632,0.011966,0.000489,0.002291,calib
110.89100,8.340000,-0.560000,22.790000,-0.629978,-0.541907,4.853276,0.012066,0.000068,0.002299,calib
110.90700,8.310000,-0.590000,22.860000,-0.636206,-0.529203,4.884159,0.011661,-0.000166,0.002315,calib
110.92200,8.260000,-0.500000,22.940000,-0.635641,-0.504303,4.904987,0.011671,-0.000070,0.002322,calib
111.00000,8.280000,-0.200000,22.970000,-0.487713,-0.416779,4.927653,0.011107,0.001312,0.002132,calib
111.01600,8.210000,-0.190000,23.100000,-0.471667,-0.392441,4.938273,0.010615,0.001400,0.002142,calib
111.01600,8.220000,-0.170000,23.130000,-0.456585,-0.367895,4.938586,0.010620,0.001585,0.002142,calib
111.03200,8.240000,-0.060000,23.100000,-0.427238,-0.368829,4.918285,0.010443,0.001860,0.002138,calib
111.04700,8.280000,-0.040000,23.060000,-0.398573,-0.369509,4.897959,0.010599,0.002135,0.002131,calib
111.12500,8.270000,-0.080000,23.040000,-0.383687,-0.369889,4.856740,0.010428,0.002126,0.002117,calib
111.14100,8.310000,-0.080000,23.000000,-0.376931,-0.374040,4.877358,0.010564,0.002174,0.002017,calib
111.15700,8.370000,0.010000,22.930000,-0.377747,-0.399257,4.856696,0.010717,0.002365,0.002008,calib
111.15700,8.410000,-0.060000,22.870000,-0.364194,-0.424212,4.825610,0.010870,0.002263,0.001996,calib
111.17200,8.440000,-0.100000,22.810000,-0.372284,-0.444635,4.815124,0.011058,0.002122,0.002097,calib
111.23500,8.420000,-0.050000,22.760000,-0.357680,-0.445061,4.763622,0.011052,0.002208,0.002077,calib
111.25000,8.510000,-0.030000,22.770000,-0.351170,-0.457719,4.743021,0.011292,0.002348,0.002067,calib
111.26600,8.470000,-0.040000,22.690000,-0.344010,-0.470359,4.711997,0.011202,0.002295,0.002057,calib
111.28200,8.520000,-0.050000,22.600000,-0.344322,-0.470132,4.691267,0.011369,0.002198,0.002046,calib
111.28200,8.480000,-0.070000,22.590000,-0.343923,-0.470431,4.681011,0.011201,0.002292,0.002044,calib
111.34400,8.450000,-0.080000,22.700000,-0.351114,-0.457519,4.701586,0.011293,0.002154,0.002050,calib
111.36000,8.480000,-0.090000,22.640000,-0.358440,-0.470077,4.701526,0.011206,0.002203,0.002051,calib
111.37500,8.470000,-0.130000,22.630000,-0.365745,-0.473973,4.690969,0.011179,0.002063,0.001939,calib
111.39100,8.470000,-0.160000,22.580000,-0.387300,-0.469514,4.680583,0.011213,0.002020,0.002041,calib
111.40700,8.370000,-0.150000,22.660000,-0.415713,-0.443707,4.701007,0.011233,0.001744,0.002045,calib
111.46900,8.510000,-0.220000,22.640000,-0.418488,-0.501446,4.762756,0.011822,0.001755,0.002173,calib
111.48500,8.530000,-0.250000,22.600000,-0.426126,-0.513778,4.741965,0.011901,0.001708,0.002164,calib
111.50000,8.520000,-0.270000,22.600000,-0.440674,-0.513152,4.752033,0.011908,0.001427,0.002166,calib
111.50000,8.430000,-0.350000,22.680000,-0.461948,-0.508648,4.751929,0.011777,0.001290,0.002273,calib
111.51600,8.360000,-0.350000,22.660000,-0.476413,-0.499904,4.772396,0.011841,0.001203,0.002172,calib
111.57900,8.600000,-0.420000,22.470000,-0.487135,-0.586900,4.740953,0.012554,0.001255,0.002154,calib
111.61000,8.550000,-0.400000,22.470000,-0.501631,-0.577884,4.750972,0.012620,0.000975,0.002048,calib
111.61000,8.470000,-0.450000,22.600000,-0.508475,-0.573661,4.761340,0.012485,0.000929,0.002160,calib
111.62500,8.470000,-0.470000,22.620000,-0.515717,-0.569139,4.781964,0.012518,0.000790,0.002275,calib
111.64100,8.480000,-0.490000,22.590000,-0.522992,-0.573307,4.781855,0.012490,0.000841,0.002167,calib
111.70400,8.620000,-0.500000,22.420000,-0.502134,-0.594366,4.761325,0.012670,0.000880,0.002267,calib
111.71900,8.490000,-0.480000,22.500000,-0.501600,-0.569194,4.771705,0.012681,0.000785,0.002269,calib
111.71900,8.470000,-0.440000,22.590000,-0.507910,-0.548761,4.782167,0.012495,0.001026,0.002168,calib
111.73500,8.500000,-0.470000,22.650000,-0.500353,-0.544548,4.792559,0.012359,0.000880,0.002281,calib
111.75000,8.550000,-0.460000,22.600000,-0.493597,-0.548699,4.813177,0.012494,0.000929,0.002181,calib
111.81300,8.570000,-0.590000,22.490000,-0.524155,-0.580874,4.781686,0.012933,0.000557,0.002269,calib
111.82900,8.520000,-0.570000,22.500000,-0.537790,-0.564037,4.802374,0.012723,0.000465,0.002385,calib
111.84400,8.480000,-0.580000,22.580000,-0.537057,-0.555900,4.802351,0.012450,0.000464,0.002281,calib
111.86000,8.480000,-0.520000,22.570000,-0.537426,-0.555874,4.823055,0.012616,0.000562,0.002288,calib
111.86000,8.530000,-0.540000,22.510000,-0.530634,-0.568487,4.812736,0.012691,0.000607,0.002284,calib
111.95400,8.550000,-0.620000,22.490000,-0.589524,-0.591545,4.811804,0.012869,-0.000135,0.002277,calib
111.96900,8.550000,-0.650000,22.440000,-0.575094,-0.591827,4.822276,0.012865,-0.000044,0.002282,calib
111.98500,8.560000,-0.640000,22.460000,-0.560694,-0.591837,4.822299,0.012864,-0.000144,0.002283,calib
112.00000,8.560000,-0.600000,22.450000,-0.560576,-0.592181,4.801761,0.012860,0.000044,0.002275,calib
112.00000,8.550000,-0.640000,22.450000,-0.560576,-0.592181,4.801761,0.012860,0.000044,0.002275,calib
112.06300,8.550000,-0.720000,22.470000,-0.597332,-0.611923,4.811601,0.012893,-0.000371,0.002384,calib
112.07900,8.570000,-0.710000,22.410000,-0.597613,-0.611969,4.801319,0.013057,-0.000276,0.002378,calib
112.09400,8.560000,-0.710000,22.350000,-0.598127,-0.628478,4.780443,0.013107,-0.000373,0.002262,calib
112.09400,8.640000,-0.700000,22.320000,-0.591387,-0.649482,4.770172,0.013123,-0.000327,0.002366,calib
112.11000,8.640000,-0.740000,22.290000,-0.599025,-0.661813,4.749381,0.013203,-0.000374,0.002357,calib
112.17200,8.620000,-0.750000,22.320000,-0.621017,-0.673402,4.779927,0.013126,-0.000793,0.002368,calib
112.18800,8.650000,-0.780000,22.300000,-0.629358,-0.694143,4.769607,0.013477,-0.000647,0.002468,calib
112.20400,8.670000,-0.810000,22.260000,-0.629358,-0.694143,4.769607,0.013477,-0.000647,0.002468,calib
112.20400,8.650000,-0.780000,22.210000,-0.622597,-0.706484,4.748840,0.013554,-0.000794,0.002459,calib
112.21900,8.620000,-0.800000,22.230000,-0.629722,-0.702306,4.748925,0.013584,-0.000744,0.002566,calib
112.29700,8.670000,-0.820000,22.230000,-0.616240,-0.710336,4.779715,0.013858,-0.000839,0.002361,calib
112.31300,8.700000,-0.810000,22.240000,-0.623417,-0.714549,4.779849,0.013829,-0.000790,0.002576,calib
112.32900,8.640000,-0.840000,22.190000,-0.623396,-0.705887,4.769352,0.013890,-0.000982,0.002463,calib
112.32900,8.620000,-0.860000,22.340000,-0.629875,-0.693500,4.800402,0.013648,-0.000931,0.002478,calib
112.34400,8.560000,-0.840000,22.380000,-0.629392,-0.676719,4.810830,0.013601,-0.001026,0.002589,calib
112.40700,8.760000,-0.850000,22.210000,-0.617460,-0.718103,4.820981,0.014301,-0.000929,0.002480,calib
112.42200,8.670000,-0.890000,22.210000,-0.624564,-0.705263,4.810570,0.014391,-0.001071,0.002474,calib
112.43800,8.600000,-0.900000,22.320000,-0.630674,-0.692903,4.820915,0.013984,-0.001118,0.002481,calib
112.45400,8.530000,-0.870000,22.420000,-0.629775,-0.659568,4.851976,0.013887,-0.001116,0.002386,calib
112.46900,8.530000,-0.860000,22.450000,-0.622567,-0.646666,4.872575,0.013978,-0.001355,0.002393,calib
112.51600,8.710000,-0.850000,22.250000,-0.588408,-0.692996,4.821125,0.014474,-0.001130,0.002478,calib
112.53200,8.630000,-0.800000,22.290000,-0.595082,-0.680727,4.810906,0.014395,-0.000986,0.002474,calib
112.54700,8.580000,-0.780000,22.340000,-0.601540,-0.659678,4.831459,0.014213,-0.001126,0.002376,calib
112.56300,8.600000,-0.810000,22.410000,-0.586457,-0.635132,4.831771,0.014218,-0.000941,0.002376,calib
112.57900,8.580000,-0.760000,22.430000,-0.571975,-0.627023,4.842194,0.014273,-0.000849,0.002273,calib
112.64100,8.670000,-0.730000,22.290000,-0.542624,-0.636147,4.780508,0.014038,-0.000770,0.002361,calib
112.65700,8.620000,-0.750000,22.330000,-0.556090,-0.611265,4.780607,0.013884,-0.000672,0.002361,calib
112.67200,8.540000,-0.710000,22.450000,-0.548482,-0.598661,4.790950,0.013807,-0.000817,0.002366,calib
112.67200,8.550000,-0.700000,22.410000,-0.541524,-0.586076,4.811715,0.014060,-0.000770,0.002371,calib
112.68800,8.630000,-0.690000,22.410000,-0.534369,-0.590526,4.822077,0.014028,-0.000626,0.002269,calib
112.75000,8.640000,-0.610000,22.390000,-0.497644,-0.570511,4.801789,0.013997,-0.000402,0.002156,calib
112.76600,8.530000,-0.640000,22.520000,-0.496797,-0.545566,4.832899,0.013842,-0.000402,0.002169,calib
112.78200,8.550000,-0.610000,22.540000,-0.489158,-0.533234,4.853689,0.013763,-0.000354,0.002179,calib
112.79700,8.540000,-0.590000,22.550000,-0.474728,-0.533516,4.864161,0.013759,-0.000262,0.002184,calib
112.79700,8.600000,-0.580000,22.530000,-0.460760,-0.541917,4.853707,0.013864,-0.000266,0.001965,calib
112.86000,8.540000,-0.620000,22.530000,-0.482033,-0.537412,4.853604,0.013733,-0.000404,0.002072,calib
112.87500,8.500000,-0.620000,22.580000,-0.481550,-0.520631,4.864032,0.013686,-0.000500,0.002183,calib
112.89100,8.510000,-0.580000,22.550000,-0.474395,-0.525080,4.874394,0.013654,-0.000357,0.002081,calib
112.90700,8.570000,-0.600000,22.500000,-0.460277,-0.525135,4.864136,0.013817,-0.000362,0.002076,calib
112.92200,8.640000,-0.560000,22.460000,-0.453455,-0.538021,4.864264,0.013890,-0.000125,0.002077,calib
112.96900,8.540000,-0.570000,22.550000,-0.444426,-0.500915,4.833487,0.013488,-0.000182,0.002068,calib
112.98500,8.480000,-0.500000,22.570000,-0.437152,-0.496747,4.833596,0.013516,-0.000232,0.002175,calib
113.00000,8.560000,-0.500000,22.530000,-0.429597,-0.501495,4.833702,0.013316,0.000003,0.002071,calib
113.01600,8.590000,-0.500000,22.510000,-0.408323,-0.505999,4.833806,0.013447,0.000140,0.001964,calib
113.01600,8.610000,-0.460000,22.480000,-0.401931,-0.518314,4.833743,0.013690,0.000092,0.001962,calib
113.07900,8.500000,-0.600000,22.580000,-0.466099,-0.496111,4.843640,0.013525,-0.000413,0.002177,calib
113.09400,8.430000,-0.620000,22.630000,-0.487720,-0.482918,4.853745,0.013620,-0.000643,0.002177,calib
113.09400,8.480000,-0.630000,22.610000,-0.488290,-0.499627,4.874303,0.013669,-0.000544,0.002079,calib
113.11000,8.510000,-0.590000,22.560000,-0.481898,-0.511942,4.874240,0.013913,-0.000593,0.002077,calib
113.12500,8.640000,-0.590000,22.440000,-0.482802,-0.537087,4.884565,0.014067,-0.000400,0.002080,calib
113.17200,8.520000,-0.810000,22.520000,-0.592015,-0.571786,4.893671,0.014004,-0.001461,0.002399,calib
113.18800,8.500000,-0.870000,22.570000,-0.620681,-0.571106,4.913997,0.013849,-0.001737,0.002407,calib
113.20400,8.450000,-0.920000,22.560000,-0.650079,-0.578562,4.934346,0.013966,-0.002012,0.002519,calib
113.21900,8.550000,-0.950000,22.470000,-0.665895,-0.611245,4.934057,0.014235,-0.002197,0.002623,calib
113.23500,8.600000,-0.980000,22.420000,-0.674585,-0.648106,4.933681,0.014474,-0.002430,0.002621,calib
113.28200,8.530000,-1.290000,22.250000,-0.822963,-0.718913,4.921584,0.015485,-0.003619,0.002917,calib
113.29700,8.470000,-1.370000,22.300000,-0.866110,-0.726341,4.931487,0.015274,-0.003987,0.003028,calib
113.31300,8.520000,-1.420000,22.310000,-0.888665,-0.738021,4.941468,0.015526,-0.004216,0.003028,calib
113.31300,8.540000,-1.440000,22.250000,-0.904147,-0.762268,4.951412,0.015689,-0.004495,0.003029,calib
113.32900,8.620000,-1.450000,22.160000,-0.913067,-0.790784,4.940706,0.016152,-0.004633,0.002913,calib
113.37500,8.580000,-1.650000,22.090000,-0.980897,-0.842059,4.949851,0.016794,-0.005706,0.003119,calib
113.40700,8.520000,-1.680000,22.100000,-1.017000,-0.836974,4.949532,0.016835,-0.006030,0.003222,calib
113.40700,8.520000,-1.740000,22.120000,-1.046347,-0.836040,4.969833,0.017012,-0.006304,0.003226,calib
113.42200,8.480000,-1.790000,22.090000,-1.061228,-0.843850,4.969666,0.017124,-0.006489,0.003331,calib
113.43800,8.530000,-1.850000,21.980000,-1.069384,-0.855539,4.979671,0.017375,-0.006820,0.003331,calib
113.46900,8.540000,-1.910000,22.010000,-1.113817,-0.862000,5.051330,0.017669,-0.007465,0.003460,calib
113.48500,8.460000,-1.910000,22.090000,-1.128216,-0.861990,5.051307,0.017670,-0.007364,0.003460,calib
113.50000,8.470000,-1.960000,22.070000,-1.135607,-0.856853,5.082022,0.017709,-0.007886,0.003577,calib
113.51600,8.510000,-1.990000,22.080000,-1.150037,-0.856571,5.071551,0.017713,-0.007978,0.003572,calib
113.53200,8.500000,-2.000000,22.040000,-1.150437,-0.856272,5.081807,0.017881,-0.008071,0.003573,calib
113.57900,8.470000,-2.160000,22.000000,-1.209360,-0.861907,5.122099,0.018182,-0.009194,0.003687,calib
113.59400,8.420000,-2.170000,22.070000,-1.209478,-0.861563,5.142638,0.018186,-0.009383,0.003695,calib
113.61000,8.460000,-2.190000,22.100000,-1.216638,-0.848923,5.173662,0.018276,-0.009329,0.003706,calib
113.62500,8.450000,-2.200000,22.020000,-1.209631,-0.852757,5.194115,0.018250,-0.009568,0.003607,calib
113.62500,8.470000,-2.190000,22.070000,-1.210312,-0.852504,5.194089,0.018582,-0.009567,0.003603,calib
113.68800,8.410000,-2.100000,22.270000,-1.158380,-0.781940,5.287543,0.018577,-0.009624,0.003533,calib
113.70400,8.400000,-2.100000,22.250000,-1.143898,-0.773831,5.297966,0.018632,-0.009532,0.003430,calib
113.71900,8.410000,-2.080000,22.300000,-1.129468,-0.774113,5.308437,0.018629,-0.009440,0.003435,calib
113.71900,8.470000,-2.030000,22.210000,-1.108246,-0.787008,5.308589,0.018701,-0.009303,0.003437,calib
113.73500,8.510000,-1.990000,22.170000,-1.101403,-0.791231,5.298222,0.018835,-0.009258,0.003324,calib
113.78200,8.380000,-2.080000,22.320000,-1.108229,-0.761194,5.349764,0.018884,-0.009683,0.003449,calib
113.79700,8.390000,-2.070000,22.350000,-1.101103,-0.765371,5.349679,0.018854,-0.009731,0.003342,calib
113.81300,8.400000,-2.080000,22.340000,-1.087355,-0.765400,5.360124,0.019182,-0.009638,0.003344,calib
113.82900,8.520000,-2.020000,22.230000,-1.081046,-0.794794,5.339377,0.019305,-0.009497,0.003229,calib
113.84400,8.620000,-2.010000,22.130000,-1.067862,-0.819722,5.328994,0.019624,-0.009501,0.003222,calib
113.89100,8.500000,-2.200000,22.080000,-1.134573,-0.830393,5.297497,0.020384,-0.009910,0.003519,calib
113.90700,8.550000,-2.190000,22.110000,-1.135455,-0.846876,5.297325,0.020599,-0.009908,0.003409,calib
113.92200,8.560000,-2.140000,22.020000,-1.121389,-0.855321,5.287115,0.020703,-0.009914,0.003512,calib
113.93800,8.670000,-2.120000,22.000000,-1.107755,-0.872157,5.266427,0.020913,-0.009823,0.003396,calib
113.93800,8.650000,-2.100000,21.970000,-1.100876,-0.884842,5.225121,0.020987,-0.009782,0.003380,calib
114.00000,8.500000,-2.150000,22.000000,-1.128227,-0.850887,5.142358,0.020732,-0.010261,0.003560,calib
114.01600,8.520000,-2.150000,22.020000,-1.120619,-0.838283,5.152701,0.020654,-0.010406,0.003564,calib
114.01600,8.490000,-2.140000,22.030000,-1.120819,-0.830210,5.152818,0.020876,-0.010118,0.003455,calib
114.03200,8.600000,-2.100000,22.010000,-1.092302,-0.830275,5.142583,0.021037,-0.010224,0.003450,calib
114.04700,8.670000,-2.020000,21.970000,-1.056112,-0.835432,5.111914,0.020995,-0.009905,0.003334,calib
114.12500,8.460000,-1.830000,22.240000,-0.957729,-0.700316,5.134151,0.020442,-0.009320,0.003351,calib
114.14100,8.520000,-1.760000,22.170000,-0.936456,-0.704821,5.134254,0.020573,-0.009183,0.003244,calib
114.15700,8.560000,-1.770000,22.160000,-0.915095,-0.709397,5.103371,0.020703,-0.009050,0.003124,calib
114.17200,8.590000,-1.750000,22.090000,-0.900578,-0.709751,5.082856,0.020698,-0.008960,0.003117,calib
114.18800,8.600000,-1.730000,22.140000,-0.906970,-0.697436,5.082919,0.020454,-0.008911,0.003119,calib
114.25000,8.520000,-1.750000,22.230000,-0.920707,-0.663403,5.155034,0.020366,-0.009187,0.003039,calib
114.26600,8.550000,-1.730000,22.210000,-0.907123,-0.688630,5.134395,0.020518,-0.009097,0.003031,calib
114.28200,8.590000,-1.690000,22.170000,-0.907436,-0.688403,5.113665,0.020684,-0.009194,0.003021,calib
114.29700,8.580000,-1.750000,22.200000,-0.907553,-0.688059,5.134204,0.020688,-0.009383,0.003028,calib
114.31300,8.460000,-1.790000,22.240000,-0.928827,-0.683555,5.134101,0.020557,-0.009520,0.003135,calib
114.36000,8.560000,-1.810000,22.150000,-0.952259,-0.719907,5.102524,0.020966,-0.009943,0.003117,calib
114.37500,8.560000,-1.820000,22.110000,-0.945867,-0.732221,5.102461,0.021209,-0.009992,0.003115,calib
114.39100,8.570000,-1.810000,22.080000,-0.945867,-0.732221,5.102461,0.021209,-0.009992,0.003115,calib
114.40700,8.550000,-1.830000,22.140000,-0.960016,-0.731894,5.102272,0.021049,-0.010179,0.003115,calib
114.40700,8.530000,-1.830000,22.120000,-0.959584,-0.723504,5.112749,0.020943,-0.010275,0.003335,calib
114.46900,8.520000,-1.840000,22.190000,-0.975332,-0.730944,5.143300,0.021389,-0.010455,0.003126,calib
114.48500,8.510000,-1.890000,22.120000,-0.982487,-0.726494,5.132938,0.021421,-0.010599,0.003228,calib
114.50000,8.500000,-1.900000,22.140000,-0.996636,-0.726167,5.132749,0.021261,-0.010784,0.003228,calib
114.51600,8.440000,-1.920000,22.140000,-1.003458,-0.713282,5.132620,0.021187,-0.011022,0.003228,calib
114.51600,8.390000,-1.920000,22.210000,-1.017093,-0.696446,5.153307,0.020977,-0.011114,0.003344,calib
114.57900,8.460000,-1.900000,22.270000,-1.010253,-0.683517,5.194611,0.021233,-0.011254,0.003357,calib
114.59400,8.440000,-1.920000,22.260000,-1.017378,-0.679339,5.194697,0.021263,-0.011204,0.003464,calib
114.59400,8.460000,-1.940000,22.270000,-1.031926,-0.678714,5.204764,0.021270,-0.011485,0.003466,calib
114.61000,8.400000,-1.980000,22.280000,-1.052866,-0.665773,5.214894,0.021034,-0.011717,0.003471,calib
114.62500,8.240000,-2.070000,22.390000,-1.081278,-0.639967,5.235318,0.021054,-0.011993,0.003475,calib
114.67200,8.310000,-2.020000,22.420000,-1.096111,-0.622235,5.286775,0.021348,-0.012365,0.003597,calib
114.68800,8.320000,-2.000000,22.380000,-1.096111,-0.622235,5.286775,0.021348,-0.012365,0.003597,calib
114.70400,8.280000,-2.050000,22.400000,-1.096229,-0.621891,5.307313,0.021351,-0.012554,0.003605,calib
114.71900,8.260000,-2.080000,22.440000,-1.103302,-0.609323,5.307351,0.021440,-0.012504,0.003603,calib
114.73500,8.220000,-2.080000,22.470000,-1.117850,-0.608697,5.317418,0.021447,-0.012785,0.003606,calib
114.78200,8.290000,-2.070000,22.420000,-1.104385,-0.633580,5.317318,0.021602,-0.012885,0.003605,calib
114.79700,8.290000,-2.050000,22.380000,-1.104385,-0.633580,5.317318,0.021602,-0.012885,0.003605,calib
114.81300,8.250000,-2.060000,22.350000,-1.104415,-0.633308,5.306870,0.021604,-0.013076,0.003601,calib
114.81300,8.260000,-2.090000,22.400000,-1.103995,-0.624944,5.286117,0.021497,-0.013174,0.003485,calib
114.82900,8.210000,-2.090000,22.420000,-1.111120,-0.620766,5.286203,0.021527,-0.013124,0.003592,calib
114.89100,8.310000,-2.060000,22.300000,-1.091175,-0.658036,5.255053,0.021924,-0.013275,0.003577,calib
114.90700,8.280000,-2.040000,22.320000,-1.083849,-0.645477,5.255114,0.022011,-0.013325,0.003576,calib
114.90700,8.260000,-2.100000,22.330000,-1.090922,-0.632909,5.255151,0.022100,-0.013275,0.003574,calib
114.92200,8.220000,-2.090000,22.390000,-1.097432,-0.620251,5.275753,0.021860,-0.013416,0.003584,calib
114.93800,8.200000,-2.070000,22.460000,-1.090106,-0.607693,5.275813,0.021947,-0.013466,0.003583,calib
114.98500,8.290000,-1.960000,22.410000,-1.010726,-0.596498,5.327987,0.022017,-0.013056,0.003286,calib
115.00000,8.300000,-1.900000,22.510000,-1.010726,-0.596498,5.327987,0.022017,-0.013056,0.003286,calib
115.01600,8.230000,-1.920000,22.590000,-0.995362,-0.571906,5.338581,0.021857,-0.012966,0.003292,calib
115.01600,8.220000,-1.880000,22.610000,-0.994797,-0.547007,5.359409,0.021866,-0.012869,0.003300,calib
115.03200,8.160000,-1.890000,22.630000,-0.987189,-0.534403,5.369752,0.021789,-0.013015,0.003304,calib
115.07900,8.200000,-1.860000,22.640000,-0.966468,-0.529803,5.431588,0.022151,-0.013157,0.003111,calib
115.09400,8.220000,-1.890000,22.690000,-0.952038,-0.530085,5.442060,0.022148,-0.013065,0.003116,calib
115.11000,8.260000,-1.840000,22.640000,-0.937490,-0.530710,5.431992,0.022141,-0.012784,0.003114,calib
115.12500,8.240000,-1.810000,22.700000,-0.923126,-0.522258,5.462954,0.022199,-0.012881,0.003018,calib
115.12500,8.230000,-1.780000,22.660000,-0.915821,-0.518362,5.473511,0.022226,-0.012741,0.003130,calib
115.18800,8.200000,-1.810000,22.690000,-0.915800,-0.509700,5.463014,0.022286,-0.012932,0.003017,calib
115.20400,8.230000,-1.820000,22.700000,-0.915800,-0.509700,5.463014,0.022286,-0.012932,0.003017,calib
115.21900,8.200000,-1.810000,22.710000,-0.915317,-0.492918,5.473443,0.022239,-0.013029,0.003128,calib
115.21900,8.140000,-1.820000,22.770000,-0.915286,-0.493190,5.483891,0.022237,-0.012835,0.003133,calib
115.23500,8.230000,-1.790000,22.780000,-0.900887,-0.493200,5.483914,0.022236,-0.012937,0.003134,calib
115.28200,8.230000,-1.760000,22.700000,-0.900800,-0.493272,5.452928,0.022234,-0.012939,0.003121,calib
115.31300,8.130000,-1.840000,22.750000,-0.907904,-0.480432,5.442517,0.022325,-0.013081,0.003115,calib
115.31300,8.140000,-1.770000,22.760000,-0.914695,-0.467819,5.452836,0.022250,-0.013126,0.003119,calib
115.32900,8.130000,-1.800000,22.770000,-0.914695,-0.467819,5.452836,0.022250,-0.013126,0.003119,calib
115.34400,8.170000,-1.780000,22.790000,-0.899896,-0.468127,5.442603,0.022080,-0.013133,0.003117,calib
115.39100,8.130000,-1.700000,22.730000,-0.884358,-0.443679,5.391225,0.021918,-0.013049,0.003099,calib
115.40700,8.090000,-1.680000,22.790000,-0.891032,-0.431410,5.381005,0.021839,-0.012905,0.003095,calib
115.42200,8.090000,-1.730000,22.820000,-0.883424,-0.418806,5.391348,0.021761,-0.013051,0.003100,calib
115.43800,8.090000,-1.690000,22.820000,-0.883758,-0.427242,5.381114,0.021867,-0.012956,0.003202,calib
115.45400,8.110000,-1.680000,22.800000,-0.869477,-0.435869,5.391391,0.021805,-0.012863,0.002994,calib
115.50000,8.110000,-1.650000,22.730000,-0.854873,-0.436295,5.339889,0.021799,-0.012777,0.002974,calib
115.51600,8.060000,-1.670000,22.810000,-0.862028,-0.431845,5.329527,0.021831,-0.012920,0.003076,calib
115.53200,8.040000,-1.690000,22.820000,-0.868503,-0.427649,5.319190,0.021530,-0.013064,0.003182,calib
115.53200,8.070000,-1.740000,22.820000,-0.876177,-0.431518,5.329338,0.021670,-0.013107,0.003076,calib
115.54700,8.100000,-1.700000,22.770000,-0.876111,-0.440252,5.308848,0.021608,-0.012918,0.003177,calib
115.59400,8.160000,-1.750000,22.640000,-0.885678,-0.501786,5.266914,0.022004,-0.013346,0.003157,calib
115.61000,8.150000,-1.790000,22.630000,-0.900877,-0.501179,5.287404,0.022341,-0.013433,0.003160,calib
115.62500,8.080000,-1.820000,22.670000,-0.915307,-0.500897,5.276933,0.022344,-0.013525,0.003154,calib
115.64100,8.130000,-1.820000,22.620000,-0.937463,-0.512875,5.276657,0.022429,-0.013660,0.003152,calib
115.65700,8.190000,-1.900000,22.540000,-0.952827,-0.537467,5.266063,0.022589,-0.013750,0.003146,calib
115.70400,8.190000,-2.070000,22.410000,-1.026766,-0.551573,5.285816,0.023162,-0.014582,0.003356,calib
115.71900,8.100000,-2.050000,22.490000,-1.026734,-0.542883,5.306549,0.023224,-0.014772,0.003578,calib
115.73500,8.090000,-2.050000,22.460000,-1.026682,-0.534493,5.306500,0.023283,-0.014772,0.003469,calib
115.75000,8.170000,-2.050000,22.490000,-1.026769,-0.534421,5.337487,0.023284,-0.014769,0.003482,calib
115.75000,8.170000,-2.050000,22.490000,-1.012370,-0.534431,5.337510,0.023282,-0.014869,0.003482,calib
115.81300,8.050000,-1.900000,22.700000,-0.973669,-0.464481,5.389724,0.022778,-0.014737,0.003401,calib
115.81300,8.050000,-1.920000,22.710000,-0.973186,-0.447700,5.400153,0.022731,-0.014833,0.003513,calib
115.82900,8.050000,-1.980000,22.730000,-0.980578,-0.451524,5.420582,0.022706,-0.014971,0.003413,calib
115.84400,8.000000,-1.960000,22.730000,-0.980609,-0.451252,5.410134,0.022708,-0.015164,0.003408,calib
115.86000,8.040000,-2.000000,22.660000,-0.995060,-0.459632,5.410159,0.022650,-0.015064,0.003516,calib
115.90700,7.900000,-2.160000,22.700000,-1.066932,-0.432066,5.430042,0.022690,-0.016188,0.003838,calib
115.92200,7.870000,-2.140000,22.730000,-1.095879,-0.431430,5.440086,0.022699,-0.016368,0.003839,calib
115.93800,7.880000,-2.140000,22.730000,-1.110478,-0.439195,5.450202,0.022647,-0.016649,0.003950,calib
115.95400,7.910000,-2.200000,22.700000,-1.125759,-0.446707,5.460292,0.022927,-0.016928,0.004057,calib
115.95400,7.880000,-2.290000,22.700000,-1.147981,-0.449950,5.480507,0.023074,-0.017253,0.003954,calib
116.03200,7.740000,-2.450000,22.780000,-1.235626,-0.455105,5.582560,0.023219,-0.018455,0.004093,calib
116.03200,7.760000,-2.480000,22.760000,-1.243383,-0.467092,5.582308,0.023302,-0.018690,0.004091,calib
116.04700,7.800000,-2.480000,22.720000,-1.243834,-0.475184,5.592613,0.023411,-0.018786,0.004202,calib
116.06300,7.750000,-2.540000,22.730000,-1.266476,-0.486792,5.633581,0.023664,-0.019012,0.004214,calib
116.06300,7.750000,-2.610000,22.730000,-1.267476,-0.502930,5.653947,0.023883,-0.019199,0.004112,calib
116.12500,7.580000,-2.580000,22.880000,-1.310317,-0.467880,5.674185,0.023970,-0.019948,0.004328,calib
116.14100,7.570000,-2.560000,22.860000,-1.316710,-0.455566,5.674248,0.023727,-0.019900,0.004330,calib
116.15700,7.560000,-2.560000,22.870000,-1.309435,-0.451398,5.674357,0.023755,-0.019950,0.004437,calib
116.15700,7.620000,-2.590000,22.860000,-1.302258,-0.447185,5.674223,0.023784,-0.019999,0.004222,calib
116.17200,7.630000,-2.570000,22.870000,-1.294984,-0.443017,5.674332,0.023813,-0.020050,0.004329,calib
116.23500,7.570000,-2.520000,22.950000,-1.266220,-0.434574,5.705317,0.023870,-0.020247,0.004235,calib
116.23500,7.600000,-2.570000,22.910000,-1.266502,-0.434620,5.695035,0.024034,-0.020153,0.004229,calib
116.25000,7.590000,-2.530000,22.910000,-1.259377,-0.438797,5.694949,0.024004,-0.020202,0.004122,calib
116.26600,7.600000,-2.520000,22.910000,-1.259459,-0.446915,5.684550,0.023947,-0.020394,0.004226,calib
116.28200,7.610000,-2.570000,22.860000,-1.267015,-0.451129,5.674159,0.024084,-0.020248,0.004113,calib
116.32900,7.550000,-2.610000,22.940000,-1.288923,-0.445638,5.725389,0.024127,-0.020858,0.004237,calib
116.34400,7.570000,-2.570000,22.940000,-1.274524,-0.445647,5.725412,0.024126,-0.020958,0.004238,calib
116.36000,7.610000,-2.570000,22.910000,-1.260375,-0.445974,5.725601,0.024287,-0.020771,0.004237,calib
116.37500,7.610000,-2.490000,22.950000,-1.253932,-0.449899,5.725490,0.024589,-0.020819,0.004127,calib
116.37500,7.650000,-2.500000,22.930000,-1.239532,-0.449908,5.725513,0.024587,-0.020920,0.004127,calib
116.43800,7.560000,-2.530000,23.030000,-1.245841,-0.420514,5.746261,0.024465,-0.021062,0.004243,calib
116.45400,7.600000,-2.520000,23.010000,-1.253197,-0.432800,5.735753,0.024379,-0.021204,0.004239,calib
116.46900,7.560000,-2.560000,22.960000,-1.246805,-0.445115,5.735690,0.024623,-0.021251,0.004237,calib
116.46900,7.610000,-2.520000,22.910000,-1.254444,-0.457446,5.714899,0.024702,-0.021298,0.004228,calib
116.48500,7.610000,-2.630000,22.890000,-1.262200,-0.469434,5.714647,0.024785,-0.021534,0.004226,calib
116.53200,7.520000,-2.710000,22.910000,-1.321058,-0.483803,5.734450,0.025024,-0.022467,0.004441,calib
116.54700,7.510000,-2.700000,22.900000,-1.328732,-0.487672,5.744597,0.025164,-0.022510,0.004335,calib
116.56300,7.580000,-2.740000,22.880000,-1.328762,-0.487400,5.734149,0.025166,-0.022703,0.004331,calib
116.56300,7.590000,-2.730000,22.870000,-1.336422,-0.508394,5.723855,0.025184,-0.022557,0.004434,calib
116.57900,7.590000,-2.750000,22.820000,-1.330060,-0.520437,5.713344,0.025430,-0.022798,0.004428,calib
116.62500,7.590000,-2.780000,22.840000,-1.344858,-0.511167,5.733863,0.025663,-0.023175,0.004646,calib
116.64100,7.510000,-2.780000,22.940000,-1.351368,-0.498509,5.754464,0.025423,-0.023315,0.004655,calib
116.65700,7.520000,-2.730000,22.970000,-1.343760,-0.485905,5.764807,0.025346,-0.023460,0.004660,calib
116.67200,7.520000,-2.750000,22.940000,-1.329591,-0.477570,5.754500,0.025568,-0.023466,0.004546,calib
116.68800,7.570000,-2.700000,22.920000,-1.322886,-0.490111,5.775167,0.025645,-0.023417,0.004555,calib
116.73500,7.650000,-2.790000,22.870000,-1.310768,-0.522443,5.805641,0.026245,-0.023796,0.004346,calib
116.75000,7.650000,-2.810000,22.900000,-1.333097,-0.525316,5.877625,0.026395,-0.024307,0.004586,calib
116.75000,7.620000,-2.970000,22.940000,-1.348044,-0.524392,5.897949,0.026570,-0.024682,0.004590,calib
116.76600,7.590000,-2.960000,22.930000,-1.363012,-0.532130,5.928769,0.026684,-0.024865,0.004707,calib
116.78200,7.640000,-2.970000,22.910000,-1.370834,-0.535384,5.949007,0.026829,-0.025289,0.004605,calib
116.82900,7.580000,-3.090000,23.060000,-1.425002,-0.510117,6.226874,0.028345,-0.026626,0.004906,calib
116.84400,7.570000,-3.110000,23.210000,-1.432397,-0.496790,6.298975,0.028442,-0.026951,0.004932,calib
116.86000,7.570000,-3.200000,23.240000,-1.447519,-0.495722,6.381272,0.028620,-0.027320,0.004961,calib
116.87500,7.540000,-3.240000,23.250000,-1.441766,-0.498860,6.473928,0.029096,-0.027644,0.004885,calib
116.87500,7.620000,-3.230000,23.280000,-1.435895,-0.502342,6.546047,0.029569,-0.027780,0.004802,calib
116.93800,7.600000,-3.380000,23.250000,-1.498012,-0.531141,6.730457,0.030870,-0.029361,0.004962,calib
116.95400,7.490000,-3.460000,23.330000,-1.519750,-0.517604,6.761101,0.030970,-0.029781,0.004970,calib
116.95400,7.430000,-3.500000,23.370000,-1.527111,-0.512738,6.802264,0.031006,-0.030109,0.005092,calib
116.96900,7.500000,-3.480000,23.400000,-1.519872,-0.500108,6.833311,0.031095,-0.030158,0.005103,calib
116.98500,7.510000,-3.440000,23.400000,-1.505841,-0.500091,6.854039,0.031259,-0.030159,0.005110,calib
117.06300,7.610000,-3.600000,23.200000,-1.533202,-0.617923,6.842053,0.032422,-0.031336,0.004877,calib
117.07900,7.690000,-3.780000,22.970000,-1.563544,-0.641318,6.841334,0.032759,-0.031994,0.004871,calib
117.09400,7.660000,-3.800000,23.000000,-1.586064,-0.661459,6.820377,0.032951,-0.032226,0.004966,calib
117.09400,7.630000,-3.820000,22.930000,-1.600525,-0.660906,6.799458,0.032957,-0.032509,0.004956,calib
117.11000,7.650000,-3.780000,22.960000,-1.608281,-0.672893,6.799206,0.033039,-0.032745,0.004955,calib
117.15700,7.640000,-3.760000,23.060000,-1.578229,-0.631648,6.778983,0.032994,-0.032759,0.005054,calib
117.17200,7.600000,-3.740000,23.090000,-1.563829,-0.631657,6.779007,0.032992,-0.032861,0.005055,calib
117.18800,7.620000,-3.680000,23.040000,-1.563430,-0.631956,6.768750,0.032824,-0.032766,0.005053,calib
117.18800,7.650000,-3.690000,23.060000,-1.542638,-0.644280,6.768711,0.033066,-0.032916,0.005051,calib
117.20400,7.680000,-3.700000,22.980000,-1.542521,-0.644624,6.748172,0.033063,-0.032726,0.005044,calib
117.25000,7.570000,-3.750000,23.020000,-1.550256,-0.647949,6.737424,0.033207,-0.033153,0.004929,calib
117.26600,7.600000,-3.790000,23.020000,-1.564715,-0.638434,6.726790,0.033276,-0.033820,0.005136,calib
117.28200,7.600000,-3.810000,23.010000,-1.564663,-0.630044,6.726742,0.033335,-0.033819,0.005027,calib
117.29700,7.570000,-3.760000,23.030000,-1.550515,-0.630371,6.726931,0.033496,-0.033632,0.005027,calib
117.29700,7.600000,-3.730000,23.030000,-1.536397,-0.630426,6.716672,0.033659,-0.033638,0.005021,calib
117.34400,7.660000,-3.640000,23.060000,-1.471356,-0.627212,6.686002,0.033673,-0.033518,0.004798,calib
117.36000,7.650000,-3.650000,23.080000,-1.463682,-0.623342,6.675855,0.033533,-0.033475,0.004903,calib
117.37500,7.640000,-3.580000,23.100000,-1.449231,-0.614962,6.675829,0.033590,-0.033576,0.004795,calib
117.39100,7.660000,-3.640000,23.100000,-1.441839,-0.611138,6.655400,0.033615,-0.033438,0.004895,calib
117.40700,7.650000,-3.580000,23.110000,-1.433714,-0.599176,6.634947,0.033367,-0.033299,0.004890,calib
117.46900,7.630000,-3.410000,23.210000,-1.359044,-0.542419,6.563390,0.032927,-0.033143,0.004761,calib
117.48500,7.620000,-3.410000,23.210000,-1.358593,-0.534327,6.553085,0.032818,-0.033049,0.004651,calib
117.50000,7.610000,-3.320000,23.160000,-1.350919,-0.530458,6.542938,0.032679,-0.033007,0.004756,calib
117.51600,7.640000,-3.370000,23.210000,-1.344076,-0.534680,6.532570,0.032813,-0.032960,0.004644,calib
117.51600,7.660000,-3.350000,23.180000,-1.336801,-0.530513,6.532679,0.032842,-0.033011,0.004751,calib
117.57900,7.650000,-3.380000,23.250000,-1.338067,-0.545691,6.583675,0.033069,-0.033770,0.004660,calib
117.59400,7.640000,-3.380000,23.240000,-1.338748,-0.545438,6.583649,0.033402,-0.033767,0.004656,calib
117.61000,7.660000,-3.400000,23.210000,-1.353230,-0.553547,6.573227,0.033346,-0.033860,0.004759,calib
117.62500,7.680000,-3.430000,23.190000,-1.353660,-0.552976,6.573035,0.033516,-0.034145,0.004756,calib
117.62500,7.640000,-3.430000,23.140000,-1.375215,-0.548517,6.562650,0.033550,-0.034188,0.004858,calib
117.68800,7.610000,-3.340000,23.220000,-1.352469,-0.511167,6.531870,0.033478,-0.034343,0.004845,calib
117.70400,7.670000,-3.290000,23.290000,-1.330796,-0.515970,6.521717,0.033441,-0.034112,0.004736,calib
117.71900,7.670000,-3.300000,23.280000,-1.323070,-0.503711,6.511522,0.033360,-0.034069,0.004733,calib
117.73500,7.630000,-3.300000,23.300000,-1.322218,-0.486956,6.501246,0.033148,-0.034263,0.004838,calib
117.75000,7.470000,-3.280000,23.370000,-1.328440,-0.457633,6.491007,0.033023,-0.034408,0.004940,calib
117.79700,7.580000,-3.150000,23.390000,-1.277316,-0.437628,6.470742,0.032991,-0.034284,0.004828,calib
117.82900,7.590000,-3.180000,23.370000,-1.277316,-0.437628,6.470742,0.032991,-0.034284,0.004828,calib
117.84400,7.620000,-3.180000,23.380000,-1.277316,-0.437628,6.470742,0.032991,-0.034284,0.004828,calib
117.84400,7.550000,-3.180000,23.400000,-1.284472,-0.433179,6.460380,0.033023,-0.034426,0.004930,calib
117.86000,7.520000,-3.240000,23.410000,-1.291294,-0.420293,6.460251,0.032950,-0.034663,0.004929,calib
117.92200,7.500000,-3.150000,23.410000,-1.284116,-0.407119,6.470402,0.033043,-0.035096,0.004931,calib
117.93800,7.500000,-3.150000,23.480000,-1.284116,-0.407119,6.470402,0.033043,-0.035096,0.004931,calib
117.95400,7.400000,-3.150000,23.480000,-1.283264,-0.390365,6.460126,0.032830,-0.035290,0.005035,calib
117.95400,7.360000,-3.150000,23.530000,-1.289173,-0.361269,6.470618,0.032539,-0.035336,0.005148,calib
117.96900,7.310000,-3.130000,23.610000,-1.295846,-0.340038,6.470684,0.032524,-0.035575,0.005361,calib
118.03200,7.490000,-3.090000,23.520000,-1.254782,-0.381967,6.480829,0.033051,-0.035391,0.004934,calib
118.04700,7.470000,-3.090000,23.520000,-1.255264,-0.389787,6.480686,0.033162,-0.035678,0.005040,calib
118.06300,7.410000,-3.110000,23.520000,-1.269694,-0.389505,6.470215,0.033166,-0.035769,0.005035,calib
118.06300,7.410000,-3.130000,23.470000,-1.283842,-0.389178,6.470026,0.033005,-0.035956,0.005035,calib
118.07900,7.350000,-3.150000,23.530000,-1.305797,-0.384420,6.469897,0.033207,-0.036092,0.005138,calib
118.15700,7.490000,-3.110000,23.420000,-1.286032,-0.429763,6.428105,0.033547,-0.036435,0.004905,calib
118.17200,7.450000,-3.130000,23.410000,-1.286032,-0.429763,6.428105,0.033547,-0.036435,0.004905,calib
118.17200,7.470000,-3.160000,23.500000,-1.285831,-0.413027,6.428251,0.033664,-0.036435,0.005010,calib
118.18800,7.420000,-3.110000,23.540000,-1.285348,-0.396246,6.438679,0.033617,-0.036531,0.005121,calib
118.20400,7.410000,-3.120000,23.500000,-1.285348,-0.396246,6.438679,0.033617,-0.036531,0.005121,calib
118.26600,7.540000,-3.000000,23.500000,-1.243380,-0.413030,6.438500,0.033991,-0.036540,0.004691,calib
118.28200,7.520000,-3.020000,23.470000,-1.214463,-0.413393,6.418008,0.033984,-0.036553,0.004684,calib
118.29700,7.520000,-2.990000,23.540000,-1.214262,-0.396657,6.418154,0.034101,-0.036553,0.004789,calib
118.31300,7.460000,-3.030000,23.610000,-1.220655,-0.384342,6.418217,0.033858,-0.036504,0.004792,calib
118.31300,7.400000,-3.050000,23.620000,-1.213098,-0.380129,6.428608,0.033722,-0.036650,0.004904,calib
118.37500,7.440000,-3.000000,23.580000,-1.212760,-0.379884,6.397456,0.033558,-0.036941,0.004893,calib
118.39100,7.450000,-3.000000,23.600000,-1.212559,-0.363148,6.397602,0.033675,-0.036942,0.004998,calib
118.40700,7.410000,-2.980000,23.650000,-1.219351,-0.350535,6.407922,0.033600,-0.036987,0.005002,calib
118.42200,7.410000,-2.950000,23.660000,-1.204951,-0.350544,6.407945,0.033598,-0.037087,0.005003,calib
118.42200,7.450000,-2.910000,23.680000,-1.198077,-0.355039,6.408025,0.033730,-0.036850,0.004895,calib
118.48500,7.450000,-2.890000,23.640000,-1.176234,-0.342835,6.387570,0.033813,-0.036811,0.004887,calib
118.50000,7.430000,-2.860000,23.660000,-1.175982,-0.342517,6.387405,0.033650,-0.037100,0.004888,calib
118.51600,7.440000,-2.910000,23.630000,-1.175982,-0.342517,6.387405,0.033650,-0.037100,0.004888,calib
118.53200,7.410000,-2.860000,23.680000,-1.176013,-0.342245,6.376957,0.033653,-0.037291,0.004883,calib
118.53200,7.390000,-2.890000,23.670000,-1.183138,-0.338068,6.377043,0.033682,-0.037241,0.004990,calib
118.57900,7.420000,-2.880000,23.670000,-1.190221,-0.316565,6.356135,0.033834,-0.037575,0.004870,calib
118.59400,7.340000,-2.870000,23.700000,-1.182265,-0.312651,6.356270,0.033530,-0.037628,0.004981,calib
118.61000,7.340000,-2.850000,23.750000,-1.181695,-0.295941,6.335712,0.033482,-0.037726,0.005080,calib
118.62500,7.370000,-2.820000,23.730000,-1.166814,-0.288131,6.335878,0.033369,-0.037540,0.004975,calib
118.62500,7.310000,-2.810000,23.760000,-1.159088,-0.275871,6.325682,0.033289,-0.037497,0.004972,calib
118.68800,7.430000,-2.660000,23.810000,-1.086830,-0.268689,6.336556,0.033330,-0.037233,0.004873,calib
118.70400,7.380000,-2.680000,23.850000,-1.078822,-0.256384,6.336642,0.033085,-0.037285,0.004876,calib
118.70400,7.360000,-2.620000,23.840000,-1.078222,-0.239947,6.326532,0.033034,-0.037192,0.004979,calib
118.71900,7.340000,-2.650000,23.890000,-1.069815,-0.227941,6.316362,0.032621,-0.037150,0.004980,calib
118.73500,7.310000,-2.600000,23.880000,-1.069763,-0.219550,6.316313,0.032680,-0.037149,0.004872,calib
118.78200,7.370000,-2.520000,23.850000,-1.026847,-0.228586,6.295816,0.032776,-0.036973,0.004651,calib
118.79700,7.400000,-2.550000,23.900000,-1.027247,-0.228287,6.306072,0.032944,-0.037066,0.004653,calib
118.81300,7.370000,-2.530000,23.890000,-1.027247,-0.228287,6.306072,0.032944,-0.037066,0.004653,calib
118.82900,7.360000,-2.550000,23.920000,-1.034038,-0.215674,6.316391,0.032868,-0.037112,0.004657,calib
118.82900,7.320000,-2.560000,23.980000,-1.041194,-0.211225,6.306029,0.032900,-0.037254,0.004758,calib
118.89100,7.410000,-2.510000,23.890000,-1.028247,-0.244426,6.326439,0.033163,-0.037253,0.004551,calib
118.90700,7.380000,-2.560000,23.930000,-1.028277,-0.244154,6.315991,0.033165,-0.037445,0.004546,calib
118.92200,7.420000,-2.530000,23.950000,-1.028277,-0.244154,6.315991,0.033165,-0.037445,0.004546,calib
118.93800,7.370000,-2.550000,23.950000,-1.035120,-0.239931,6.326359,0.033030,-0.037491,0.004659,calib
118.95400,7.320000,-2.550000,23.950000,-1.034602,-0.231612,6.305849,0.032923,-0.037591,0.004866,calib
119.01600,7.440000,-2.530000,23.900000,-1.007485,-0.256478,6.315951,0.033407,-0.037595,0.004545,calib
119.03200,7.380000,-2.500000,23.940000,-1.021951,-0.247734,6.336418,0.033470,-0.037684,0.004443,calib
119.04700,7.380000,-2.550000,23.930000,-1.028675,-0.234894,6.336533,0.033396,-0.037922,0.004765,calib
119.04700,7.340000,-2.520000,23.990000,-1.035467,-0.222281,6.346852,0.033321,-0.037968,0.004769,calib
119.06300,7.320000,-2.540000,23.960000,-1.035467,-0.222281,6.346852,0.033321,-0.037968,0.004769,calib
119.14100,7.330000,-2.490000,24.010000,-1.020898,-0.214244,6.326288,0.033375,-0.037878,0.004653,calib
119.15700,7.280000,-2.500000,24.100000,-1.027259,-0.193240,6.347085,0.033193,-0.038020,0.004877,calib
119.17200,7.210000,-2.430000,24.100000,-1.019251,-0.180935,6.347171,0.032948,-0.038072,0.004880,calib
119.18800,7.300000,-2.460000,24.110000,-1.019169,-0.172817,6.357570,0.033005,-0.037879,0.004776,calib
119.20400,7.320000,-2.450000,24.070000,-1.005103,-0.181262,6.347360,0.033109,-0.037885,0.004879,calib
119.26600,7.260000,-2.400000,24.120000,-0.997044,-0.160566,6.347398,0.032922,-0.037936,0.004773,calib
119.28200,7.250000,-2.360000,24.170000,-0.989487,-0.156353,6.357789,0.032786,-0.038082,0.004886,calib
119.29700,7.250000,-2.380000,24.170000,-0.989718,-0.148008,6.347458,0.033010,-0.037986,0.004772,calib
119.31300,7.340000,-2.310000,24.160000,-0.968496,-0.160903,6.347610,0.033082,-0.037850,0.004773,calib
119.31300,7.400000,-2.320000,24.140000,-0.954128,-0.169602,6.326900,0.033018,-0.037760,0.004553,calib
119.39100,7.280000,-2.430000,24.170000,-0.989917,-0.155783,6.357598,0.032956,-0.038368,0.004883,calib
119.40700,7.250000,-2.390000,24.200000,-0.989835,-0.147664,6.367997,0.033013,-0.038176,0.004780,calib
119.42200,7.280000,-2.340000,24.220000,-0.968362,-0.160242,6.367984,0.032923,-0.038326,0.004782,calib
119.43800,7.350000,-2.300000,24.190000,-0.947371,-0.164792,6.357805,0.033218,-0.038093,0.004669,calib
119.43800,7.400000,-2.250000,24.190000,-0.932972,-0.173763,6.347542,0.033153,-0.037811,0.004453,calib
119.48500,7.200000,-2.250000,24.290000,-0.937516,-0.111403,6.368634,0.032600,-0.037956,0.004787,calib
119.50000,7.180000,-2.260000,24.340000,-0.937516,-0.111403,6.368634,0.032600,-0.037956,0.004787,calib
119.51600,7.170000,-2.260000,24.300000,-0.937516,-0.111403,6.368634,0.032600,-0.037956,0.004787,calib
119.53200,7.260000,-2.250000,24.310000,-0.923420,-0.120121,6.368872,0.032702,-0.037770,0.004895,calib
119.54700,7.320000,-2.190000,24.240000,-0.909451,-0.128521,6.358418,0.032806,-0.037774,0.004676,calib
119.59400,7.240000,-2.200000,24.300000,-0.902296,-0.132971,6.368781,0.032774,-0.037631,0.004574,calib
119.61000,7.190000,-2.200000,24.340000,-0.901843,-0.115918,6.368761,0.032729,-0.037920,0.004680,calib
119.62500,7.200000,-2.180000,24.370000,-0.908569,-0.112039,6.358590,0.032591,-0.037776,0.004785,calib
119.62500,7.260000,-2.140000,24.310000,-0.901813,-0.116190,6.379209,0.032727,-0.037727,0.004685,calib
119.64100,7.350000,-2.160000,24.310000,-0.895021,-0.128803,6.368890,0.032802,-0.037683,0.004681,calib
119.70400,7.310000,-2.140000,24.300000,-0.880740,-0.137430,6.379166,0.032740,-0.037589,0.004473,calib
119.70400,7.300000,-2.160000,24.340000,-0.880771,-0.137158,6.368718,0.032743,-0.037781,0.004468,calib
119.71900,7.270000,-2.150000,24.330000,-0.880823,-0.145548,6.368767,0.032684,-0.037782,0.004576,calib
119.73500,7.330000,-2.160000,24.320000,-0.888097,-0.149716,6.368658,0.032655,-0.037732,0.004469,calib
119.75000,7.370000,-2.160000,24.290000,-0.896135,-0.161749,6.358124,0.032902,-0.037871,0.004462,calib
119.79700,7.310000,-2.160000,24.360000,-0.903378,-0.157228,6.378748,0.032936,-0.038011,0.004576,calib
119.81300,7.340000,-2.200000,24.300000,-0.896534,-0.161451,6.368380,0.033070,-0.037965,0.004464,calib
119.82900,7.430000,-2.150000,24.280000,-0.890112,-0.174037,6.378765,0.033312,-0.037822,0.004466,calib
119.84400,7.400000,-2.180000,24.260000,-0.890625,-0.190546,6.357889,0.033361,-0.037919,0.004350,calib
119.84400,7.450000,-2.170000,24.250000,-0.897899,-0.194714,6.357780,0.033333,-0.037867,0.004243,calib
119.90700,7.340000,-2.210000,24.310000,-0.919690,-0.189567,6.388471,0.033373,-0.038287,0.004360,calib
119.92200,7.330000,-2.240000,24.310000,-0.912697,-0.185445,6.378298,0.033566,-0.038243,0.004461,calib
119.93800,7.370000,-2.180000,24.290000,-0.898816,-0.193773,6.398831,0.033672,-0.038245,0.004255,calib
119.93800,7.470000,-2.150000,24.260000,-0.892024,-0.206387,6.388512,0.033747,-0.038199,0.004251,calib
119.95400,7.480000,-2.180000,24.230000,-0.899299,-0.210554,6.388403,0.033719,-0.038148,0.004143,calib
120.03200,7.380000,-2.180000,24.320000,-0.913246,-0.193492,6.388360,0.033675,-0.038336,0.004249,calib
120.04700,7.490000,-2.170000,24.250000,-0.913215,-0.193764,6.398808,0.033673,-0.038143,0.004254,calib
120.06300,7.500000,-2.190000,24.220000,-0.899299,-0.210554,6.388403,0.033719,-0.038148,0.004143,calib
120.06300,7.490000,-2.200000,24.220000,-0.906454,-0.206105,6.378040,0.033751,-0.038290,0.004245,calib
120.07900,7.460000,-2.220000,24.230000,-0.913610,-0.201655,6.367678,0.033783,-0.038433,0.004347,calib
120.15700,7.400000,-2.160000,24.260000,-0.920120,-0.188997,6.388280,0.033543,-0.038573,0.004357,calib
120.15700,7.440000,-2.220000,24.240000,-0.913610,-0.201655,6.367678,0.033783,-0.038433,0.004347,calib
120.17200,7.420000,-2.210000,24.230000,-0.906485,-0.205833,6.367593,0.033753,-0.038483,0.004241,calib
120.18800,7.440000,-2.160000,24.260000,-0.913211,-0.201954,6.357422,0.033615,-0.038339,0.004345,calib
120.20400,7.380000,-2.160000,24.260000,-0.927158,-0.184891,6.357379,0.033572,-0.038527,0.004451,calib
120.26600,7.460000,-2.150000,24.260000,-0.905086,-0.189993,6.336969,0.033367,-0.038203,0.004340,calib
120.26600,7.440000,-2.160000,24.230000,-0.897781,-0.186097,6.347526,0.033393,-0.038060,0.004452,calib
120.28200,7.440000,-2.140000,24.220000,-0.897330,-0.178005,6.337221,0.033284,-0.037967,0.004342,calib
120.29700,7.350000,-2.150000,24.260000,-0.890086,-0.173565,6.326883,0.033315,-0.038210,0.004444,calib
120.31300,7.330000,-2.110000,24.290000,-0.896478,-0.161250,6.326946,0.033071,-0.038160,0.004446,calib
120.36000,7.450000,-2.130000,24.260000,-0.882330,-0.161577,6.327135,0.033232,-0.037975,0.004446,calib
120.37500,7.370000,-2.110000,24.260000,-0.889604,-0.165745,6.327025,0.033203,-0.037923,0.004339,calib
120.39100,7.430000,-2.130000,24.250000,-0.882843,-0.178087,6.306258,0.033281,-0.038071,0.004330,calib
120.40700,7.380000,-2.110000,24.280000,-0.897242,-0.178077,6.306235,0.033283,-0.037969,0.004329,calib
120.42200,7.340000,-2.150000,24.270000,-0.904116,-0.173582,6.306155,0.033150,-0.038207,0.004437,calib
120.45400,7.230000,-2.240000,24.300000,-0.947124,-0.163730,6.295309,0.033061,-0.038960,0.004644,calib
120.46900,7.290000,-2.210000,24.240000,-0.947124,-0.163730,6.295309,0.033061,-0.038960,0.004644,calib
120.48500,7.330000,-2.240000,24.220000,-0.954398,-0.167898,6.295200,0.033032,-0.038909,0.004536,calib
120.50000,7.310000,-2.250000,24.220000,-0.969279,-0.175708,6.295033,0.033145,-0.039095,0.004641,calib
120.51600,7.240000,-2.290000,24.200000,-0.990553,-0.171204,6.294930,0.033014,-0.039233,0.004749,calib
120.54700,7.150000,-2.370000,24.200000,-1.048012,-0.169733,6.284109,0.032867,-0.039886,0.005063,calib
120.56300,7.240000,-2.400000,24.200000,-1.055737,-0.181992,6.294305,0.032948,-0.039929,0.005066,calib
120.59400,7.240000,-2.420000,24.140000,-1.070768,-0.198148,6.293944,0.033002,-0.040114,0.004957,calib
120.59400,7.250000,-2.450000,24.120000,-1.078806,-0.210181,6.283410,0.033249,-0.040254,0.004950,calib
120.61000,7.210000,-2.490000,24.120000,-1.100762,-0.230232,6.283017,0.033112,-0.040677,0.005057,calib
120.65700,7.260000,-2.790000,23.880000,-1.220310,-0.301331,6.281415,0.034118,-0.041875,0.005360,calib
120.67200,7.230000,-2.830000,23.860000,-1.243466,-0.329447,6.301506,0.034421,-0.042197,0.005256,calib
120.68800,7.280000,-2.910000,23.800000,-1.258695,-0.328568,6.311547,0.034760,-0.042478,0.005254,calib
120.70400,7.270000,-2.940000,23.800000,-1.274294,-0.352472,6.342030,0.034927,-0.042945,0.005264,calib
120.70400,7.320000,-2.950000,23.750000,-1.306308,-0.400687,6.382597,0.035752,-0.043404,0.005269,calib
120.76600,7.510000,-3.410000,23.330000,-1.424241,-0.539395,6.472414,0.038272,-0.045777,0.005054,calib
120.78200,7.500000,-3.450000,23.280000,-1.454438,-0.546255,6.513276,0.038725,-0.046240,0.005170,calib
120.79700,7.450000,-3.520000,23.290000,-1.491293,-0.539839,6.584830,0.038944,-0.047224,0.005299,calib
120.79700,7.280000,-3.620000,23.400000,-1.520961,-0.529185,6.687480,0.039192,-0.048257,0.005547,calib
120.81300,7.200000,-3.750000,23.530000,-1.537194,-0.527293,6.769560,0.039872,-0.048909,0.005569,calib
120.87500,7.350000,-3.720000,23.550000,-1.528263,-0.530889,7.016055,0.041840,-0.050695,0.005427,calib
120.89100,7.310000,-3.710000,23.580000,-1.542897,-0.521230,7.067395,0.041912,-0.051355,0.005658,calib
120.89100,7.180000,-3.830000,23.610000,-1.586079,-0.511235,7.118522,0.041825,-0.052102,0.005890,calib
120.90700,7.120000,-3.890000,23.600000,-1.622469,-0.513853,7.159330,0.041814,-0.052804,0.006117,calib
120.92200,7.070000,-3.940000,23.640000,-1.659509,-0.516489,7.210560,0.042133,-0.053312,0.006345,calib
120.96900,7.240000,-4.080000,23.520000,-1.694078,-0.578171,7.301548,0.043695,-0.055386,0.006251,calib
120.98500,7.130000,-4.110000,23.570000,-1.715869,-0.573024,7.332240,0.043735,-0.055806,0.006368,calib
121.00000,7.150000,-4.110000,23.560000,-1.723142,-0.568230,7.342416,0.043771,-0.056139,0.006478,calib
121.01600,7.100000,-4.130000,23.580000,-1.744881,-0.554693,7.373059,0.043870,-0.056557,0.006486,calib
121.01600,7.080000,-4.140000,23.590000,-1.752887,-0.558037,7.383259,0.044179,-0.056888,0.006700,calib
121.07900,7.130000,-4.190000,23.510000,-1.763200,-0.592453,7.423143,0.044935,-0.058357,0.006382,calib
121.09400,7.100000,-4.250000,23.550000,-1.771124,-0.587678,7.443741,0.045301,-0.058495,0.006492,calib
121.09400,7.120000,-4.240000,23.510000,-1.771703,-0.595453,7.443355,0.045412,-0.058779,0.006276,calib
121.11000,7.100000,-4.280000,23.540000,-1.772185,-0.603272,7.443212,0.045524,-0.059066,0.006381,calib
121.12500,7.160000,-4.290000,23.540000,-1.766171,-0.606626,7.442909,0.045996,-0.059400,0.006268,calib
121.17200,7.120000,-4.250000,23.570000,-1.759904,-0.600701,7.452727,0.046370,-0.060404,0.006372,calib
121.18800,7.140000,-4.250000,23.580000,-1.759904,-0.600701,7.452727,0.046370,-0.060404,0.006372,calib
121.20400,7.170000,-4.250000,23.550000,-1.760334,-0.600130,7.452535,0.046540,-0.060690,0.006369,calib
121.21900,7.120000,-4.220000,23.580000,-1.760164,-0.583123,7.442233,0.046659,-0.060884,0.006470,calib
121.23500,7.120000,-4.270000,23.580000,-1.760194,-0.582850,7.431786,0.046661,-0.061075,0.006465,calib
121.28200,7.020000,-4.210000,23.660000,-1.743953,-0.541032,7.380222,0.046291,-0.061567,0.006554,calib
121.29700,7.010000,-4.210000,23.640000,-1.751160,-0.544973,7.369908,0.046264,-0.061710,0.006764,calib
121.31300,7.020000,-4.230000,23.620000,-1.758496,-0.548597,7.348904,0.046240,-0.062044,0.006648,calib
121.32900,7.020000,-4.250000,23.600000,-1.766051,-0.543849,7.348798,0.046440,-0.062280,0.006751,calib
121.32900,7.020000,-4.280000,23.620000,-1.766598,-0.542934,7.369145,0.046613,-0.062755,0.006756,calib
121.39100,7.040000,-4.170000,23.820000,-1.709467,-0.491980,7.451920,0.047298,-0.063339,0.006781,calib
121.40700,7.040000,-4.130000,23.870000,-1.695103,-0.483527,7.482882,0.047356,-0.063436,0.006686,calib
121.40700,7.070000,-4.100000,23.880000,-1.673629,-0.471296,7.483131,0.047604,-0.063299,0.006684,calib
121.42200,7.040000,-4.100000,23.890000,-1.673659,-0.471024,7.472683,0.047607,-0.063492,0.006679,calib
121.43800,7.100000,-4.100000,23.870000,-1.659260,-0.471033,7.472707,0.047605,-0.063592,0.006680,calib
121.48500,6.990000,-4.120000,23.830000,-1.686916,-0.470595,7.389894,0.047114,-0.064072,0.006971,calib
121.50000,6.960000,-4.120000,23.830000,-1.701376,-0.470041,7.368975,0.047120,-0.064356,0.006961,calib
121.51600,6.950000,-4.180000,23.820000,-1.701407,-0.469769,7.358527,0.047122,-0.064548,0.006956,calib
121.53200,7.000000,-4.160000,23.770000,-1.708844,-0.465365,7.337883,0.047319,-0.064597,0.007052,calib
121.54700,6.990000,-4.140000,23.800000,-1.701350,-0.469569,7.317093,0.047123,-0.064743,0.006939,calib
121.57900,7.010000,-4.030000,23.860000,-1.658412,-0.460981,7.296384,0.047344,-0.065141,0.006822,calib
121.59400,7.000000,-4.070000,23.890000,-1.658412,-0.460981,7.296384,0.047344,-0.065141,0.006822,calib
121.61000,6.980000,-4.120000,23.880000,-1.658842,-0.460410,7.296193,0.047514,-0.065427,0.006819,calib
121.62500,6.970000,-4.090000,23.880000,-1.658842,-0.460410,7.296193,0.047514,-0.065427,0.006819,calib
121.64100,7.000000,-4.100000,23.900000,-1.644473,-0.460148,7.285769,0.047514,-0.065721,0.006815,calib
121.68800,7.010000,-3.860000,24.060000,-1.541795,-0.420708,7.245430,0.047281,-0.065186,0.006592,calib
121.70400,7.010000,-3.810000,24.070000,-1.526795,-0.404280,7.235343,0.047228,-0.065194,0.006696,calib
121.71900,7.000000,-3.790000,24.090000,-1.511944,-0.396198,7.225062,0.047118,-0.065199,0.006587,calib
121.73500,6.950000,-3.800000,24.110000,-1.518618,-0.383929,7.214842,0.047039,-0.065057,0.006583,calib
121.75000,6.980000,-3.830000,24.110000,-1.511374,-0.379489,7.204503,0.047069,-0.065299,0.006685,calib
121.79700,6.880000,-3.800000,24.120000,-1.495957,-0.337546,7.225335,0.047032,-0.065591,0.006800,calib
121.81300,6.920000,-3.720000,24.240000,-1.481558,-0.337555,7.225359,0.047031,-0.065691,0.006800,calib
121.81300,6.960000,-3.670000,24.260000,-1.467106,-0.329175,7.225333,0.047088,-0.065792,0.006693,calib
121.82900,7.000000,-3.710000,24.230000,-1.453107,-0.337847,7.225328,0.047190,-0.065603,0.006478,calib
121.84400,7.020000,-3.650000,24.280000,-1.438308,-0.338155,7.215095,0.047021,-0.065610,0.006477,calib
121.89100,6.880000,-3.700000,24.240000,-1.466597,-0.311921,7.183879,0.047044,-0.066275,0.006782,calib
121.90700,6.870000,-3.700000,24.320000,-1.466316,-0.311876,7.194162,0.046879,-0.066370,0.006788,calib
121.92200,6.840000,-3.690000,24.340000,-1.466694,-0.302915,7.193922,0.047108,-0.066655,0.006676,calib
121.92200,6.850000,-3.690000,24.330000,-1.459389,-0.299019,7.204479,0.047134,-0.066514,0.006788,calib
121.93800,6.850000,-3.620000,24.380000,-1.437864,-0.303206,7.204416,0.047103,-0.066665,0.006682,calib
121.98500,6.800000,-3.540000,24.490000,-1.406465,-0.254511,7.153620,0.046612,-0.066398,0.006990,calib
122.00000,6.740000,-3.520000,24.470000,-1.405583,-0.238028,7.153792,0.046397,-0.066401,0.007099,calib
122.01600,6.760000,-3.500000,24.560000,-1.405100,-0.221247,7.164220,0.046350,-0.066497,0.007210,calib
122.03200,6.790000,-3.520000,24.600000,-1.390766,-0.212523,7.184734,0.046410,-0.066785,0.007110,calib
122.04700,6.760000,-3.460000,24.590000,-1.376315,-0.204142,7.184709,0.046468,-0.066886,0.007002,calib
122.09400,6.800000,-3.370000,24.620000,-1.332117,-0.196994,7.154127,0.046181,-0.066617,0.006889,calib
122.11000,6.770000,-3.390000,24.610000,-1.339273,-0.192544,7.143764,0.046213,-0.066761,0.006991,calib
122.12500,6.720000,-3.350000,24.670000,-1.346116,-0.188321,7.154132,0.046078,-0.066806,0.007103,calib
122.14100,6.690000,-3.390000,24.650000,-1.353421,-0.192217,7.143575,0.046052,-0.066947,0.006991,calib
122.14100,6.770000,-3.380000,24.640000,-1.353452,-0.191945,7.133127,0.046054,-0.067139,0.006987,calib
122.18800,6.870000,-3.360000,24.540000,-1.354330,-0.225579,7.081284,0.046147,-0.066950,0.006752,calib
122.20400,6.900000,-3.400000,24.550000,-1.354413,-0.233698,7.070885,0.046090,-0.067142,0.006855,calib
122.21900,6.830000,-3.390000,24.540000,-1.375968,-0.229238,7.060499,0.046124,-0.067185,0.006957,calib
122.23500,6.770000,-3.410000,24.600000,-1.382473,-0.224770,7.039715,0.045826,-0.067521,0.007058,calib
122.23500,6.780000,-3.450000,24.580000,-1.389997,-0.220294,7.050057,0.046024,-0.067566,0.007166,calib
122.29700,6.890000,-3.320000,24.600000,-1.354417,-0.232953,7.008554,0.046095,-0.067722,0.006829,calib
122.31300,6.850000,-3.330000,24.640000,-1.354216,-0.216218,7.008701,0.046213,-0.067723,0.006934,calib
122.32900,6.810000,-3.280000,24.670000,-1.353482,-0.199119,7.018963,0.046003,-0.068107,0.007046,calib
122.32900,6.730000,-3.310000,24.720000,-1.360673,-0.186207,7.039539,0.046095,-0.068246,0.007052,calib
122.34400,6.730000,-3.350000,24.790000,-1.360939,-0.185247,7.070169,0.046104,-0.068817,0.007063,calib
122.40700,6.790000,-3.380000,24.810000,-1.378971,-0.223706,7.192865,0.047000,-0.070130,0.006992,calib
122.40700,6.820000,-3.500000,24.760000,-1.394435,-0.222139,7.243984,0.047346,-0.070788,0.007005,calib
122.42200,6.680000,-3.500000,24.840000,-1.416256,-0.216720,7.264228,0.047389,-0.071400,0.007117,calib
122.43800,6.650000,-3.490000,24.860000,-1.430721,-0.199015,7.294980,0.047516,-0.071871,0.007233,calib
122.45400,6.570000,-3.540000,24.940000,-1.444472,-0.172873,7.346491,0.047374,-0.072535,0.007573,calib
122.50000,6.650000,-3.390000,25.120000,-1.389322,-0.179304,7.448954,0.048154,-0.073588,0.007069,calib
122.51600,6.660000,-3.360000,25.170000,-1.381684,-0.166972,7.469745,0.048074,-0.073541,0.007079,calib
122.53200,6.590000,-3.350000,25.190000,-1.359958,-0.154424,7.469829,0.048160,-0.073692,0.007078,calib
122.54700,6.600000,-3.290000,25.230000,-1.359076,-0.137941,7.470001,0.047945,-0.073694,0.007187,calib
122.54700,6.490000,-3.250000,25.320000,-1.344076,-0.121513,7.459914,0.047893,-0.073702,0.007291,calib
122.61000,6.510000,-3.200000,25.310000,-1.334065,-0.094083,7.367596,0.047089,-0.073192,0.007372,calib
122.62500,6.510000,-3.200000,25.310000,-1.333696,-0.094109,7.346891,0.046923,-0.073291,0.007365,calib
122.62500,6.520000,-3.200000,25.300000,-1.326935,-0.106450,7.326124,0.047001,-0.073438,0.007356,calib
122.64100,6.570000,-3.210000,25.260000,-1.326935,-0.106450,7.326124,0.047001,-0.073438,0.007356,calib
122.64100,6.580000,-3.170000,25.240000,-1.327817,-0.122933,7.325952,0.047216,-0.073437,0.007247,calib
122.68800,6.600000,-3.250000,25.270000,-1.335916,-0.134422,7.294522,0.047467,-0.073960,0.007230,calib
122.70400,6.590000,-3.220000,25.290000,-1.335235,-0.134675,7.294548,0.047135,-0.073963,0.007234,calib
122.71900,6.620000,-3.130000,25.340000,-1.313392,-0.122470,7.274093,0.047217,-0.073924,0.007226,calib
122.73500,6.590000,-3.060000,25.380000,-1.290785,-0.102401,7.264064,0.047024,-0.073694,0.007118,calib
122.73500,6.620000,-3.060000,25.400000,-1.268629,-0.090423,7.264339,0.046940,-0.073559,0.007120,calib
122.78200,6.530000,-2.780000,25.500000,-1.193715,-0.043287,7.172649,0.046430,-0.072641,0.007094,calib
122.81300,6.590000,-2.820000,25.510000,-1.200590,-0.047754,7.162283,0.046234,-0.072496,0.006985,calib
122.82900,6.580000,-2.800000,25.510000,-1.201020,-0.047183,7.162092,0.046404,-0.072782,0.006982,calib
122.84400,6.580000,-2.800000,25.500000,-1.193946,-0.059751,7.162055,0.046315,-0.072832,0.006983,calib
122.84400,6.610000,-2.800000,25.510000,-1.193895,-0.051361,7.162006,0.046374,-0.072832,0.006875,calib
122.89100,6.610000,-2.620000,25.610000,-1.142002,-0.031681,7.110780,0.046008,-0.072712,0.006754,calib
122.90700,6.630000,-2.570000,25.630000,-1.134728,-0.027513,7.110889,0.046037,-0.072763,0.006861,calib
122.92200,6.580000,-2.570000,25.670000,-1.133995,-0.019376,7.110867,0.045763,-0.072764,0.006756,calib
122.93800,6.550000,-2.610000,25.720000,-1.133564,-0.010985,7.121344,0.045657,-0.072860,0.006976,calib
122.95400,6.530000,-2.590000,25.720000,-1.126237,0.001573,7.121404,0.045745,-0.072911,0.006975,calib
123.00000,6.710000,-2.320000,25.820000,-1.039129,0.007876,7.111710,0.045611,-0.072271,0.006549,calib
123.01600,6.700000,-2.280000,25.830000,-1.039129,0.007876,7.111710,0.045611,-0.072271,0.006549,calib
123.03200,6.680000,-2.310000,25.840000,-1.031403,0.020136,7.101514,0.045531,-0.072228,0.006546,calib
123.03200,6.650000,-2.270000,25.850000,-1.023729,0.024005,7.091367,0.045391,-0.072184,0.006652,calib
123.04700,6.620000,-2.250000,25.850000,-1.023678,0.032396,7.091319,0.045450,-0.072184,0.006543,calib
123.09400,6.710000,-2.310000,25.770000,-1.055185,-0.032336,7.079882,0.045828,-0.073030,0.006425,calib
123.11000,6.750000,-2.390000,25.770000,-1.070015,-0.031756,7.079667,0.046000,-0.073216,0.006422,calib
123.12500,6.730000,-2.370000,25.770000,-1.077489,-0.043698,7.089698,0.045918,-0.073548,0.006426,calib
123.12500,6.730000,-2.400000,25.730000,-1.092119,-0.051191,7.089366,0.045868,-0.074021,0.006532,calib
123.14100,6.690000,-2.400000,25.740000,-1.091918,-0.034455,7.089512,0.045986,-0.074021,0.006638,calib
123.18800,6.800000,-2.160000,25.920000,-1.012316,0.002138,7.131335,0.046233,-0.073803,0.006333,calib
123.20400,6.770000,-2.110000,25.970000,-1.005011,0.006034,7.141892,0.046260,-0.073662,0.006445,calib
123.21900,6.740000,-2.100000,25.980000,-0.997403,0.018637,7.152235,0.046182,-0.073808,0.006449,calib
123.23500,6.750000,-2.100000,26.030000,-1.004226,0.031523,7.152107,0.046109,-0.074046,0.006449,calib
123.23500,6.680000,-2.100000,26.060000,-1.003795,0.039913,7.162584,0.046003,-0.074141,0.006668,calib
123.28200,6.790000,-2.010000,26.120000,-0.996505,0.036125,7.193319,0.045812,-0.074476,0.006575,calib
123.29700,6.730000,-2.000000,26.120000,-0.996484,0.044788,7.182822,0.045873,-0.074667,0.006462,calib
123.31300,6.680000,-2.000000,26.150000,-1.003609,0.048965,7.182908,0.045903,-0.074618,0.006569,calib
123.31300,6.670000,-2.010000,26.180000,-1.010934,0.045368,7.193133,0.045879,-0.074951,0.006787,calib
123.32900,6.630000,-2.000000,26.180000,-1.018207,0.050162,7.203310,0.045915,-0.075282,0.006896,calib
123.37500,6.710000,-1.920000,26.280000,-1.003674,0.050813,7.223706,0.045754,-0.075858,0.006905,calib
123.39100,6.690000,-1.890000,26.300000,-1.003622,0.059204,7.223658,0.045813,-0.075858,0.006797,calib
123.39100,6.700000,-1.870000,26.330000,-1.003740,0.059548,7.244196,0.045817,-0.076047,0.006805,calib
123.40700,6.650000,-1.840000,26.360000,-0.989139,0.076274,7.244366,0.045932,-0.076148,0.006911,calib
123.42200,6.640000,-1.800000,26.390000,-0.981531,0.088877,7.254709,0.045855,-0.076295,0.006915,calib
123.46900,6.630000,-1.670000,26.510000,-0.966085,0.105739,7.285725,0.045478,-0.076681,0.007039,calib
123.48500,6.610000,-1.640000,26.500000,-0.951486,0.113504,7.275609,0.045529,-0.076399,0.006928,calib
123.50000,6.670000,-1.620000,26.500000,-0.937086,0.113495,7.275633,0.045528,-0.076500,0.006928,calib
123.50000,6.680000,-1.480000,26.550000,-0.929812,0.117662,7.275742,0.045556,-0.076551,0.007036,calib
123.51600,6.640000,-1.510000,26.560000,-0.929448,0.125826,7.296423,0.045449,-0.076453,0.006938,calib
123.56300,6.660000,-1.440000,26.630000,-0.915196,0.126432,7.306537,0.045453,-0.076935,0.006941,calib
123.57900,6.630000,-1.440000,26.640000,-0.915196,0.126432,7.306537,0.045453,-0.076935,0.006941,calib
123.59400,6.630000,-1.400000,26.650000,-0.922070,0.130927,7.306458,0.045320,-0.077173,0.007049,calib
123.61000,6.590000,-1.410000,26.660000,-0.929195,0.135105,7.306543,0.045350,-0.077123,0.007155,calib
123.62500,6.590000,-1.380000,26.690000,-0.921219,0.147682,7.296182,0.045107,-0.077367,0.007153,calib
123.67200,6.570000,-1.220000,26.720000,-0.891737,0.172218,7.296518,0.045110,-0.077282,0.007154,calib
123.68800,6.550000,-1.190000,26.780000,-0.883781,0.176133,7.296652,0.044806,-0.077335,0.007265,calib
123.70400,6.560000,-1.150000,26.810000,-0.883181,0.192570,7.286542,0.044756,-0.077241,0.007369,calib
123.70400,6.460000,-1.110000,26.830000,-0.882329,0.209325,7.276266,0.044543,-0.077436,0.007473,calib
123.71900,6.450000,-1.140000,26.830000,-0.889055,0.213204,7.266096,0.044405,-0.077293,0.007578,calib
123.78200,6.490000,-1.020000,26.910000,-0.881764,0.218377,7.307116,0.044278,-0.078009,0.007702,calib
123.79700,6.500000,-1.000000,26.910000,-0.875069,0.214770,7.306839,0.044418,-0.078344,0.007592,calib
123.79700,6.520000,-1.030000,26.920000,-0.896711,0.219301,7.327440,0.044453,-0.078383,0.007706,calib
123.81300,6.440000,-1.030000,26.930000,-0.910859,0.228589,7.337537,0.044356,-0.078953,0.007923,calib
123.82900,6.260000,-1.140000,27.010000,-0.946899,0.242092,7.368400,0.044456,-0.079274,0.008253,calib
123.87500,6.290000,-1.240000,27.060000,-1.044729,0.211166,7.531314,0.045419,-0.082138,0.008618,calib
123.89100,6.420000,-1.210000,26.970000,-1.046277,0.186980,7.561742,0.045747,-0.082417,0.008304,calib
123.90700,6.440000,-1.250000,27.010000,-1.055263,0.167199,7.571526,0.046271,-0.082744,0.008087,calib
123.90700,6.450000,-1.240000,27.000000,-1.062537,0.171992,7.581703,0.046307,-0.083075,0.008196,calib
123.92200,6.350000,-1.200000,27.060000,-1.070209,0.177084,7.602136,0.046510,-0.083501,0.008308,calib
123.96900,6.280000,-1.090000,27.150000,-1.090836,0.198759,7.643282,0.046171,-0.084018,0.008539,calib
123.98500,6.330000,-0.980000,27.170000,-1.039680,0.227454,7.643750,0.046201,-0.084085,0.008648,calib
124.00000,6.400000,-0.910000,27.140000,-1.017725,0.222696,7.643879,0.045999,-0.083949,0.008545,calib
124.01600,6.350000,-0.920000,27.150000,-0.996452,0.218191,7.643983,0.046130,-0.083812,0.008438,calib
124.03200,6.370000,-0.850000,27.170000,-0.981883,0.226228,7.623419,0.046184,-0.083722,0.008322,calib
124.07900,6.380000,-0.690000,27.130000,-0.936369,0.232137,7.541529,0.045390,-0.082985,0.008196,calib
124.09400,6.400000,-0.630000,27.110000,-0.928977,0.235961,7.521099,0.045415,-0.082846,0.008295,calib
124.11000,6.430000,-0.620000,27.130000,-0.913979,0.243427,7.500727,0.045299,-0.082471,0.008182,calib
124.11000,6.410000,-0.540000,27.120000,-0.891937,0.238597,7.469870,0.045096,-0.082337,0.008067,calib
124.12500,6.460000,-0.470000,27.100000,-0.870546,0.233749,7.449434,0.045224,-0.082012,0.007952,calib
124.20400,6.410000,-0.500000,26.970000,-0.878494,0.195531,7.345956,0.045284,-0.081585,0.007590,calib
124.21900,6.400000,-0.490000,27.020000,-0.884885,0.216807,7.356305,0.045104,-0.081919,0.007809,calib
124.23500,6.320000,-0.500000,27.030000,-0.891641,0.220958,7.335686,0.044968,-0.081968,0.007909,calib
124.23500,6.400000,-0.420000,27.000000,-0.884368,0.216165,7.325510,0.044933,-0.081637,0.007799,calib
124.25000,6.440000,-0.360000,26.980000,-0.877243,0.211987,7.325424,0.044903,-0.081686,0.007693,calib
124.31300,6.220000,-0.370000,26.970000,-0.933753,0.230168,7.304571,0.044542,-0.082535,0.008434,calib
124.32900,6.210000,-0.420000,26.980000,-0.948300,0.230793,7.314638,0.044549,-0.082817,0.008436,calib
124.34400,6.320000,-0.330000,26.940000,-0.941457,0.226571,7.304270,0.044684,-0.082770,0.008324,calib
124.36000,6.360000,-0.280000,26.880000,-0.913089,0.218160,7.293840,0.044787,-0.082874,0.008105,calib
124.37500,6.410000,-0.220000,26.880000,-0.898972,0.209144,7.273295,0.044886,-0.082498,0.007883,calib
124.43800,6.210000,-0.140000,26.910000,-0.925103,0.260387,7.283576,0.044094,-0.083546,0.008534,calib
124.45400,6.170000,-0.120000,26.920000,-0.924953,0.268733,7.283771,0.044152,-0.083548,0.008748,calib
124.46900,6.170000,-0.070000,26.920000,-0.924584,0.268706,7.263067,0.043987,-0.083646,0.008741,calib
124.48500,6.150000,-0.050000,26.910000,-0.917228,0.280993,7.273575,0.044072,-0.083504,0.008745,calib
124.50000,6.110000,0.010000,26.920000,-0.902828,0.280983,7.273598,0.044070,-0.083605,0.008745,calib
124.56300,6.160000,0.190000,26.840000,-0.866217,0.284190,7.222177,0.043921,-0.083383,0.008514,calib
124.57900,6.100000,0.190000,26.800000,-0.873091,0.288685,7.222097,0.043789,-0.083621,0.008622,calib
124.59400,6.080000,0.190000,26.850000,-0.895046,0.293443,7.221968,0.043990,-0.083756,0.008725,calib
124.61000,6.060000,0.170000,26.820000,-0.895677,0.277278,7.221630,0.044043,-0.084042,0.008617,calib
124.62500,6.150000,0.200000,26.800000,-0.896677,0.261139,7.241997,0.044262,-0.084229,0.008515,calib
124.68800,6.050000,0.250000,26.780000,-0.927087,0.272591,7.323725,0.044847,-0.085643,0.008750,calib
124.71900,6.030000,0.280000,26.810000,-0.920961,0.261236,7.354292,0.045099,-0.086262,0.008759,calib
124.73500,6.070000,0.330000,26.730000,-0.914783,0.249310,7.374524,0.045347,-0.086498,0.008442,calib
124.75000,6.170000,0.330000,26.740000,-0.908658,0.228994,7.394805,0.045535,-0.086735,0.008234,calib
124.75000,6.170000,0.350000,26.660000,-0.909606,0.221246,7.415124,0.045813,-0.086921,0.008024,calib
124.81300,6.100000,0.300000,26.680000,-1.015877,0.195737,7.629431,0.047312,-0.090205,0.008508,calib
124.84400,6.170000,0.310000,26.650000,-1.018654,0.172720,7.680181,0.048146,-0.090959,0.008196,calib
124.86000,6.200000,0.310000,26.600000,-1.042557,0.153590,7.720737,0.048843,-0.091468,0.007987,calib
124.86000,6.200000,0.240000,26.520000,-1.065925,0.143785,7.781695,0.049278,-0.092742,0.008002,calib
124.87500,6.090000,0.160000,26.570000,-1.089513,0.142352,7.863552,0.049936,-0.093920,0.008238,calib
124.93800,6.140000,0.130000,26.270000,-1.177609,0.098483,8.087038,0.052630,-0.098301,0.008174,calib
124.95400,6.130000,0.130000,26.260000,-1.199302,0.103585,8.117973,0.052670,-0.098723,0.008613,calib
124.96900,5.950000,0.130000,26.310000,-1.199450,0.104201,8.128064,0.052676,-0.099104,0.008616,calib
124.96900,6.050000,0.070000,26.170000,-1.221921,0.118562,8.169016,0.053112,-0.099905,0.008946,calib
124.98500,5.920000,0.060000,26.250000,-1.236437,0.127877,8.199817,0.053181,-0.100377,0.009169,calib
125.04700,5.990000,0.250000,25.920000,-1.180532,0.147001,8.261264,0.053975,-0.101917,0.009290,calib
125.06300,5.950000,0.250000,25.920000,-1.187687,0.151450,8.250902,0.054007,-0.102060,0.009392,calib
125.07900,5.900000,0.290000,25.860000,-1.180510,0.155663,8.250768,0.054036,-0.102109,0.009177,calib
125.09400,5.940000,0.320000,25.820000,-1.173666,0.160402,8.250685,0.054234,-0.102446,0.009282,calib
125.09400,5.910000,0.320000,25.800000,-1.158985,0.160437,8.260991,0.054068,-0.102641,0.009288,calib
125.17200,6.010000,0.580000,25.500000,-1.081738,0.147095,8.219786,0.054955,-0.102234,0.008623,calib
125.18800,5.950000,0.560000,25.470000,-1.081456,0.147140,8.230069,0.054791,-0.102329,0.008629,calib
125.18800,5.900000,0.580000,25.430000,-1.088664,0.143200,8.219755,0.054764,-0.102473,0.008839,calib
125.20400,5.920000,0.540000,25.410000,-1.081455,0.156102,8.240354,0.054854,-0.102712,0.008845,calib
125.21900,5.880000,0.570000,25.390000,-1.074463,0.160224,8.230181,0.055047,-0.102668,0.008947,calib
125.28200,5.880000,0.850000,25.190000,-0.965209,0.178478,8.189533,0.054829,-0.101893,0.008189,calib
125.29700,5.860000,0.860000,25.210000,-0.964608,0.194915,8.179423,0.054778,-0.101801,0.008292,calib
125.31300,5.790000,0.850000,25.200000,-0.970785,0.206841,8.159190,0.054531,-0.101565,0.008609,calib
125.31300,5.740000,0.870000,25.190000,-0.962260,0.227465,8.138767,0.054179,-0.101717,0.008819,calib
125.32900,5.740000,0.860000,25.200000,-0.947261,0.234931,8.118395,0.054063,-0.101342,0.008706,calib
125.40700,5.780000,1.090000,25.040000,-0.866242,0.253088,8.057482,0.053681,-0.100468,0.008585,calib
125.42200,5.720000,1.110000,25.040000,-0.857656,0.273168,8.057955,0.053324,-0.100234,0.008804,calib
125.42200,5.700000,1.160000,25.040000,-0.835413,0.285074,8.027243,0.053239,-0.100102,0.008794,calib
125.43800,5.690000,1.240000,25.040000,-0.819584,0.300633,8.007092,0.052848,-0.099730,0.008899,calib
125.45400,5.720000,1.270000,25.030000,-0.804503,0.316217,7.997118,0.052789,-0.099163,0.008683,calib
125.51600,5.720000,1.510000,24.970000,-0.686698,0.353845,7.936813,0.052373,-0.097680,0.008458,calib
125.53200,5.750000,1.580000,24.960000,-0.671699,0.361311,7.916441,0.052257,-0.097305,0.008345,calib
125.54700,5.730000,1.590000,24.980000,-0.649114,0.372718,7.916907,0.052002,-0.096884,0.008350,calib
125.56300,5.720000,1.660000,24.960000,-0.627441,0.367915,7.906754,0.051965,-0.096653,0.008241,calib
125.56300,5.760000,1.650000,24.930000,-0.605716,0.371502,7.896553,0.051987,-0.096421,0.008024,calib
125.62500,5.720000,2.010000,24.930000,-0.464412,0.461557,7.847597,0.051438,-0.094042,0.007914,calib
125.64100,5.710000,2.130000,24.940000,-0.434584,0.468443,7.827440,0.051150,-0.093480,0.007804,calib
125.65700,5.750000,2.170000,24.870000,-0.391037,0.475572,7.807280,0.051193,-0.093018,0.007692,calib
125.67200,5.770000,2.230000,24.890000,-0.354001,0.486399,7.797436,0.050933,-0.092315,0.007372,calib
125.68800,5.800000,2.270000,24.890000,-0.317579,0.497706,7.777362,0.051006,-0.091803,0.007366,calib
125.73500,5.720000,2.600000,24.880000,-0.152588,0.591431,7.718168,0.049488,-0.089771,0.007371,calib
125.75000,5.780000,2.710000,24.890000,-0.100834,0.618640,7.687955,0.049340,-0.088979,0.007150,calib
125.76600,5.750000,2.800000,24.830000,-0.063649,0.637812,7.678306,0.049137,-0.088277,0.007044,calib
125.78200,5.790000,2.990000,24.830000,-0.011547,0.656332,7.637885,0.048762,-0.087392,0.006930,calib
125.78200,5.760000,3.090000,24.830000,0.040756,0.691588,7.597611,0.048504,-0.086508,0.006920,calib
125.84400,5.470000,3.880000,24.780000,0.390234,0.966562,7.357350,0.044586,-0.080558,0.007323,calib
125.86000,5.510000,4.250000,24.620000,0.487594,1.007825,7.286876,0.043700,-0.078835,0.007206,calib
125.87500,5.500000,4.460000,24.580000,0.577880,1.061656,7.216439,0.042904,-0.077060,0.007087,calib
125.87500,5.520000,4.540000,24.540000,0.668568,1.124150,7.146032,0.042004,-0.075575,0.007183,calib
125.89100,5.370000,4.750000,24.550000,0.745019,1.187042,7.106422,0.040944,-0.074272,0.007292,calib
125.95400,5.140000,5.690000,24.290000,1.120896,1.421057,6.906911,0.037564,-0.068609,0.007278,calib
125.95400,5.190000,5.770000,24.200000,1.188427,1.446473,6.846310,0.036902,-0.067062,0.007053,calib
125.96900,5.160000,5.890000,24.100000,1.203825,1.453640,6.815681,0.036618,-0.066593,0.006939,calib
125.96900,5.070000,5.950000,24.090000,1.264201,1.492467,6.755002,0.036053,-0.065572,0.007033,calib
125.98500,5.000000,6.070000,24.010000,1.295578,1.523538,6.704416,0.035437,-0.064732,0.007237,calib
126.03200,4.800000,6.650000,23.780000,1.524374,1.694974,6.513350,0.032465,-0.060449,0.007427,calib
126.04700,4.780000,6.750000,23.770000,1.591906,1.729351,6.463034,0.031868,-0.059286,0.007419,calib
126.06300,4.710000,6.850000,23.710000,1.653045,1.776042,6.412781,0.031027,-0.058074,0.007413,calib
126.07900,4.690000,6.970000,23.680000,1.720859,1.810465,6.372747,0.030265,-0.057006,0.007411,calib
126.07900,4.490000,7.310000,23.600000,1.782082,1.874236,6.343178,0.029545,-0.055983,0.007519,calib
126.15700,3.940000,8.130000,23.540000,2.074308,2.184803,6.215926,0.025557,-0.050961,0.008175,calib
126.17200,3.780000,8.210000,23.550000,2.090200,2.208779,6.226956,0.025227,-0.050588,0.008506,calib
126.18800,3.660000,8.350000,23.600000,2.122276,2.265411,6.217571,0.024462,-0.050126,0.008727,calib
126.20400,3.590000,8.440000,23.600000,2.159974,2.301092,6.228798,0.024210,-0.049328,0.008737,calib
126.21900,3.600000,8.560000,23.580000,2.211357,2.294558,6.208740,0.023825,-0.048342,0.008310,calib
126.28200,3.450000,8.940000,23.980000,2.280222,2.360955,6.252007,0.022957,-0.046311,0.008237,calib
126.29700,3.440000,8.980000,24.010000,2.296047,2.393665,6.283527,0.022688,-0.046127,0.008467,calib
126.31300,3.480000,9.050000,24.000000,2.325441,2.409312,6.304564,0.022629,-0.045655,0.008264,calib
126.32900,3.550000,9.080000,24.040000,2.361657,2.412073,6.325729,0.022643,-0.044948,0.008061,calib
126.32900,3.620000,9.190000,24.030000,2.404782,2.401878,6.316036,0.022729,-0.044005,0.007847,calib
126.39100,3.790000,9.150000,24.410000,2.447642,2.365013,6.368447,0.022628,-0.041908,0.007020,calib
126.40700,3.820000,9.090000,24.490000,2.440486,2.360502,6.347799,0.022596,-0.041667,0.006905,calib
126.42200,3.820000,9.040000,24.500000,2.419589,2.347084,6.337650,0.022172,-0.041136,0.006907,calib
126.43800,3.810000,9.000000,24.600000,2.412381,2.334181,6.317051,0.022081,-0.040896,0.006901,calib
126.43800,3.860000,8.840000,24.660000,2.405706,2.337489,6.296546,0.021939,-0.040370,0.006680,calib
126.51600,3.680000,8.610000,24.700000,2.381595,2.315630,6.266949,0.019799,-0.037886,0.006592,calib
126.53200,3.770000,8.400000,24.680000,2.360734,2.293749,6.225862,0.019315,-0.037359,0.006690,calib
126.53200,3.710000,8.350000,24.680000,2.333331,2.275839,6.184643,0.018529,-0.036782,0.006576,calib
126.54700,3.720000,8.230000,24.680000,2.297953,2.254312,6.164071,0.018051,-0.036344,0.006680,calib
126.56300,3.710000,8.200000,24.700000,2.270183,2.245389,6.153842,0.017495,-0.036052,0.006790,calib
126.62500,4.010000,7.910000,24.660000,2.193130,2.093324,6.061424,0.015106,-0.032640,0.005932,calib
126.64100,4.000000,7.910000,24.690000,2.165190,2.067393,6.061497,0.014431,-0.032154,0.005941,calib
126.65700,4.020000,7.850000,24.760000,2.130027,2.054646,6.071697,0.013850,-0.032000,0.005951,calib
126.65700,3.960000,7.840000,24.840000,2.087289,2.037985,6.092289,0.013408,-0.031890,0.006178,calib
126.67200,3.970000,7.700000,24.910000,2.051845,2.025193,6.092207,0.012991,-0.031640,0.006182,calib
126.75000,4.240000,7.540000,24.870000,1.988845,1.898214,6.124021,0.010945,-0.028029,0.005371,calib
126.76600,4.290000,7.590000,24.860000,1.989903,1.880038,6.114001,0.010320,-0.027362,0.005269,calib
126.78200,4.250000,7.540000,24.840000,1.989829,1.854024,6.114261,0.010136,-0.026789,0.005274,calib
126.79700,4.420000,7.480000,24.790000,1.975575,1.819648,6.093598,0.009730,-0.026211,0.005058,calib
126.81300,4.470000,7.450000,24.800000,1.953515,1.789702,6.072995,0.009686,-0.025583,0.004945,calib
126.87500,4.610000,7.180000,24.950000,1.816487,1.667356,6.113790,0.008347,-0.024147,0.004763,calib
126.89100,4.660000,7.200000,24.960000,1.817545,1.649180,6.103770,0.007722,-0.023480,0.004662,calib
126.90700,4.700000,7.180000,24.970000,1.818774,1.648013,6.083448,0.007216,-0.023006,0.004661,calib
126.92200,4.620000,7.170000,24.950000,1.819634,1.646871,6.083831,0.006876,-0.022434,0.004666,calib
126.92200,4.580000,7.170000,25.000000,1.813902,1.650270,6.094416,0.006240,-0.022195,0.004786,calib
126.98500,4.790000,7.040000,25.070000,1.748934,1.552141,6.156487,0.005227,-0.020590,0.004612,calib
127.00000,4.940000,6.830000,25.150000,1.703570,1.494695,6.166066,0.005491,-0.020665,0.004398,calib
127.01600,5.070000,6.610000,25.310000,1.636881,1.433362,6.175590,0.005566,-0.020878,0.004399,calib
127.03200,5.050000,6.500000,25.390000,1.592482,1.409478,6.206026,0.005736,-0.021145,0.004407,calib
127.04700,4.990000,6.490000,25.470000,1.556521,1.397328,6.236740,0.005491,-0.021178,0.004421,calib
127.09400,5.090000,6.620000,25.270000,1.594922,1.388774,6.227924,0.004595,-0.019044,0.004329,calib
127.11000,5.060000,6.610000,25.300000,1.588877,1.392400,6.217779,0.004124,-0.018902,0.004437,calib
127.12500,4.950000,6.550000,25.370000,1.582915,1.404144,6.218034,0.003711,-0.018568,0.004442,calib
127.14100,4.900000,6.540000,25.410000,1.563236,1.424606,6.228576,0.003031,-0.018516,0.004667,calib
127.15700,4.840000,6.520000,25.460000,1.549999,1.432182,6.228721,0.002589,-0.018131,0.004565,calib
127.20400,5.180000,6.280000,25.410000,1.491144,1.339056,6.176994,0.002269,-0.016966,0.004444,calib
127.21900,5.170000,6.260000,25.440000,1.461974,1.314293,6.197389,0.002100,-0.016955,0.004454,calib
127.23500,5.220000,6.160000,25.520000,1.418027,1.298501,6.217519,0.002161,-0.017128,0.004352,calib
127.25000,5.190000,6.080000,25.620000,1.388909,1.282128,6.237865,0.002050,-0.017114,0.004253,calib
127.25000,5.180000,6.000000,25.680000,1.359510,1.265710,6.247928,0.002104,-0.017007,0.004148,calib
127.31300,5.310000,6.010000,25.630000,1.367852,1.242768,6.258962,0.001444,-0.016008,0.004272,calib
127.32900,5.230000,6.060000,25.610000,1.368594,1.241970,6.279884,0.001108,-0.015624,0.004285,calib
127.34400,5.230000,6.070000,25.620000,1.383705,1.241435,6.290381,0.000772,-0.015534,0.004295,calib
127.36000,5.240000,6.060000,25.630000,1.376440,1.228333,6.311216,0.000680,-0.015100,0.004305,calib
127.36000,5.340000,6.010000,25.600000,1.383061,1.198712,6.311198,0.000636,-0.014861,0.004201,calib
127.40700,5.450000,5.730000,25.690000,1.316519,1.127802,6.300346,0.000642,-0.014310,0.003982,calib
127.42200,5.440000,5.750000,25.710000,1.302350,1.119467,6.310653,0.000420,-0.014305,0.004096,calib
127.43800,5.460000,5.720000,25.720000,1.288232,1.119522,6.320912,0.000257,-0.014300,0.004101,calib
127.45400,5.460000,5.730000,25.700000,1.288380,1.118906,6.310821,0.000251,-0.013919,0.004098,calib
127.46900,5.520000,5.720000,25.650000,1.288245,1.093436,6.290185,0.000072,-0.013730,0.004094,calib
127.51600,5.620000,5.510000,25.680000,1.222873,1.055673,6.248664,-0.000022,-0.013185,0.004077,calib
127.53200,5.540000,5.540000,25.710000,1.216880,1.067689,6.238471,-0.000433,-0.013043,0.004078,calib
127.54700,5.520000,5.480000,25.710000,1.217644,1.075554,6.248896,-0.000709,-0.012852,0.003978,calib
127.54700,5.600000,5.560000,25.660000,1.224865,1.062370,6.238768,-0.000803,-0.012520,0.003977,calib
127.56300,5.670000,5.480000,25.620000,1.231354,1.041049,6.228663,-0.000624,-0.012188,0.004080,calib
127.62500,5.860000,5.000000,25.740000,1.090128,0.923060,6.206093,-0.000112,-0.012757,0.003846,calib
127.62500,5.830000,4.960000,25.780000,1.047114,0.932141,6.226347,-0.000207,-0.012931,0.003744,calib
127.64100,5.790000,4.950000,25.820000,1.032597,0.932495,6.246862,-0.000202,-0.013020,0.003751,calib
127.65700,5.820000,4.970000,25.820000,1.032663,0.923760,6.226372,-0.000264,-0.012831,0.003852,calib
127.67200,5.880000,5.000000,25.750000,1.046842,0.923161,6.237009,-0.000106,-0.012453,0.003856,calib
127.71900,5.880000,5.110000,25.760000,1.078808,0.962241,6.258822,-0.000994,-0.011416,0.003986,calib
127.73500,5.730000,5.060000,25.810000,1.072298,0.974900,6.279423,-0.001234,-0.011555,0.003996,calib
127.75000,5.730000,5.040000,25.840000,1.065906,0.987215,6.279486,-0.001478,-0.011506,0.003998,calib
127.76600,5.750000,5.060000,25.820000,1.073410,0.974076,6.279640,-0.001736,-0.011272,0.004002,calib
127.76600,5.770000,5.020000,25.810000,1.066135,0.969908,6.279531,-0.001765,-0.011220,0.003895,calib
127.82900,5.710000,4.870000,25.850000,0.994901,0.961974,6.299862,-0.002307,-0.011196,0.004013,calib
127.84400,5.730000,4.840000,25.920000,0.980301,0.954209,6.309978,-0.002359,-0.011477,0.004124,calib
127.84400,5.730000,4.810000,25.960000,0.958627,0.950051,6.309845,-0.002386,-0.011326,0.004017,calib
127.86000,5.750000,4.800000,25.950000,0.950589,0.938018,6.299311,-0.002139,-0.011466,0.004009,calib
127.87500,5.860000,4.760000,25.870000,0.950055,0.912847,6.288931,-0.002150,-0.011371,0.004006,calib
127.92200,5.810000,4.780000,25.920000,0.937613,0.936977,6.320235,-0.002806,-0.010984,0.004026,calib
127.93800,5.700000,4.760000,25.970000,0.938064,0.945069,6.309930,-0.002915,-0.010890,0.003916,calib
127.95400,5.700000,4.780000,25.960000,0.938526,0.953188,6.330855,-0.003023,-0.010795,0.004140,calib
127.95400,5.700000,4.780000,26.000000,0.953355,0.952607,6.331069,-0.003195,-0.010609,0.004143,calib
127.96900,5.810000,4.770000,25.930000,0.960546,0.939696,6.310494,-0.003287,-0.010470,0.004137,calib
128.01600,5.900000,4.720000,25.920000,0.952517,0.909767,6.310618,-0.003167,-0.009844,0.004031,calib
128.03200,5.810000,4.710000,25.900000,0.945955,0.914035,6.331268,-0.003466,-0.009985,0.004149,calib
128.04700,5.840000,4.640000,25.980000,0.945986,0.913763,6.341716,-0.003468,-0.009792,0.004154,calib
128.06300,5.910000,4.680000,25.910000,0.945103,0.897280,6.341544,-0.003253,-0.009790,0.004045,calib
128.06300,5.970000,4.670000,25.890000,0.951926,0.884395,6.341673,-0.003179,-0.009553,0.004046,calib
128.11000,5.980000,4.570000,25.870000,0.937644,0.884061,6.321111,-0.003181,-0.009263,0.004037,calib
128.12500,5.870000,4.580000,25.920000,0.931200,0.887985,6.321222,-0.003483,-0.009215,0.004148,calib
128.14100,5.900000,4.630000,25.950000,0.931933,0.896122,6.321199,-0.003757,-0.009216,0.004043,calib
128.14100,5.850000,4.640000,25.950000,0.939238,0.900018,6.331756,-0.003730,-0.009076,0.004155,calib
128.15700,5.950000,4.610000,25.900000,0.946029,0.887405,6.321437,-0.003655,-0.009031,0.004151,calib
128.20400,6.080000,4.600000,25.780000,0.952973,0.857024,6.249355,-0.003707,-0.008417,0.004019,calib
128.21900,5.980000,4.570000,25.800000,0.945847,0.861202,6.249441,-0.003677,-0.008367,0.004126,calib
128.23500,5.900000,4.560000,25.850000,0.939455,0.873516,6.249504,-0.003920,-0.008318,0.004128,calib
128.23500,5.900000,4.570000,25.850000,0.925056,0.873526,6.249481,-0.003919,-0.008219,0.004127,calib
128.25000,5.960000,4.510000,25.840000,0.916817,0.844757,6.238800,-0.003789,-0.008358,0.004014,calib
128.31300,6.240000,4.170000,25.630000,0.840719,0.745551,6.103769,-0.002827,-0.008051,0.003949,calib
128.32900,6.220000,4.150000,25.650000,0.819348,0.750101,6.103423,-0.002957,-0.008188,0.003734,calib
128.34400,6.160000,4.110000,25.710000,0.805067,0.758728,6.093146,-0.002895,-0.008280,0.003943,calib
128.34400,6.150000,4.070000,25.690000,0.797741,0.746170,6.093086,-0.002983,-0.008230,0.003944,calib
128.36000,6.260000,4.130000,25.690000,0.797289,0.729116,6.093105,-0.002938,-0.007941,0.003838,calib
128.40700,6.470000,3.850000,25.540000,0.779713,0.646317,6.040800,-0.002360,-0.007935,0.003598,calib
128.42200,6.400000,3.900000,25.550000,0.773008,0.658858,6.020133,-0.002437,-0.007983,0.003589,calib
128.43800,6.300000,3.920000,25.610000,0.773491,0.675639,6.030561,-0.002485,-0.008079,0.003700,calib
128.45400,6.290000,3.980000,25.640000,0.774404,0.691850,6.041181,-0.002702,-0.007889,0.003814,calib
128.46900,6.280000,3.990000,25.580000,0.789233,0.691269,6.041396,-0.002873,-0.007703,0.003818,calib
128.51600,6.450000,3.970000,25.440000,0.802704,0.674044,5.989888,-0.002502,-0.007328,0.003688,calib
128.53200,6.370000,3.930000,25.510000,0.781713,0.678594,6.000066,-0.002797,-0.007561,0.003801,calib
128.54700,6.280000,3.950000,25.580000,0.760543,0.699879,5.999866,-0.002811,-0.007697,0.003691,calib
128.54700,6.230000,3.920000,25.620000,0.761373,0.707972,6.000086,-0.003085,-0.007700,0.003909,calib
128.56300,6.310000,3.940000,25.570000,0.775521,0.707645,6.000276,-0.002924,-0.007513,0.003908,calib
128.62500,6.340000,3.910000,25.490000,0.782999,0.702435,5.938574,-0.002964,-0.006995,0.003779,calib
128.64100,6.260000,3.880000,25.520000,0.747629,0.715657,5.938233,-0.003197,-0.007319,0.003778,calib
128.65700,6.240000,3.810000,25.600000,0.725756,0.703725,5.948240,-0.003277,-0.007550,0.003781,calib
128.65700,6.210000,3.790000,25.600000,0.710957,0.704033,5.958473,-0.003108,-0.007543,0.003783,calib
128.67200,6.330000,3.780000,25.580000,0.702748,0.674992,5.958240,-0.002980,-0.007490,0.003675,calib
128.71900,6.400000,3.690000,25.480000,0.679776,0.637797,5.937303,-0.002743,-0.007435,0.003664,calib
128.75000,6.290000,3.640000,25.540000,0.666162,0.663296,5.947493,-0.002892,-0.007717,0.003667,calib
128.75000,6.200000,3.660000,25.630000,0.645705,0.693017,5.968052,-0.003176,-0.008045,0.003783,calib
128.76600,6.170000,3.660000,25.680000,0.638914,0.705630,5.978371,-0.003251,-0.008091,0.003787,calib
128.78200,6.250000,3.650000,25.640000,0.646069,0.701181,5.988734,-0.003283,-0.007948,0.003685,calib
128.82900,6.440000,3.770000,25.510000,0.724826,0.678107,6.010446,-0.003126,-0.006968,0.003807,calib
128.86000,6.420000,3.760000,25.550000,0.732434,0.690711,6.020789,-0.003203,-0.007114,0.003812,calib
128.86000,6.280000,3.780000,25.610000,0.733316,0.707194,6.020961,-0.003418,-0.007116,0.003921,calib
128.87500,6.280000,3.800000,25.600000,0.733650,0.715629,6.031195,-0.003524,-0.007212,0.003818,calib
128.89100,6.300000,3.820000,25.590000,0.734049,0.715331,6.020938,-0.003691,-0.007117,0.003816,calib
128.93800,6.240000,3.790000,25.570000,0.749479,0.731188,6.011043,-0.003914,-0.006838,0.003923,calib
128.95400,6.220000,3.810000,25.610000,0.749879,0.730889,6.000787,-0.004081,-0.006745,0.003922,calib
128.98500,6.260000,3.840000,25.590000,0.742604,0.726721,6.000677,-0.004110,-0.006694,0.003814,calib
128.98500,6.290000,3.840000,25.560000,0.749545,0.722453,5.990553,-0.003976,-0.006650,0.004024,calib
129.00000,6.310000,3.810000,25.510000,0.749597,0.730844,5.990504,-0.003917,-0.006650,0.003916,calib
129.06300,6.150000,3.840000,25.630000,0.759070,0.759423,5.990545,-0.004709,-0.006703,0.003709,calib
129.07900,6.200000,3.840000,25.610000,0.759070,0.759423,5.990545,-0.004709,-0.006703,0.003709,calib
129.09400,6.230000,3.860000,25.590000,0.765892,0.746538,5.990674,-0.004635,-0.006467,0.003710,calib
129.09400,6.290000,3.850000,25.540000,0.772684,0.733924,5.980354,-0.004560,-0.006420,0.003706,calib
129.11000,6.310000,3.790000,25.550000,0.764958,0.721665,5.990550,-0.004479,-0.006464,0.003709,calib
129.17200,6.070000,3.770000,25.660000,0.738929,0.771766,5.980162,-0.005281,-0.006748,0.003710,calib
129.18800,6.140000,3.790000,25.600000,0.738929,0.771766,5.980162,-0.005281,-0.006748,0.003710,calib
129.20400,6.220000,3.830000,25.590000,0.760182,0.758599,5.990762,-0.005211,-0.006418,0.003716,calib
129.20400,6.280000,3.850000,25.540000,0.767004,0.745714,5.990891,-0.005138,-0.006181,0.003717,calib
129.21900,6.280000,3.860000,25.550000,0.781121,0.745659,5.980632,-0.004975,-0.006186,0.003712,calib
129.28200,6.080000,3.890000,25.690000,0.769518,0.803669,6.022101,-0.005722,-0.006182,0.003627,calib
129.29700,6.150000,3.900000,25.660000,0.783726,0.777989,6.042923,-0.005904,-0.005899,0.003640,calib
129.31300,6.210000,3.840000,25.630000,0.790148,0.765402,6.053308,-0.005663,-0.005755,0.003642,calib
129.31300,6.320000,3.850000,25.590000,0.789214,0.740529,6.053185,-0.005506,-0.005753,0.003642,calib
129.32900,6.340000,3.820000,25.580000,0.781606,0.727925,6.042842,-0.005429,-0.005607,0.003637,calib
129.39100,6.050000,3.920000,25.750000,0.784833,0.794316,6.094812,-0.006284,-0.005801,0.003772,calib
129.40700,6.230000,3.940000,25.680000,0.798759,0.768591,6.105351,-0.006302,-0.005422,0.003779,calib
129.42200,6.270000,3.940000,25.660000,0.812307,0.751827,6.115650,-0.006090,-0.005327,0.003676,calib
129.42200,6.280000,3.920000,25.660000,0.819345,0.747721,6.146551,-0.006119,-0.005373,0.003581,calib
129.43800,6.250000,3.920000,25.670000,0.812220,0.751899,6.146637,-0.006089,-0.005324,0.003688,calib
129.50000,6.200000,4.020000,25.770000,0.813604,0.776462,6.250194,-0.006576,-0.005125,0.003735,calib
129.51600,6.210000,4.010000,25.800000,0.812815,0.768125,6.291651,-0.006303,-0.004929,0.003857,calib
129.53200,6.250000,4.010000,25.780000,0.812728,0.768197,6.322638,-0.006302,-0.004926,0.003869,calib
129.53200,6.220000,4.030000,25.860000,0.806249,0.780583,6.353687,-0.006544,-0.004874,0.003884,calib
129.54700,6.150000,4.050000,25.900000,0.813887,0.792915,6.374478,-0.006623,-0.004828,0.003893,calib
129.59400,6.250000,4.190000,25.850000,0.879445,0.787085,6.426751,-0.007002,-0.004320,0.003816,calib
129.61000,6.320000,4.160000,25.850000,0.886267,0.774200,6.426879,-0.006928,-0.004083,0.003817,calib
129.62500,6.260000,4.170000,25.830000,0.886600,0.782635,6.437113,-0.007034,-0.004177,0.003714,calib
129.64100,6.280000,4.240000,25.860000,0.879926,0.794905,6.426894,-0.007113,-0.004033,0.003711,calib
129.64100,6.120000,4.200000,25.930000,0.873534,0.807220,6.426957,-0.007357,-0.003985,0.003713,calib
129.70400,6.300000,4.170000,25.840000,0.887265,0.781377,6.396227,-0.007211,-0.003513,0.003702,calib
129.71900,6.260000,4.190000,25.820000,0.887265,0.781377,6.396227,-0.007211,-0.003513,0.003702,calib
129.73500,6.220000,4.210000,25.840000,0.895390,0.793338,6.375775,-0.007459,-0.003376,0.003697,calib
129.73500,6.210000,4.260000,25.840000,0.896273,0.809821,6.375947,-0.007674,-0.003378,0.003806,calib
129.75000,6.140000,4.230000,25.890000,0.904280,0.822126,6.376033,-0.007919,-0.003430,0.003809,calib
129.82900,6.200000,4.340000,25.820000,0.942228,0.839995,6.325741,-0.008299,-0.002066,0.004013,calib
129.84400,6.150000,4.300000,25.850000,0.941828,0.840293,6.335998,-0.008131,-0.002159,0.004015,calib
129.86000,6.180000,4.310000,25.830000,0.948932,0.827453,6.346409,-0.008222,-0.002017,0.004021,calib
129.87500,6.280000,4.330000,25.800000,0.941658,0.823285,6.346300,-0.008251,-0.001966,0.003914,calib
129.89100,6.230000,4.300000,25.840000,0.934332,0.810727,6.346239,-0.008338,-0.001915,0.003915,calib
129.93800,6.220000,4.360000,25.800000,0.950274,0.834132,6.346934,-0.008673,-0.001159,0.003922,calib
129.95400,6.190000,4.400000,25.830000,0.957948,0.838001,6.336787,-0.008813,-0.001115,0.004027,calib
129.98500,6.180000,4.450000,25.810000,0.973228,0.845512,6.326697,-0.009093,-0.000835,0.003920,calib
130.00000,6.210000,4.460000,25.800000,0.988658,0.861369,6.316802,-0.009315,-0.000557,0.004027,calib
130.00000,6.110000,4.450000,25.760000,0.989391,0.869507,6.316779,-0.009589,-0.000557,0.003922,calib
130.06300,6.230000,4.430000,25.770000,0.996709,0.847316,6.296609,-0.009748,0.000154,0.004027,calib
130.09400,6.210000,4.430000,25.790000,0.983022,0.846801,6.307059,-0.010080,0.000445,0.004035,calib
130.11000,6.110000,4.430000,25.840000,0.968474,0.847426,6.317126,-0.010073,0.000164,0.004037,calib
130.12500,6.100000,4.400000,25.850000,0.954756,0.847183,6.317129,-0.010404,0.000264,0.004041,calib
130.12500,6.130000,4.390000,25.880000,0.954786,0.846911,6.327576,-0.010406,0.000455,0.004045,calib
130.20400,6.130000,4.430000,25.820000,0.955702,0.845970,6.286525,-0.010745,0.000833,0.004034,calib
130.21900,6.090000,4.410000,25.870000,0.934859,0.849904,6.286613,-0.011046,0.000981,0.004144,calib
130.23500,6.050000,4.380000,25.830000,0.927133,0.837644,6.296809,-0.010966,0.000937,0.004147,calib
130.25000,6.100000,4.330000,25.850000,0.918695,0.816948,6.286245,-0.010614,0.001085,0.003925,calib
130.25000,6.310000,4.250000,25.760000,0.895723,0.779753,6.265308,-0.010377,0.001141,0.003914,calib
130.32900,6.310000,4.040000,25.890000,0.785170,0.719708,6.315648,-0.010121,0.000565,0.003926,calib
130.34400,6.320000,4.060000,25.850000,0.792295,0.715531,6.315562,-0.010151,0.000516,0.003819,calib
130.36000,6.360000,4.080000,25.840000,0.806474,0.714932,6.326199,-0.009993,0.000895,0.003824,calib
130.37500,6.360000,4.100000,25.830000,0.821303,0.714351,6.326414,-0.010164,0.001080,0.003827,calib
130.39100,6.390000,4.150000,25.750000,0.835703,0.714342,6.326437,-0.010166,0.000981,0.003828,calib
130.45400,6.410000,4.190000,25.790000,0.865075,0.721326,6.357971,-0.010286,0.001642,0.003737,calib
130.46900,6.360000,4.220000,25.800000,0.865624,0.729373,6.347909,-0.010396,0.001734,0.003949,calib
130.48500,6.290000,4.210000,25.830000,0.873631,0.741678,6.347995,-0.010641,0.001683,0.003952,calib
130.50000,6.270000,4.240000,25.840000,0.859914,0.766243,6.348261,-0.010633,0.002069,0.003951,calib
130.51600,6.240000,4.230000,25.870000,0.867922,0.778548,6.348347,-0.010878,0.002017,0.003954,calib
130.57900,6.210000,4.300000,25.850000,0.877446,0.806349,6.297272,-0.011513,0.002435,0.004049,calib
130.59400,6.170000,4.300000,25.900000,0.878179,0.814487,6.297249,-0.011786,0.002435,0.003944,calib
130.61000,6.120000,4.280000,25.900000,0.871787,0.826801,6.297312,-0.012030,0.002484,0.003946,calib
130.62500,6.090000,4.320000,25.920000,0.879425,0.839133,6.318102,-0.012109,0.002530,0.003956,calib
130.64100,6.100000,4.260000,25.850000,0.879522,0.830127,6.308060,-0.012174,0.002910,0.004061,calib
130.70400,6.090000,4.300000,25.890000,0.895802,0.853777,6.277603,-0.012673,0.003377,0.004056,calib
130.71900,6.060000,4.360000,25.940000,0.895802,0.853777,6.277603,-0.012673,0.003377,0.004056,calib
130.73500,5.980000,4.330000,25.940000,0.896767,0.878378,6.288175,-0.012831,0.003567,0.004061,calib
130.73500,6.040000,4.350000,25.900000,0.904441,0.882247,6.278027,-0.012970,0.003610,0.004167,calib
130.75000,6.060000,4.380000,25.880000,0.911714,0.877453,6.267851,-0.013006,0.003942,0.004057,calib
130.79700,6.010000,4.350000,25.930000,0.905665,0.889269,6.299092,-0.013418,0.004280,0.004075,calib
130.81300,5.980000,4.350000,25.970000,0.899303,0.901312,6.309602,-0.013664,0.004521,0.004082,calib
130.84400,5.980000,4.370000,25.930000,0.899703,0.901013,6.299346,-0.013832,0.004615,0.004080,calib
130.84400,6.040000,4.410000,25.940000,0.914133,0.900732,6.309817,-0.013835,0.004706,0.004085,calib
130.86000,6.100000,4.420000,25.890000,0.920955,0.887846,6.309946,-0.013762,0.004945,0.004086,calib
130.92200,6.020000,4.370000,26.060000,0.893621,0.895739,6.423592,-0.014527,0.005248,0.004032,calib
130.93800,6.060000,4.330000,26.040000,0.879222,0.895748,6.423568,-0.014525,0.005350,0.004031,calib
130.95400,6.070000,4.310000,26.040000,0.871808,0.883262,6.454494,-0.014611,0.005403,0.004045,calib
130.96900,6.050000,4.340000,26.040000,0.871839,0.882990,6.464942,-0.014613,0.005594,0.004050,calib
130.96900,6.050000,4.310000,26.070000,0.872854,0.891172,6.475202,-0.015051,0.005498,0.003951,calib
131.04700,6.050000,4.320000,26.130000,0.859141,0.899146,6.547820,-0.015323,0.005795,0.004198,calib
131.06300,6.050000,4.350000,26.120000,0.859259,0.898802,6.527281,-0.015326,0.005984,0.004190,calib
131.06300,6.030000,4.300000,26.130000,0.852318,0.903070,6.537406,-0.015461,0.005940,0.003980,calib
131.07900,6.070000,4.310000,26.160000,0.837918,0.903079,6.537382,-0.015459,0.006040,0.003980,calib
131.09400,5.970000,4.270000,26.180000,0.831496,0.915666,6.526997,-0.015700,0.005897,0.003977,calib
131.14100,5.930000,4.390000,26.100000,0.855537,0.943114,6.455407,-0.016340,0.006403,0.004065,calib
131.15700,5.920000,4.330000,26.120000,0.863241,0.946711,6.455707,-0.016482,0.006638,0.004175,calib
131.17200,5.830000,4.400000,26.090000,0.863929,0.963076,6.414610,-0.016534,0.006729,0.004266,calib
131.17200,5.830000,4.430000,26.100000,0.865262,0.987651,6.404477,-0.016858,0.006821,0.004265,calib
131.18800,5.800000,4.420000,26.130000,0.858840,1.000237,6.394092,-0.017099,0.006677,0.004262,calib
131.25000,5.930000,4.400000,26.040000,0.873769,0.973499,6.332593,-0.017457,0.007430,0.004246,calib
131.26600,5.900000,4.350000,26.020000,0.873004,0.956673,6.311883,-0.017245,0.007621,0.004129,calib
131.26600,6.040000,4.340000,25.980000,0.879714,0.935941,6.291164,-0.017227,0.007474,0.004228,calib
131.28200,6.010000,4.340000,25.990000,0.872136,0.923065,6.291269,-0.017151,0.007812,0.004229,calib
131.29700,5.980000,4.330000,26.010000,0.865063,0.935633,6.291306,-0.017063,0.007862,0.004227,calib
131.34400,6.090000,4.310000,25.850000,0.870990,0.872261,6.208702,-0.017015,0.008285,0.004197,calib
131.36000,6.120000,4.250000,25.860000,0.862649,0.851520,6.198382,-0.016664,0.008431,0.004297,calib
131.37500,6.140000,4.220000,25.860000,0.848018,0.835066,6.187765,-0.016778,0.008340,0.004186,calib
131.39100,6.100000,4.150000,25.880000,0.840262,0.823079,6.187513,-0.016695,0.008104,0.004185,calib
131.40700,6.150000,4.130000,25.880000,0.825862,0.823088,6.187489,-0.016694,0.008204,0.004184,calib
131.48500,6.120000,4.230000,25.820000,0.863680,0.816465,6.126243,-0.017409,0.009092,0.004065,calib
131.50000,6.110000,4.210000,25.820000,0.862999,0.816718,6.126217,-0.017077,0.009093,0.004061,calib
131.51600,6.190000,4.170000,25.800000,0.855339,0.795724,6.115923,-0.017059,0.009239,0.004165,calib
131.53200,6.240000,4.110000,25.750000,0.840375,0.770835,6.095072,-0.017067,0.009242,0.004157,calib
131.54700,6.260000,4.090000,25.740000,0.825545,0.771415,6.094857,-0.016895,0.009057,0.004154,calib
131.61000,6.120000,4.110000,25.740000,0.805486,0.791876,6.094874,-0.017411,0.009206,0.004051,calib
131.62500,6.210000,4.030000,25.760000,0.805004,0.775095,6.084445,-0.017363,0.009301,0.003939,calib
131.64100,6.250000,4.060000,25.760000,0.790552,0.766714,6.084470,-0.017421,0.009402,0.004047,calib
131.65700,6.260000,4.000000,25.790000,0.782878,0.762845,6.094618,-0.017281,0.009358,0.003942,calib
131.65700,6.240000,3.960000,25.790000,0.776035,0.767068,6.104986,-0.017416,0.009312,0.004054,calib
131.71900,6.110000,4.120000,25.850000,0.778163,0.799235,6.115725,-0.018017,0.009789,0.003958,calib
131.75000,6.140000,4.150000,25.740000,0.807875,0.815427,6.126392,-0.018238,0.009777,0.004074,calib
131.76600,6.100000,4.210000,25.790000,0.823053,0.830966,6.116663,-0.018298,0.010344,0.004179,calib
131.76600,6.060000,4.260000,25.790000,0.823786,0.839103,6.116640,-0.018571,0.010342,0.004075,calib
131.78200,5.970000,4.240000,25.830000,0.817706,0.851191,6.137433,-0.018981,0.010488,0.004088,calib
131.84400,6.180000,3.980000,25.760000,0.756926,0.760763,6.136465,-0.018616,0.010323,0.003976,calib
131.86000,6.220000,3.990000,25.800000,0.756926,0.760763,6.136465,-0.018616,0.010323,0.003976,calib
131.87500,6.170000,3.980000,25.820000,0.749253,0.756894,6.146613,-0.018476,0.010279,0.003870,calib
131.89100,6.130000,3.970000,25.850000,0.742409,0.761117,6.156981,-0.018611,0.010233,0.003983,calib
131.90700,6.130000,4.000000,25.870000,0.743142,0.769254,6.156958,-0.018884,0.010233,0.003878,calib
131.95400,6.280000,4.010000,25.780000,0.764179,0.747307,6.136785,-0.018712,0.010845,0.003979,calib
131.98500,6.200000,3.990000,25.770000,0.764179,0.747307,6.136785,-0.018712,0.010845,0.003979,calib
132.00000,6.160000,4.030000,25.780000,0.757387,0.759921,6.147105,-0.018788,0.010800,0.003983,calib
132.00000,6.150000,3.990000,25.810000,0.765091,0.763518,6.147405,-0.018929,0.011036,0.004093,calib
132.01600,6.150000,4.040000,25.820000,0.764809,0.763473,6.137123,-0.018765,0.011130,0.004087,calib
132.06300,6.140000,4.040000,25.780000,0.780147,0.771184,6.085598,-0.019045,0.011215,0.003963,calib
132.09400,6.150000,4.050000,25.800000,0.766029,0.771239,6.095857,-0.019208,0.011220,0.003969,calib
132.09400,6.080000,4.010000,25.830000,0.759637,0.783554,6.095920,-0.019451,0.011270,0.003971,calib
132.11000,6.130000,4.030000,25.830000,0.759919,0.783599,6.106202,-0.019616,0.011174,0.003976,calib
132.11000,6.130000,4.030000,25.800000,0.766710,0.770986,6.095883,-0.019540,0.011220,0.003972,calib
132.17200,6.220000,3.960000,25.740000,0.750731,0.737914,6.064772,-0.019110,0.011319,0.004063,calib
132.17200,6.190000,3.960000,25.750000,0.744339,0.750228,6.064835,-0.019353,0.011367,0.004065,calib
132.18800,6.100000,3.970000,25.790000,0.737916,0.762815,6.054450,-0.019595,0.011225,0.004063,calib
132.20400,6.080000,3.960000,25.840000,0.738280,0.770979,6.075132,-0.019703,0.011321,0.003965,calib
132.21900,6.120000,4.050000,25.780000,0.752828,0.770353,6.065064,-0.019710,0.011602,0.003962,calib
132.26600,6.290000,3.990000,25.660000,0.787899,0.740233,6.024234,-0.019431,0.012017,0.004162,calib
132.28200,6.190000,4.000000,25.710000,0.774285,0.756770,6.024139,-0.019644,0.012117,0.003948,calib
132.29700,6.120000,3.970000,25.720000,0.768144,0.769402,6.024036,-0.020050,0.011879,0.003951,calib
132.29700,6.050000,4.010000,25.790000,0.768657,0.785911,6.044913,-0.020100,0.011976,0.004067,calib
132.31300,6.100000,4.040000,25.780000,0.769056,0.785613,6.034656,-0.020268,0.012069,0.004065,calib
132.36000,6.310000,3.950000,25.720000,0.773672,0.722736,6.065690,-0.019718,0.012600,0.004076,calib
132.37500,6.230000,3.950000,25.730000,0.759554,0.722791,6.075949,-0.019881,0.012605,0.004081,calib
132.39100,6.210000,3.970000,25.720000,0.752645,0.735748,6.106807,-0.019953,0.012371,0.004093,calib
132.40700,6.170000,3.990000,25.790000,0.738861,0.744239,6.127299,-0.020221,0.012281,0.003995,calib
132.42200,6.130000,3.930000,25.870000,0.725056,0.744067,6.158288,-0.020551,0.012383,0.004011,calib
132.48500,6.050000,4.030000,25.920000,0.733457,0.755862,6.303243,-0.021127,0.012727,0.004077,calib
132.50000,6.090000,4.010000,25.970000,0.733821,0.764026,6.323924,-0.021235,0.012824,0.003979,calib
132.51600,6.090000,4.020000,25.940000,0.733821,0.764026,6.323924,-0.021235,0.012824,0.003979,calib
132.53200,6.130000,4.010000,25.950000,0.733852,0.763754,6.334372,-0.021237,0.013016,0.003984,calib
132.54700,6.150000,4.030000,25.950000,0.734134,0.763799,6.344654,-0.021401,0.012921,0.003990,calib
132.61000,6.100000,4.150000,25.980000,0.772649,0.824698,6.376543,-0.021806,0.013529,0.004009,calib
132.62500,6.040000,4.170000,25.970000,0.787478,0.824117,6.376758,-0.021977,0.013715,0.004012,calib
132.64100,6.040000,4.180000,25.950000,0.795486,0.836422,6.376845,-0.022222,0.013663,0.004015,calib
132.65700,5.990000,4.250000,25.990000,0.818723,0.872657,6.367153,-0.022468,0.014179,0.004015,calib
132.67200,5.850000,4.400000,25.980000,0.849168,0.896986,6.377797,-0.022962,0.014166,0.004026,calib
132.73500,5.800000,4.510000,25.960000,0.903635,0.964908,6.327610,-0.023818,0.015140,0.004233,calib
132.75000,5.720000,4.500000,25.960000,0.904034,0.964609,6.317353,-0.023986,0.015233,0.004231,calib
132.76600,5.710000,4.470000,25.930000,0.897642,0.976924,6.317416,-0.024230,0.015282,0.004233,calib
132.76600,5.680000,4.480000,25.980000,0.898124,0.984744,6.317559,-0.024341,0.015568,0.004128,calib
132.78200,5.680000,4.510000,25.980000,0.898523,0.984445,6.307302,-0.024509,0.015662,0.004126,calib
132.84400,5.710000,4.590000,25.880000,0.929305,0.990889,6.225441,-0.025132,0.016214,0.004318,calib
132.86000,5.760000,4.560000,25.880000,0.922061,0.986449,6.235780,-0.025162,0.016457,0.004215,calib
132.87500,5.730000,4.540000,25.870000,0.922460,0.986151,6.225523,-0.025330,0.016552,0.004214,calib
132.87500,5.690000,4.530000,25.900000,0.922209,0.985833,6.225689,-0.025168,0.016838,0.004213,calib
132.89100,5.730000,4.560000,25.900000,0.922890,0.985580,6.225715,-0.025500,0.016837,0.004216,calib
132.95400,5.650000,4.570000,25.920000,0.909945,0.984267,6.257086,-0.026169,0.017511,0.004238,calib
132.96900,5.700000,4.550000,25.920000,0.902983,0.979873,6.277707,-0.026364,0.017659,0.004141,calib
132.96900,5.680000,4.570000,25.960000,0.896052,0.984167,6.319062,-0.026497,0.017617,0.004266,calib
132.98500,5.680000,4.580000,26.020000,0.889038,0.971382,6.339731,-0.026751,0.017763,0.004278,calib
133.00000,5.690000,4.570000,26.040000,0.890063,0.970630,6.370935,-0.027252,0.018051,0.004297,calib
133.04700,5.710000,4.570000,26.100000,0.876373,0.952752,6.484838,-0.027870,0.018831,0.004245,calib
133.06300,5.690000,4.500000,26.150000,0.847168,0.936451,6.536171,-0.027980,0.018846,0.004159,calib
133.07900,5.660000,4.490000,26.170000,0.825658,0.932682,6.566859,-0.028168,0.018713,0.004064,calib
133.09400,5.700000,4.430000,26.180000,0.803728,0.920549,6.618300,-0.028249,0.018679,0.004085,calib
133.11000,5.750000,4.430000,26.220000,0.803958,0.912204,6.628631,-0.028472,0.018582,0.004199,calib
133.14100,5.650000,4.400000,26.330000,0.753926,0.916690,6.710941,-0.028763,0.018752,0.004019,calib
133.17200,5.650000,4.400000,26.340000,0.746565,0.912594,6.741818,-0.028790,0.018804,0.003924,calib
133.18800,5.680000,4.430000,26.340000,0.754152,0.916535,6.762657,-0.028928,0.018852,0.004042,calib
133.18800,5.660000,4.430000,26.320000,0.754213,0.915991,6.783553,-0.028932,0.019235,0.004051,calib
133.20400,5.640000,4.520000,26.330000,0.761851,0.928323,6.804344,-0.029012,0.019282,0.004061,calib
133.23500,5.610000,4.600000,26.380000,0.785965,0.964422,6.835946,-0.029753,0.019703,0.004083,calib
133.26600,5.560000,4.620000,26.360000,0.786416,0.972513,6.825641,-0.029862,0.019797,0.003973,calib
133.28200,5.530000,4.610000,26.350000,0.779660,0.976664,6.805023,-0.029998,0.019748,0.004073,calib
133.29700,5.540000,4.560000,26.350000,0.772386,0.972496,6.804913,-0.030026,0.019799,0.003965,calib
133.29700,5.550000,4.510000,26.350000,0.758688,0.980915,6.794419,-0.030296,0.019707,0.003856,calib
133.36000,5.560000,4.450000,26.390000,0.707708,0.961038,6.742263,-0.030265,0.019384,0.003939,calib
133.37500,5.580000,4.440000,26.370000,0.700069,0.948707,6.721473,-0.030186,0.019338,0.003929,calib
133.37500,5.610000,4.370000,26.360000,0.684757,0.932506,6.710829,-0.029967,0.019248,0.003815,calib
133.39100,5.650000,4.330000,26.360000,0.663283,0.920275,6.710580,-0.030215,0.019112,0.003816,calib
133.40700,5.590000,4.300000,26.410000,0.656029,0.924769,6.699974,-0.030182,0.018971,0.003596,calib
133.45400,5.570000,4.400000,26.400000,0.671039,0.932262,6.710832,-0.030298,0.019348,0.003818,calib
133.46900,5.570000,4.400000,26.350000,0.685868,0.931682,6.711047,-0.030469,0.019533,0.003821,calib
133.48500,5.550000,4.400000,26.380000,0.700950,0.956228,6.711359,-0.030465,0.019718,0.003822,calib
133.50000,5.490000,4.490000,26.400000,0.708988,0.968261,6.721893,-0.030712,0.019859,0.003829,calib
133.50000,5.430000,4.550000,26.380000,0.724752,0.992554,6.722232,-0.031039,0.020042,0.003834,calib
133.56300,5.410000,4.690000,26.300000,0.799965,1.056380,6.630931,-0.031432,0.020958,0.004235,calib
133.57900,5.400000,4.730000,26.270000,0.808090,1.068341,6.610479,-0.031681,0.021095,0.004230,calib
133.59400,5.330000,4.720000,26.290000,0.808792,1.076750,6.600008,-0.031952,0.020902,0.004121,calib
133.61000,5.360000,4.700000,26.270000,0.801635,1.072239,6.579360,-0.031984,0.021142,0.004006,calib
133.61000,5.380000,4.630000,26.250000,0.794309,1.059680,6.579300,-0.032071,0.021192,0.004007,calib
133.67200,5.710000,4.280000,26.230000,0.693183,0.874955,6.515522,-0.030710,0.020706,0.003966,calib
133.68800,5.770000,4.190000,26.230000,0.655633,0.838657,6.494204,-0.030464,0.020288,0.003953,calib
133.68800,5.800000,4.110000,26.230000,0.610721,0.798264,6.503763,-0.030245,0.019925,0.003845,calib
133.70400,5.810000,3.910000,26.290000,0.573587,0.778521,6.503078,-0.030048,0.019605,0.003626,calib
133.71900,5.800000,3.900000,26.300000,0.551400,0.766815,6.492355,-0.029961,0.019279,0.003619,calib
133.76600,5.760000,4.130000,26.310000,0.560433,0.803177,6.523908,-0.030369,0.019801,0.003637,calib
133.78200,5.710000,4.120000,26.310000,0.575776,0.819106,6.544999,-0.030590,0.020084,0.003756,calib
133.79700,5.690000,4.180000,26.360000,0.598727,0.847638,6.576433,-0.030888,0.020219,0.003880,calib
133.81300,5.660000,4.230000,26.360000,0.620965,0.867735,6.587108,-0.030915,0.020547,0.003779,calib
133.82900,5.630000,4.390000,26.340000,0.643433,0.879486,6.608113,-0.031166,0.020779,0.003791,calib
133.87500,5.430000,4.680000,26.290000,0.765044,1.000241,6.610450,-0.032485,0.021971,0.004135,calib
133.90700,5.450000,4.680000,26.290000,0.794874,1.016088,6.600578,-0.032709,0.022148,0.004242,calib
133.90700,5.490000,4.730000,26.240000,0.824702,1.022974,6.580420,-0.032996,0.022710,0.004133,calib
133.92200,5.470000,4.800000,26.220000,0.854331,1.022085,6.570402,-0.033337,0.022888,0.004135,calib
133.93800,5.510000,4.840000,26.200000,0.861636,1.025981,6.580959,-0.033311,0.023029,0.004247,calib
133.98500,5.480000,4.780000,26.260000,0.849532,1.041396,6.570825,-0.034194,0.023508,0.004038,calib
134.00000,5.450000,4.800000,26.250000,0.856687,1.036946,6.581187,-0.034226,0.023650,0.003937,calib
134.01600,5.490000,4.830000,26.260000,0.857117,1.036376,6.581379,-0.034396,0.023936,0.003940,calib
134.03200,5.500000,4.880000,26.220000,0.864791,1.040245,6.571231,-0.034536,0.023979,0.004045,calib
134.04700,5.470000,4.860000,26.240000,0.865221,1.039674,6.571423,-0.034706,0.024265,0.004048,calib
134.09400,5.450000,4.790000,26.270000,0.822836,1.031150,6.581466,-0.035256,0.024472,0.003842,calib
134.11000,5.450000,4.800000,26.260000,0.815658,1.017976,6.571314,-0.035349,0.024903,0.003840,calib
134.12500,5.490000,4.780000,26.250000,0.822933,1.022144,6.571423,-0.035321,0.024852,0.003947,calib
134.14100,5.510000,4.790000,26.230000,0.823050,1.021800,6.550885,-0.035324,0.025041,0.003940,calib
134.14100,5.490000,4.800000,26.230000,0.816058,1.017677,6.561058,-0.035517,0.024997,0.003838,calib
134.18800,5.490000,4.800000,26.310000,0.817429,1.008236,6.582054,-0.036245,0.025378,0.003964,calib
134.20400,5.500000,4.780000,26.230000,0.817148,1.008191,6.571772,-0.036080,0.025473,0.003958,calib
134.21900,5.530000,4.810000,26.200000,0.838769,0.994997,6.561667,-0.036176,0.025704,0.003958,calib
134.23500,5.570000,4.860000,26.130000,0.846191,0.998549,6.551686,-0.036153,0.026034,0.004062,calib
134.23500,5.630000,4.900000,26.170000,0.867931,0.993973,6.531328,-0.036188,0.026071,0.004270,calib
134.29700,5.420000,4.920000,26.210000,0.879368,1.054330,6.511288,-0.037421,0.026779,0.003955,calib
134.31300,5.470000,5.040000,26.140000,0.886760,1.058154,6.490858,-0.037396,0.026916,0.004054,calib
134.31300,5.520000,5.000000,26.150000,0.901256,1.049138,6.480839,-0.037462,0.027196,0.004160,calib
134.32900,5.570000,5.000000,26.100000,0.894047,1.036236,6.460240,-0.037553,0.027436,0.004154,calib
134.34400,5.580000,4.970000,26.100000,0.886460,1.032295,6.439401,-0.037415,0.027390,0.004036,calib
134.39100,5.710000,4.540000,26.220000,0.723804,0.944209,6.395852,-0.036690,0.026588,0.003573,calib
134.40700,5.730000,4.460000,26.230000,0.701048,0.915794,6.405686,-0.036555,0.026360,0.003467,calib
134.42200,5.740000,4.390000,26.230000,0.679256,0.911979,6.426093,-0.036578,0.026322,0.003367,calib
134.43800,5.740000,4.460000,26.250000,0.657434,0.908437,6.436051,-0.036600,0.026092,0.003262,calib
134.43800,5.650000,4.370000,26.360000,0.635191,0.896531,6.466762,-0.036514,0.025960,0.003273,calib
134.50000,6.230000,3.870000,26.240000,0.517732,0.671363,6.547228,-0.034935,0.025112,0.003502,calib
134.51600,6.230000,3.760000,26.250000,0.472539,0.630925,6.546505,-0.034551,0.024843,0.003388,calib
134.51600,6.240000,3.670000,26.270000,0.428197,0.607241,6.535506,-0.034381,0.024382,0.003379,calib
134.53200,6.190000,3.520000,26.340000,0.383885,0.583285,6.534956,-0.034212,0.024110,0.003374,calib
134.54700,6.210000,3.480000,26.340000,0.339595,0.567991,6.523908,-0.033983,0.023648,0.003257,calib
134.61000,6.010000,3.530000,26.450000,0.320538,0.622721,6.564912,-0.034751,0.023130,0.003063,calib
134.62500,5.960000,3.550000,26.510000,0.328459,0.635098,6.595984,-0.034995,0.023081,0.003078,calib
134.62500,5.920000,3.550000,26.550000,0.335194,0.622285,6.627100,-0.034920,0.023322,0.003091,calib
134.64100,5.980000,3.550000,26.520000,0.355579,0.584472,6.627372,-0.034692,0.023459,0.003414,calib
134.65700,6.260000,3.540000,26.290000,0.382955,0.541820,6.607185,-0.034335,0.024022,0.003621,calib
134.73500,5.840000,3.860000,26.650000,0.360946,0.673206,6.730896,-0.036384,0.024805,0.001972,calib
134.75000,6.000000,3.960000,26.570000,0.403642,0.672542,6.731297,-0.036064,0.025079,0.001972,calib
134.76600,6.070000,4.090000,26.510000,0.425547,0.684203,6.731738,-0.035986,0.025500,0.001973,calib
134.78200,5.980000,4.120000,26.580000,0.434421,0.721154,6.742152,-0.036389,0.025641,0.001659,calib
134.79700,5.830000,4.150000,26.670000,0.436186,0.754326,6.783278,-0.036981,0.025548,0.001252,calib
134.84400,5.810000,4.490000,26.590000,0.577501,0.837728,6.826643,-0.037902,0.026789,0.001288,calib
134.86000,5.680000,4.580000,26.620000,0.585990,0.857853,6.826872,-0.038258,0.027023,0.001185,calib
134.87500,5.500000,4.630000,26.690000,0.580948,0.911595,6.847691,-0.038707,0.027168,0.000982,calib
134.89100,5.320000,4.740000,26.790000,0.583261,0.952814,6.878756,-0.039409,0.027168,0.000786,calib
134.90700,5.180000,4.760000,26.820000,0.577987,0.990092,6.888981,-0.039972,0.027121,0.000473,calib
134.96900,5.110000,5.050000,26.750000,0.602128,1.058565,6.889438,-0.040324,0.028406,-0.000595,calib
134.98500,4.950000,5.110000,26.810000,0.604107,1.091348,6.910269,-0.040920,0.028500,-0.000688,calib
135.00000,4.960000,5.160000,26.800000,0.604922,1.107604,6.920645,-0.041137,0.028692,-0.000896,calib
135.01600,4.980000,5.200000,26.700000,0.611796,1.103109,6.920725,-0.041005,0.028930,-0.001003,calib
135.03200,5.100000,5.250000,26.700000,0.618402,1.081444,6.890081,-0.040829,0.029451,-0.000908,calib
135.07900,4.800000,5.420000,26.810000,0.592590,1.096849,6.951962,-0.042204,0.029941,-0.001404,calib
135.11000,4.960000,5.440000,26.770000,0.592117,1.071133,6.962478,-0.042220,0.030421,-0.001398,calib
135.12500,5.060000,5.490000,26.720000,0.598605,1.049812,6.952372,-0.042041,0.030753,-0.001294,calib
135.12500,5.090000,5.470000,26.690000,0.612531,1.024087,6.962912,-0.042058,0.031133,-0.001287,calib
135.14100,5.060000,5.510000,26.720000,0.605517,1.011302,6.983581,-0.042312,0.031280,-0.001275,calib
135.21900,4.700000,5.740000,26.840000,0.552329,1.025676,7.066362,-0.044353,0.032354,-0.001756,calib
135.21900,4.960000,5.710000,26.770000,0.543839,0.996590,7.055847,-0.044061,0.032501,-0.001870,calib
135.23500,4.990000,5.760000,26.780000,0.521631,0.967260,7.045335,-0.044099,0.032747,-0.001980,calib
135.25000,4.940000,5.740000,26.790000,0.500208,0.963419,7.045037,-0.044289,0.032612,-0.002087,calib
135.26600,4.840000,5.720000,26.830000,0.471957,0.971692,7.075710,-0.044557,0.032816,-0.002502,calib
135.31300,4.810000,6.000000,26.800000,0.428941,0.954096,7.105889,-0.045007,0.033701,-0.003880,calib
135.32900,4.890000,5.990000,26.790000,0.406666,0.933500,7.115867,-0.044983,0.033759,-0.004091,calib
135.34400,4.760000,5.910000,26.860000,0.370792,0.921279,7.115594,-0.045229,0.033723,-0.004090,calib
135.36000,4.730000,5.900000,26.930000,0.341665,0.913841,7.114995,-0.045277,0.033353,-0.004307,calib
135.37500,4.680000,5.850000,26.980000,0.305652,0.893301,7.145757,-0.045581,0.033319,-0.004185,calib
135.42200,5.160000,5.710000,26.870000,0.241767,0.719339,7.103852,-0.044481,0.033534,-0.003566,calib
135.43800,5.130000,5.680000,26.910000,0.227316,0.710958,7.103877,-0.044539,0.033633,-0.003458,calib
135.45400,5.020000,5.740000,26.930000,0.213619,0.719377,7.093383,-0.044808,0.033541,-0.003568,calib
135.45400,4.830000,5.780000,26.980000,0.201147,0.743779,7.114239,-0.045462,0.033735,-0.003553,calib
135.46900,4.700000,5.890000,27.010000,0.188044,0.752017,7.134757,-0.046063,0.033645,-0.003646,calib
135.53200,5.010000,5.910000,26.830000,0.184906,0.650832,7.062800,-0.045454,0.034597,-0.003354,calib
135.54700,5.070000,5.890000,26.830000,0.177150,0.638845,7.062548,-0.045371,0.034361,-0.003355,calib
135.56300,4.950000,5.840000,26.930000,0.147668,0.614308,7.062212,-0.045374,0.034277,-0.003356,calib
135.56300,4.930000,5.780000,26.940000,0.126142,0.593687,7.062011,-0.045681,0.034139,-0.003246,calib
135.57900,4.940000,5.800000,26.960000,0.118365,0.573037,7.072256,-0.045659,0.034096,-0.003135,calib
135.62500,5.190000,5.800000,26.840000,0.121486,0.451990,7.000171,-0.044859,0.034424,-0.002415,calib
135.64100,5.180000,5.840000,26.820000,0.121035,0.443898,7.010476,-0.044750,0.034330,-0.002305,calib
135.65700,5.150000,5.840000,26.850000,0.106931,0.426829,7.000293,-0.045034,0.034523,-0.002091,calib
135.67200,5.100000,5.880000,26.860000,0.106931,0.426829,7.000293,-0.045034,0.034523,-0.002091,calib
135.68800,5.050000,5.870000,26.860000,0.099272,0.405835,6.989999,-0.045016,0.034668,-0.001987,calib
135.73500,5.290000,5.790000,26.820000,0.067398,0.306201,6.969485,-0.044555,0.034772,-0.001032,calib
135.75000,5.260000,5.730000,26.830000,0.060020,0.285252,6.969473,-0.044701,0.034822,-0.000922,calib
135.75000,5.250000,5.700000,26.860000,0.045065,0.260389,6.979852,-0.044708,0.034827,-0.000596,calib
135.76600,5.280000,5.710000,26.880000,0.037215,0.222686,7.000641,-0.044806,0.034974,-0.000263,calib
135.78200,5.270000,5.670000,26.880000,0.036327,0.189378,7.000810,-0.044709,0.034974,0.000167,calib
135.84400,5.450000,5.660000,26.780000,0.012023,0.076832,6.970246,-0.044505,0.035120,0.001445,calib
135.84400,5.320000,5.680000,26.870000,-0.001362,0.085024,6.980481,-0.044942,0.035124,0.001345,calib
135.86000,5.230000,5.690000,26.910000,-0.022154,0.097349,6.980521,-0.045184,0.035273,0.001347,calib
135.87500,5.240000,5.680000,26.900000,-0.029198,0.084836,6.990743,-0.045435,0.035228,0.001354,calib
135.89100,5.330000,5.680000,26.830000,-0.023088,0.072476,6.980398,-0.045027,0.035276,0.001346,calib
135.96900,5.340000,5.660000,26.890000,-0.067067,0.047994,6.979795,-0.045028,0.035292,0.001022,calib
135.98500,5.380000,5.660000,26.860000,-0.060275,0.035381,6.969475,-0.044953,0.035338,0.001018,calib
135.98500,5.450000,5.660000,26.820000,-0.046491,0.026890,6.948983,-0.044684,0.035428,0.001116,calib
136.00000,5.530000,5.660000,26.770000,-0.039699,0.014277,6.938664,-0.044608,0.035472,0.001112,calib
136.01600,5.600000,5.640000,26.750000,-0.047516,0.018681,6.907494,-0.044247,0.035522,0.000880,calib
136.06300,5.390000,5.560000,26.890000,-0.097007,0.057718,6.896126,-0.044462,0.034822,0.000227,calib
136.07900,5.570000,5.590000,26.790000,-0.083244,0.040565,6.886130,-0.044254,0.035103,0.000438,calib
136.09400,5.580000,5.580000,26.760000,-0.076452,0.027951,6.875811,-0.044178,0.035148,0.000434,calib
136.11000,5.550000,5.600000,26.770000,-0.069276,0.032164,6.875677,-0.044150,0.035099,0.000219,calib
136.12500,5.570000,5.630000,26.760000,-0.076349,0.044732,6.875714,-0.044061,0.035150,0.000217,calib
136.17200,5.440000,5.640000,26.810000,-0.089091,0.086686,6.854846,-0.044426,0.034864,-0.000005,calib
136.18800,5.490000,5.590000,26.770000,-0.075122,0.078286,6.844393,-0.044321,0.034860,-0.000224,calib
136.20400,5.560000,5.600000,26.750000,-0.061338,0.069795,6.823900,-0.044053,0.034950,-0.000127,calib
136.21900,5.570000,5.620000,26.710000,-0.061568,0.078140,6.813570,-0.043830,0.035046,-0.000241,calib
136.21900,5.530000,5.600000,26.730000,-0.068509,0.082408,6.823694,-0.043964,0.035001,-0.000451,calib
136.28200,5.450000,5.790000,26.700000,-0.068086,0.056050,6.813940,-0.044316,0.035667,-0.000126,calib
136.31300,5.560000,5.790000,26.650000,-0.061295,0.043437,6.803621,-0.044240,0.035713,-0.000130,calib
136.32900,5.570000,5.790000,26.640000,-0.060843,0.051529,6.793316,-0.044349,0.035806,-0.000240,calib
136.32900,5.460000,5.740000,26.680000,-0.067614,0.072805,6.793139,-0.044364,0.035569,-0.000349,calib
136.34400,5.380000,5.770000,26.720000,-0.081280,0.080952,6.793093,-0.044636,0.035669,-0.000454,calib
136.40700,5.490000,5.770000,26.600000,-0.067583,0.080934,6.689848,-0.044144,0.035657,-0.000501,calib
136.42200,5.460000,5.690000,26.640000,-0.074554,0.085474,6.689525,-0.044276,0.035421,-0.000715,calib
136.45400,5.460000,5.670000,26.650000,-0.095873,0.098414,6.689129,-0.044348,0.035285,-0.001039,calib
136.45400,5.440000,5.660000,26.620000,-0.117556,0.103190,6.668053,-0.044312,0.035053,-0.001265,calib
136.46900,5.530000,5.580000,26.660000,-0.110830,0.099311,6.678223,-0.044174,0.034909,-0.001369,calib
136.54700,5.650000,5.380000,26.640000,-0.133146,0.138491,6.635787,-0.043565,0.034298,-0.002364,calib
136.56300,5.700000,5.300000,26.670000,-0.155229,0.143566,6.624966,-0.043361,0.033972,-0.002588,calib
136.57900,5.770000,5.180000,26.640000,-0.170750,0.144373,6.593496,-0.042858,0.033786,-0.002930,calib
136.57900,5.900000,5.110000,26.630000,-0.172041,0.137123,6.582636,-0.042412,0.033310,-0.003155,calib
136.59400,6.100000,4.900000,26.580000,-0.180288,0.142098,6.551274,-0.041881,0.033074,-0.003390,calib
136.65700,6.060000,4.650000,26.660000,-0.216935,0.190476,6.508895,-0.041205,0.031987,-0.003851,calib
136.67200,6.080000,4.630000,26.650000,-0.209973,0.194871,6.488274,-0.041011,0.031838,-0.003755,calib
136.68800,6.190000,4.590000,26.550000,-0.202981,0.198993,6.478101,-0.040818,0.031883,-0.003653,calib
136.70400,6.250000,4.580000,26.520000,-0.196619,0.186951,6.467591,-0.040572,0.031642,-0.003660,calib
136.70400,6.240000,4.530000,26.510000,-0.196901,0.186905,6.457308,-0.040408,0.031738,-0.003666,calib
136.76600,6.220000,4.420000,26.600000,-0.232746,0.209133,6.456484,-0.040411,0.031130,-0.004100,calib
136.78200,6.290000,4.420000,26.590000,-0.232896,0.200788,6.456289,-0.040470,0.031131,-0.004314,calib
136.79700,6.280000,4.410000,26.560000,-0.233177,0.200743,6.446007,-0.040305,0.031226,-0.004320,calib
136.81300,6.330000,4.390000,26.540000,-0.240702,0.205219,6.456349,-0.040107,0.031182,-0.004212,calib
136.81300,6.330000,4.330000,26.530000,-0.247955,0.209713,6.445743,-0.040075,0.031041,-0.004432,calib
136.87500,6.390000,4.030000,26.550000,-0.343553,0.192101,6.423033,-0.039689,0.029884,-0.005312,calib
136.89100,6.420000,3.940000,26.580000,-0.351621,0.180340,6.402051,-0.039439,0.029551,-0.005324,calib
136.90700,6.440000,3.910000,26.550000,-0.374028,0.168045,6.401941,-0.039193,0.029703,-0.005328,calib
136.90700,6.450000,3.920000,26.560000,-0.381732,0.164448,6.401641,-0.039051,0.029468,-0.005438,calib
136.92200,6.510000,3.840000,26.520000,-0.374941,0.151835,6.391321,-0.038976,0.029513,-0.005442,calib
136.96900,6.560000,3.810000,26.510000,-0.390052,0.152369,6.380824,-0.038640,0.029423,-0.005451,calib
136.98500,6.550000,3.800000,26.550000,-0.389037,0.160552,6.391084,-0.039077,0.029326,-0.005550,calib
137.00000,6.440000,3.850000,26.600000,-0.388704,0.168988,6.401317,-0.039183,0.029232,-0.005652,calib
137.01600,6.350000,3.940000,26.630000,-0.380614,0.189411,6.411803,-0.039371,0.029374,-0.005753,calib
137.03200,6.350000,4.020000,26.670000,-0.372545,0.201172,6.432785,-0.039621,0.029705,-0.005741,calib
137.07900,6.380000,4.200000,26.650000,-0.372638,0.200473,6.494872,-0.039625,0.030287,-0.006036,calib
137.09400,6.350000,4.190000,26.710000,-0.379631,0.196350,6.505045,-0.039818,0.030242,-0.006138,calib
137.11000,6.280000,4.150000,26.730000,-0.393415,0.204841,6.525537,-0.040086,0.030153,-0.006235,calib
137.11000,6.260000,4.150000,26.760000,-0.393866,0.196749,6.535842,-0.039977,0.030058,-0.006125,calib
137.12500,6.310000,4.190000,26.740000,-0.379488,0.188077,6.546362,-0.040040,0.030151,-0.006011,calib
137.17200,6.400000,4.270000,26.670000,-0.337395,0.128390,6.578500,-0.039969,0.030708,-0.004919,calib
137.18800,6.360000,4.250000,26.700000,-0.344321,0.124494,6.578469,-0.040160,0.030470,-0.004703,calib
137.20400,6.200000,4.210000,26.800000,-0.351268,0.111937,6.588934,-0.040412,0.030423,-0.004374,calib
137.21900,6.170000,4.190000,26.800000,-0.358497,0.099333,6.589117,-0.040500,0.030472,-0.004050,calib
137.23500,6.200000,4.200000,26.800000,-0.365777,0.078340,6.589348,-0.040646,0.030520,-0.003619,calib
137.28200,6.300000,4.080000,26.700000,-0.361178,-0.017651,6.517951,-0.040166,0.030554,-0.001931,calib
137.29700,6.280000,4.000000,26.700000,-0.368837,-0.029684,6.517943,-0.040083,0.030317,-0.001610,calib
137.31300,6.280000,3.850000,26.710000,-0.383401,-0.045911,6.497121,-0.040195,0.030033,-0.001403,calib
137.32900,6.350000,3.800000,26.700000,-0.384098,-0.053549,6.476491,-0.039918,0.029648,-0.000986,calib
137.32900,6.420000,3.710000,26.640000,-0.370781,-0.086984,6.435415,-0.039660,0.029638,-0.000574,calib
137.37500,6.760000,2.690000,26.300000,-0.374758,-0.141982,6.290609,-0.038227,0.027806,0.001066,calib
137.40700,6.700000,2.570000,26.310000,-0.375121,-0.141185,6.280213,-0.038056,0.027327,0.001380,calib
137.40700,6.790000,2.480000,26.260000,-0.367980,-0.153526,6.269971,-0.038143,0.027082,0.001699,calib
137.42200,6.850000,2.360000,26.200000,-0.347143,-0.174285,6.270224,-0.037960,0.026931,0.002128,calib
137.43800,7.140000,2.090000,26.000000,-0.341053,-0.186346,6.280661,-0.037549,0.026786,0.002450,calib
137.48500,7.270000,1.410000,25.690000,-0.363779,-0.171558,6.259448,-0.036945,0.025693,0.002752,calib
137.50000,7.330000,1.380000,25.650000,-0.363779,-0.171558,6.259448,-0.036945,0.025693,0.002752,calib
137.51600,7.450000,1.340000,25.600000,-0.356224,-0.176306,6.259554,-0.037145,0.025929,0.002648,calib
137.53200,7.470000,1.310000,25.530000,-0.349433,-0.188919,6.249234,-0.037070,0.025974,0.002644,calib
137.54700,7.500000,1.290000,25.510000,-0.342158,-0.184751,6.249344,-0.037041,0.025923,0.002751,calib
137.59400,7.440000,1.390000,25.600000,-0.282177,-0.162218,6.271274,-0.037718,0.026761,0.003095,calib
137.61000,7.540000,1.340000,25.500000,-0.283424,-0.186864,6.250421,-0.037395,0.026665,0.003084,calib
137.62500,7.600000,1.280000,25.380000,-0.291462,-0.198897,6.239887,-0.037148,0.026526,0.003076,calib
137.64100,7.660000,1.190000,25.330000,-0.306826,-0.223488,6.229292,-0.036988,0.026435,0.003070,calib
137.64100,7.680000,1.120000,25.300000,-0.315197,-0.243957,6.208524,-0.036636,0.026389,0.003165,calib
137.70400,7.960000,0.840000,24.890000,-0.373096,-0.378622,6.093460,-0.034600,0.025788,0.003096,calib
137.71900,8.060000,0.770000,24.880000,-0.402474,-0.386377,6.093027,-0.034485,0.025704,0.002878,calib
137.73500,7.970000,0.800000,24.920000,-0.431099,-0.386295,6.071789,-0.034647,0.025811,0.002226,calib
137.73500,7.980000,0.830000,25.000000,-0.473811,-0.377468,6.081543,-0.034910,0.025731,0.001800,calib
137.75000,7.810000,0.810000,25.060000,-0.502523,-0.377313,6.091292,-0.035070,0.025841,0.001161,calib
137.81300,7.910000,0.980000,25.170000,-0.633608,-0.417742,6.150749,-0.035336,0.026191,-0.001179,calib
137.82900,7.850000,1.050000,25.270000,-0.647059,-0.409777,6.171189,-0.035774,0.026389,-0.001596,calib
137.82900,7.790000,1.080000,25.350000,-0.661274,-0.409677,6.181205,-0.035937,0.026396,-0.001913,calib
137.84400,7.760000,1.170000,25.370000,-0.682667,-0.413790,6.191354,-0.036128,0.026453,-0.002015,calib
137.86000,7.650000,1.270000,25.510000,-0.696851,-0.413962,6.211818,-0.036292,0.026652,-0.002327,calib
137.90700,7.460000,1.610000,25.800000,-0.803904,-0.426617,6.251696,-0.037194,0.027320,-0.003914,calib
137.92200,7.370000,1.710000,25.920000,-0.831786,-0.418370,6.261665,-0.037629,0.027426,-0.004336,calib
137.93800,7.270000,1.820000,25.990000,-0.852342,-0.397565,6.271695,-0.037976,0.027482,-0.004759,calib
137.95400,7.190000,1.910000,26.070000,-0.873231,-0.385196,6.271491,-0.038217,0.027633,-0.005080,calib
137.96900,7.170000,2.000000,26.070000,-0.873298,-0.385423,6.281695,-0.038219,0.027827,-0.005398,calib
138.01600,7.000000,2.250000,26.210000,-0.936405,-0.347771,6.249662,-0.038774,0.027993,-0.006697,calib
138.03200,6.920000,2.230000,26.210000,-0.950450,-0.330664,6.249376,-0.038817,0.027807,-0.006913,calib
138.04700,6.910000,2.180000,26.260000,-0.971400,-0.317750,6.228276,-0.039055,0.027573,-0.007243,calib
138.04700,6.990000,2.120000,26.150000,-0.978914,-0.304639,6.196891,-0.038797,0.027336,-0.007583,calib
138.06300,7.110000,2.060000,26.050000,-0.971962,-0.300271,6.145040,-0.038603,0.027187,-0.007821,calib
138.11000,7.160000,1.390000,25.610000,-0.958446,-0.221410,5.948162,-0.037226,0.024868,-0.007281,calib
138.12500,7.230000,0.880000,25.340000,-0.966559,-0.215981,5.896391,-0.036691,0.024244,-0.006881,calib
138.14100,7.300000,0.710000,25.140000,-0.968015,-0.239674,5.823951,-0.036196,0.023471,-0.006272,calib
138.15700,7.430000,0.510000,24.930000,-0.970121,-0.263387,5.761933,-0.035371,0.022894,-0.005664,calib
138.15700,7.600000,0.240000,24.710000,-0.972776,-0.295146,5.709976,-0.034437,0.022221,-0.005267,calib
138.20400,7.680000,-0.230000,24.360000,-1.000471,-0.378351,5.564697,-0.032373,0.020258,-0.003742,calib
138.21900,7.710000,-0.430000,24.190000,-1.016598,-0.401846,5.553963,-0.031874,0.019595,-0.003432,calib
138.23500,7.740000,-0.530000,24.190000,-1.039599,-0.429807,5.532863,-0.031571,0.019075,-0.003231,calib
138.25000,7.810000,-0.620000,24.090000,-1.063052,-0.465861,5.522068,-0.031159,0.018462,-0.002919,calib
138.25000,7.860000,-0.870000,23.930000,-1.079148,-0.489628,5.521782,-0.030661,0.017990,-0.002604,calib
138.32900,8.160000,-1.720000,23.220000,-1.265099,-0.730086,5.445373,-0.027692,0.014429,-0.002035,calib
138.34400,8.250000,-1.820000,23.070000,-1.296508,-0.770054,5.434443,-0.026976,0.013867,-0.001835,calib
138.36000,8.310000,-1.950000,22.970000,-1.328117,-0.826758,5.423367,-0.026377,0.013307,-0.001740,calib
138.37500,8.440000,-2.190000,22.660000,-1.360237,-0.866200,5.401964,-0.025327,0.012555,-0.001548,calib
138.39100,8.420000,-2.280000,22.590000,-1.376565,-0.906431,5.391084,-0.024944,0.011893,-0.001344,calib
138.43800,8.610000,-2.690000,22.070000,-1.443266,-1.032599,5.388394,-0.022509,0.008866,-0.000950,calib
138.45400,8.650000,-2.700000,22.050000,-1.437436,-1.036042,5.378052,-0.021873,0.008625,-0.000747,calib
138.48500,8.690000,-2.700000,21.950000,-1.431504,-1.047514,5.367350,-0.021457,0.008099,-0.000757,calib
138.48500,8.650000,-2.730000,21.930000,-1.425542,-1.059259,5.367096,-0.021044,0.007764,-0.000762,calib
138.50000,8.690000,-2.880000,21.880000,-1.441305,-1.074590,5.377043,-0.020652,0.007197,-0.000550,calib
138.56300,8.700000,-2.920000,21.620000,-1.404400,-1.093740,5.323742,-0.018141,0.004226,-0.000283,calib
138.57900,8.710000,-2.960000,21.600000,-1.404748,-1.085051,5.333950,-0.017915,0.004131,-0.000390,calib
138.59400,8.680000,-2.930000,21.640000,-1.383386,-1.080666,5.313352,-0.017721,0.003883,-0.000293,calib
138.61000,8.650000,-2.950000,21.650000,-1.376007,-1.050756,5.323650,-0.017511,0.003451,-0.000185,calib
138.62500,8.630000,-2.940000,21.690000,-1.361586,-1.042103,5.313177,-0.017452,0.003159,-0.000298,calib
138.65700,8.620000,-3.020000,21.550000,-1.343174,-1.043229,5.301849,-0.016137,0.001675,-0.000428,calib
138.68800,8.660000,-3.030000,21.560000,-1.336677,-1.029802,5.311975,-0.015712,0.001245,-0.000430,calib
138.70400,8.630000,-3.000000,21.590000,-1.322278,-1.029811,5.311998,-0.015713,0.001144,-0.000430,calib
138.70400,8.640000,-2.990000,21.640000,-1.307795,-1.012741,5.332707,-0.015594,0.000855,-0.000316,calib
138.71900,8.620000,-2.900000,21.700000,-1.278395,-0.996323,5.322643,-0.015648,0.000746,-0.000212,calib
138.76600,8.660000,-2.830000,21.610000,-1.208097,-0.978748,5.250408,-0.014542,0.000049,-0.000145,calib
138.79700,8.610000,-2.900000,21.570000,-1.223720,-0.985760,5.229321,-0.014093,-0.000519,-0.000053,calib
138.79700,8.580000,-2.880000,21.540000,-1.224181,-0.984918,5.218681,-0.013921,-0.000997,-0.000061,calib
138.81300,8.590000,-2.870000,21.600000,-1.224181,-0.984918,5.218681,-0.013921,-0.000997,-0.000061,calib
138.82900,8.580000,-2.840000,21.620000,-1.210093,-0.984701,5.197975,-0.013756,-0.001195,-0.000071,calib
138.86000,8.690000,-2.800000,21.300000,-1.185434,-1.007998,5.083914,-0.011941,-0.001780,-0.000137,calib
138.89100,8.700000,-2.900000,21.300000,-1.200858,-1.007236,5.052686,-0.011438,-0.001968,-0.000157,calib
138.90700,8.630000,-2.890000,21.280000,-1.223208,-1.010370,5.021428,-0.011127,-0.002393,0.000039,calib
138.90700,8.580000,-2.920000,21.230000,-1.239544,-1.025819,4.979581,-0.010408,-0.002770,-0.000095,calib
138.92200,8.660000,-2.960000,21.110000,-1.255563,-1.049685,4.917078,-0.009912,-0.003246,-0.000127,calib
138.96900,8.790000,-3.010000,20.630000,-1.285044,-1.150062,4.698972,-0.007146,-0.004538,0.000289,calib
138.98500,8.770000,-3.020000,20.570000,-1.294136,-1.161071,4.646786,-0.006395,-0.005158,0.000258,calib
139.00000,8.750000,-3.030000,20.570000,-1.287851,-1.164613,4.584754,-0.005926,-0.005501,0.000442,calib
139.00000,8.790000,-3.010000,20.520000,-1.288957,-1.171979,4.543151,-0.005482,-0.005981,0.000526,calib
139.01600,8.760000,-3.000000,20.510000,-1.289981,-1.171227,4.511947,-0.004981,-0.006269,0.000507,calib
139.06300,8.630000,-3.020000,20.440000,-1.322224,-1.150258,4.397234,-0.003177,-0.008177,0.000861,calib
139.07900,8.630000,-3.060000,20.460000,-1.307772,-1.132916,4.407494,-0.003056,-0.008660,0.000970,calib
139.09400,8.670000,-3.020000,20.500000,-1.286814,-1.120043,4.438539,-0.002636,-0.008807,0.000978,calib
139.11000,8.740000,-2.850000,20.680000,-1.228559,-1.095998,4.490804,-0.002639,-0.008535,0.001002,calib
139.12500,8.810000,-2.760000,20.760000,-1.162614,-1.051231,4.563811,-0.002662,-0.008216,0.000927,calib
139.15700,9.050000,-2.130000,21.260000,-0.775341,-0.888678,4.878636,-0.003055,-0.005409,0.001296,calib
139.17200,9.390000,-1.830000,21.320000,-0.668107,-0.895163,4.962437,-0.002618,-0.004337,0.001226,calib
139.18800,9.670000,-1.710000,21.230000,-0.553800,-0.914217,5.046202,-0.002270,-0.003314,0.001158,calib
139.20400,9.860000,-1.600000,21.170000,-0.433434,-0.954021,5.119669,-0.001572,-0.002243,0.001191,calib
139.21900,10.010000,-1.460000,21.050000,-0.334624,-0.998327,5.172466,-0.000905,-0.000833,0.001109,calib
139.25000,10.660000,-1.130000,20.790000,-0.095628,-1.128742,5.392176,0.000795,0.002079,0.001526,calib
139.26600,10.660000,-1.090000,20.780000,-0.075314,-1.149630,5.454324,0.001143,0.002221,0.001657,calib
139.28200,10.740000,-1.160000,20.770000,-0.032875,-1.167230,5.496014,0.001345,0.002691,0.001568,calib
139.29700,10.980000,-1.020000,20.600000,0.008399,-1.201358,5.527250,0.001927,0.003258,0.001364,calib
139.31300,11.140000,-0.890000,20.450000,0.063822,-1.235812,5.558674,0.002669,0.004012,0.001160,calib
139.37500,11.840000,-0.720000,19.700000,0.236927,-1.438329,5.776818,0.007341,0.007060,0.000576,calib
139.39100,11.920000,-0.650000,19.680000,0.243350,-1.450916,5.787203,0.007583,0.007203,0.000579,calib
139.40700,11.920000,-0.660000,19.660000,0.264254,-1.455394,5.808011,0.007879,0.007439,0.000478,calib
139.42200,11.990000,-0.590000,19.660000,0.285307,-1.460488,5.818728,0.008170,0.008056,0.000375,calib
139.43800,12.020000,-0.480000,19.650000,0.313568,-1.452679,5.850044,0.008552,0.008434,0.000278,calib
139.48500,12.170000,-0.240000,19.770000,0.420509,-1.392468,5.944531,0.009952,0.009988,-0.000015,calib
139.51600,12.180000,-0.250000,19.710000,0.426754,-1.388319,5.944537,0.010475,0.010228,-0.000235,calib
139.51600,12.210000,-0.200000,19.670000,0.426554,-1.380246,5.944654,0.010696,0.010516,-0.000344,calib
139.53200,12.190000,-0.250000,19.760000,0.412089,-1.371502,5.965120,0.010760,0.010429,-0.000445,calib
139.54700,12.150000,-0.250000,19.850000,0.405099,-1.341854,5.985842,0.010970,0.010288,-0.000334,calib
139.61000,12.100000,-0.090000,20.060000,0.414927,-1.213560,6.027796,0.011206,0.011005,-0.000860,calib
139.62500,12.090000,-0.050000,20.060000,0.429829,-1.197087,6.017466,0.011155,0.010999,-0.001078,calib
139.64100,12.060000,-0.040000,20.130000,0.423207,-1.176428,6.007198,0.011134,0.011144,-0.001190,calib
139.65700,12.020000,-0.060000,20.230000,0.401755,-1.155188,5.996715,0.011286,0.011103,-0.001305,calib
139.65700,11.950000,-0.060000,20.300000,0.387808,-1.138125,5.996672,0.011242,0.010915,-0.001200,calib
139.70400,11.740000,-0.250000,20.520000,0.253194,-1.055988,5.974706,0.010845,0.009761,-0.001433,calib
139.73500,11.710000,-0.260000,20.600000,0.233224,-1.026637,5.954022,0.010392,0.009523,-0.001331,calib
139.73500,11.630000,-0.240000,20.720000,0.219810,-0.993364,5.954073,0.010296,0.009624,-0.001439,calib
139.75000,11.550000,-0.150000,20.790000,0.221078,-0.960056,5.964430,0.010034,0.009527,-0.001541,calib
139.76600,11.580000,-0.130000,20.870000,0.221279,-0.943320,5.964577,0.010151,0.009525,-0.001436,calib
139.81300,11.770000,-0.210000,20.600000,0.210641,-0.988220,5.994864,0.011161,0.009588,-0.001971,calib
139.82900,11.710000,-0.260000,20.640000,0.203336,-0.992116,5.984307,0.011134,0.009447,-0.002083,calib
139.84400,11.660000,-0.200000,20.700000,0.182093,-0.987883,5.994651,0.011001,0.009501,-0.001971,calib
139.86000,11.620000,-0.230000,20.800000,0.182427,-0.979447,6.004885,0.010896,0.009407,-0.002073,calib
139.87500,11.650000,-0.240000,20.790000,0.174954,-0.966581,6.015178,0.011152,0.009364,-0.002073,calib
139.92200,11.590000,-0.230000,20.840000,0.147531,-0.924662,5.984005,0.010953,0.009273,-0.002302,calib
139.93800,11.480000,-0.240000,20.930000,0.133983,-0.907898,5.973706,0.010742,0.009180,-0.002198,calib
139.95400,11.450000,-0.230000,21.020000,0.120400,-0.882671,5.994345,0.010590,0.009088,-0.002190,calib
139.95400,11.390000,-0.250000,21.090000,0.120451,-0.874281,5.994296,0.010649,0.009090,-0.002298,calib
139.96900,11.450000,-0.230000,21.080000,0.141356,-0.878759,6.015104,0.010946,0.009325,-0.002399,calib
140.03200,11.670000,-0.110000,20.800000,0.195682,-0.929514,6.025870,0.012069,0.009983,-0.002400,calib
140.04700,11.610000,-0.210000,20.850000,0.181164,-0.929161,6.046385,0.012074,0.009893,-0.002393,calib
140.04700,11.580000,-0.240000,20.940000,0.166617,-0.928535,6.056452,0.012082,0.009612,-0.002391,calib
140.06300,11.600000,-0.270000,20.920000,0.151796,-0.936889,6.077182,0.012190,0.009811,-0.002276,calib
140.07900,11.600000,-0.210000,20.900000,0.164945,-0.953355,6.097738,0.012569,0.009811,-0.002379,calib
140.12500,11.820000,-0.190000,20.730000,0.197444,-0.999463,6.159848,0.013730,0.010434,-0.002576,calib
140.14100,11.790000,-0.180000,20.800000,0.175771,-0.994659,6.170001,0.013767,0.010203,-0.002467,calib
140.15700,11.760000,-0.200000,20.840000,0.169010,-0.982318,6.190768,0.013689,0.010351,-0.002459,calib
140.17200,11.720000,-0.200000,20.960000,0.154642,-0.973619,6.211478,0.013752,0.010260,-0.002238,calib
140.17200,11.750000,-0.250000,20.930000,0.154155,-0.973249,6.252721,0.013921,0.010169,-0.002223,calib
140.21900,11.920000,-0.150000,20.720000,0.208409,-1.016041,6.315078,0.015101,0.011216,-0.002634,calib
140.23500,11.970000,-0.150000,20.740000,0.208409,-1.016041,6.315078,0.015101,0.011216,-0.002634,calib
140.25000,11.930000,-0.150000,20.780000,0.200915,-1.011837,6.335868,0.015297,0.011364,-0.002521,calib
140.26600,11.940000,-0.130000,20.810000,0.194405,-0.999178,6.356469,0.015057,0.011223,-0.002511,calib
140.26600,11.860000,-0.170000,20.870000,0.186762,-1.003320,6.377064,0.015194,0.011373,-0.002611,calib
140.31300,12.040000,-0.160000,20.700000,0.183999,-1.027615,6.397350,0.016182,0.011477,-0.002936,calib
140.32900,12.060000,-0.150000,20.720000,0.183999,-1.027615,6.397350,0.016182,0.011477,-0.002936,calib
140.34400,12.020000,-0.130000,20.770000,0.184030,-1.027887,6.407798,0.016179,0.011669,-0.002931,calib
140.34400,11.960000,-0.200000,20.830000,0.169683,-1.010525,6.418012,0.016304,0.011388,-0.002823,calib
140.36000,11.960000,-0.190000,20.850000,0.169401,-1.010570,6.407730,0.016468,0.011483,-0.002829,calib
140.40700,12.060000,-0.130000,20.690000,0.189577,-1.040337,6.376889,0.016916,0.011906,-0.002950,calib
140.42200,12.040000,-0.100000,20.680000,0.189464,-1.032336,6.346019,0.017136,0.012191,-0.003072,calib
140.43800,12.010000,-0.090000,20.710000,0.196790,-1.019778,6.346080,0.017223,0.012141,-0.003073,calib
140.43800,11.950000,-0.030000,20.750000,0.204915,-1.007817,6.325627,0.016975,0.012278,-0.003078,calib
140.45400,11.980000,-0.040000,20.810000,0.211960,-0.995304,6.315405,0.017227,0.012323,-0.003085,calib
140.50000,12.060000,0.050000,20.640000,0.261852,-1.001222,6.243823,0.017671,0.013209,-0.003221,calib
140.51600,12.050000,0.070000,20.610000,0.268782,-1.005517,6.202469,0.017804,0.013252,-0.003346,calib
140.53200,12.020000,0.030000,20.620000,0.268782,-1.005517,6.202469,0.017804,0.013252,-0.003346,calib
140.54700,12.020000,0.030000,20.690000,0.261657,-1.001339,6.202554,0.017834,0.013303,-0.003240,calib
140.56300,11.980000,0.020000,20.680000,0.254619,-0.997233,6.171653,0.017863,0.013348,-0.003145,calib
140.61000,12.030000,0.020000,20.590000,0.266818,-1.030616,6.161460,0.018617,0.013633,-0.003048,calib
140.61000,12.030000,0.040000,20.590000,0.274544,-1.018356,6.151264,0.018537,0.013676,-0.003051,calib
140.62500,12.030000,0.050000,20.660000,0.274596,-1.009966,6.151215,0.018596,0.013677,-0.003160,calib
140.64100,12.010000,0.040000,20.680000,0.275196,-0.993528,6.141105,0.018545,0.013770,-0.003056,calib
140.65700,11.960000,0.090000,20.730000,0.275710,-0.977019,6.161981,0.018496,0.013866,-0.002940,calib
140.70400,12.010000,0.110000,20.750000,0.282446,-0.965024,6.193360,0.018909,0.014394,-0.002931,calib
140.71900,11.990000,0.110000,20.770000,0.289254,-0.960784,6.213930,0.019104,0.014443,-0.003140,calib
140.73500,11.980000,0.100000,20.780000,0.289803,-0.952738,6.203868,0.018994,0.014535,-0.002928,calib
140.75000,11.960000,0.140000,20.850000,0.297493,-0.932016,6.224610,0.018974,0.014582,-0.003027,calib
140.76600,11.980000,0.130000,20.900000,0.297725,-0.915552,6.235204,0.019089,0.014774,-0.002917,calib
140.81300,12.010000,0.200000,20.820000,0.318111,-0.928349,6.276521,0.019493,0.015109,-0.003224,calib
140.82900,12.030000,0.170000,20.780000,0.317460,-0.928368,6.286944,0.019823,0.015303,-0.003223,calib
140.84400,12.010000,0.170000,20.830000,0.310638,-0.915482,6.286815,0.019749,0.015065,-0.003224,calib
140.84400,11.970000,0.150000,20.900000,0.289729,-0.902814,6.307393,0.019511,0.015025,-0.003215,calib
140.86000,11.930000,0.130000,20.980000,0.282907,-0.889929,6.307265,0.019437,0.014788,-0.003216,calib
140.90700,11.960000,0.170000,20.920000,0.296487,-0.882156,6.328275,0.019985,0.015362,-0.003319,calib
140.92200,11.970000,0.190000,20.940000,0.296487,-0.882156,6.328275,0.019985,0.015362,-0.003319,calib
140.95400,11.890000,0.150000,21.020000,0.289844,-0.861197,6.338789,0.019968,0.015315,-0.003101,calib
140.95400,11.860000,0.180000,21.110000,0.276231,-0.835699,6.348980,0.019819,0.015032,-0.003098,calib
140.96900,11.790000,0.160000,21.190000,0.262596,-0.818863,6.369667,0.019609,0.014941,-0.002981,calib
141.01600,11.870000,0.140000,21.080000,0.268701,-0.823032,6.400708,0.020075,0.015185,-0.003081,calib
141.04700,11.850000,0.110000,21.130000,0.254302,-0.823023,6.400684,0.020076,0.015284,-0.003081,calib
141.06300,11.800000,0.090000,21.190000,0.240185,-0.814006,6.421229,0.019977,0.014907,-0.002859,calib
141.07900,11.770000,0.100000,21.250000,0.233481,-0.801465,6.400562,0.019900,0.014859,-0.002868,calib
141.07900,11.710000,0.080000,21.320000,0.233481,-0.801465,6.400562,0.019900,0.014859,-0.002868,calib
141.14100,11.840000,0.050000,21.190000,0.216952,-0.842584,6.379513,0.020440,0.014866,-0.002989,calib
141.15700,11.770000,0.010000,21.230000,0.210109,-0.838361,6.389881,0.020305,0.014820,-0.002877,calib
141.17200,11.710000,-0.030000,21.270000,0.188554,-0.833902,6.379495,0.020339,0.014778,-0.002775,calib
141.17200,11.700000,-0.040000,21.250000,0.174006,-0.833276,6.389562,0.020346,0.014497,-0.002773,calib
141.18800,11.680000,-0.110000,21.300000,0.166850,-0.828827,6.379200,0.020378,0.014356,-0.002671,calib
141.23500,11.720000,-0.010000,21.240000,0.166717,-0.829488,6.358827,0.020537,0.014831,-0.002680,calib
141.25000,11.730000,-0.000000,21.240000,0.166686,-0.829216,6.348379,0.020539,0.014639,-0.002685,calib
141.26600,11.760000,-0.020000,21.210000,0.152287,-0.829206,6.348356,0.020540,0.014741,-0.002685,calib
141.28200,11.670000,-0.040000,21.300000,0.152287,-0.829206,6.348356,0.020540,0.014741,-0.002685,calib
141.28200,11.640000,-0.080000,21.300000,0.152687,-0.820544,6.348385,0.020436,0.014451,-0.002470,calib
141.34400,11.680000,0.040000,21.310000,0.182035,-0.796669,6.328348,0.020598,0.015012,-0.002478,calib
141.34400,11.660000,0.040000,21.310000,0.182035,-0.796669,6.328348,0.020598,0.015012,-0.002478,calib
141.36000,11.700000,0.060000,21.290000,0.182087,-0.788278,6.328299,0.020657,0.015013,-0.002586,calib
141.37500,11.690000,0.020000,21.330000,0.182205,-0.788622,6.307761,0.020654,0.015202,-0.002594,calib
141.39100,11.650000,0.060000,21.300000,0.196574,-0.788360,6.297336,0.020654,0.014909,-0.002598,calib
141.43800,11.650000,0.090000,21.320000,0.210752,-0.788959,6.307973,0.020813,0.015289,-0.002594,calib
141.45400,11.690000,0.090000,21.310000,0.210701,-0.797349,6.308022,0.020754,0.015289,-0.002486,calib
141.45400,11.680000,0.040000,21.320000,0.203627,-0.784781,6.308059,0.020843,0.015338,-0.002487,calib
141.46900,11.620000,0.060000,21.310000,0.211184,-0.780568,6.318450,0.020707,0.015192,-0.002375,calib
141.48500,11.640000,0.070000,21.370000,0.204458,-0.776689,6.308279,0.020569,0.015336,-0.002270,calib
141.53200,11.570000,0.060000,21.440000,0.205561,-0.743769,6.287816,0.020468,0.015523,-0.002385,calib
141.54700,11.570000,0.110000,21.380000,0.212235,-0.756039,6.298035,0.020547,0.015379,-0.002381,calib
141.56300,11.640000,0.080000,21.340000,0.219057,-0.768924,6.298163,0.020621,0.015616,-0.002381,calib
141.56300,11.620000,0.080000,21.360000,0.203946,-0.768389,6.287666,0.020957,0.015526,-0.002390,calib
141.57900,11.640000,0.060000,21.370000,0.204228,-0.768344,6.297949,0.020792,0.015431,-0.002384,calib
141.62500,11.510000,0.000000,21.510000,0.183806,-0.747085,6.287569,0.020448,0.015100,-0.002172,calib
141.64100,11.520000,0.090000,21.500000,0.190850,-0.734572,6.277348,0.020700,0.015144,-0.002179,calib
141.65700,11.590000,0.110000,21.470000,0.197954,-0.747412,6.287758,0.020609,0.015286,-0.002173,calib
141.65700,11.570000,0.090000,21.420000,0.204828,-0.751907,6.287838,0.020742,0.015525,-0.002281,calib
141.67200,11.610000,0.080000,21.390000,0.203976,-0.768661,6.298114,0.020955,0.015718,-0.002385,calib
141.71900,11.620000,0.030000,21.390000,0.188383,-0.775946,6.287474,0.021402,0.015341,-0.002289,calib
141.73500,11.550000,0.050000,21.410000,0.195487,-0.788786,6.297885,0.021311,0.015483,-0.002282,calib
141.75000,11.640000,0.080000,21.380000,0.202331,-0.793009,6.287517,0.021445,0.015529,-0.002395,calib
141.76600,11.660000,0.080000,21.360000,0.223235,-0.797487,6.308325,0.021742,0.015765,-0.002495,calib
141.76600,11.720000,0.100000,21.280000,0.236783,-0.814251,6.318624,0.021953,0.015859,-0.002599,calib
141.81300,11.670000,0.010000,21.340000,0.199891,-0.817504,6.359763,0.022267,0.015732,-0.002374,calib
141.82900,11.570000,-0.030000,21.460000,0.193350,-0.804573,6.369917,0.022029,0.015399,-0.002369,calib
141.84400,11.600000,-0.000000,21.450000,0.185974,-0.800713,6.370168,0.022221,0.015737,-0.002263,calib
141.86000,11.650000,-0.020000,21.400000,0.199825,-0.808769,6.380253,0.022329,0.015544,-0.002474,calib
141.87500,11.730000,0.030000,21.320000,0.213722,-0.809414,6.380608,0.022652,0.016018,-0.002476,calib
141.92200,11.650000,0.050000,21.420000,0.229107,-0.776160,6.380706,0.022553,0.015917,-0.002583,calib
141.93800,11.610000,0.080000,21.510000,0.222834,-0.755228,6.370516,0.022370,0.015772,-0.002372,calib
141.93800,11.540000,0.100000,21.550000,0.216493,-0.734523,6.370530,0.022185,0.015821,-0.002478,calib
141.95400,11.540000,0.110000,21.590000,0.224501,-0.722218,6.370617,0.021940,0.015769,-0.002475,calib
141.96900,11.540000,0.130000,21.570000,0.224670,-0.714171,6.350029,0.021996,0.015959,-0.002591,calib
142.01600,11.550000,0.110000,21.560000,0.225670,-0.698033,6.329663,0.021777,0.016146,-0.002490,calib
142.03200,11.490000,0.110000,21.590000,0.219195,-0.693836,6.319326,0.021477,0.016001,-0.002384,calib
142.04700,11.430000,0.120000,21.640000,0.205248,-0.676773,6.319283,0.021433,0.015814,-0.002278,calib
142.04700,11.380000,0.130000,21.710000,0.198856,-0.664459,6.319346,0.021190,0.015862,-0.002276,calib
142.06300,11.400000,0.170000,21.730000,0.213707,-0.656377,6.309065,0.021079,0.015856,-0.002386,calib
142.11000,11.540000,0.290000,21.580000,0.270289,-0.657711,6.278591,0.021722,0.016604,-0.002722,calib
142.12500,11.510000,0.270000,21.580000,0.270658,-0.657738,6.257887,0.021556,0.016504,-0.002729,calib
142.14100,11.500000,0.270000,21.620000,0.263815,-0.653515,6.268255,0.021422,0.016459,-0.002617,calib
142.15700,11.460000,0.270000,21.630000,0.249784,-0.653532,6.247527,0.021257,0.016462,-0.002624,calib
142.17200,11.390000,0.230000,21.720000,0.250118,-0.645096,6.257760,0.021152,0.016366,-0.002726,calib
142.21900,11.550000,0.330000,21.520000,0.313396,-0.650038,6.227010,0.021934,0.016778,-0.003172,calib
142.23500,11.540000,0.390000,21.540000,0.321070,-0.646169,6.216862,0.021795,0.016820,-0.003067,calib
142.23500,11.490000,0.370000,21.610000,0.321670,-0.629732,6.206752,0.021744,0.016913,-0.002964,calib
142.25000,11.450000,0.350000,21.680000,0.308435,-0.613194,6.217183,0.021366,0.016916,-0.002849,calib
142.26600,11.390000,0.320000,21.730000,0.301561,-0.608699,6.217103,0.021234,0.016678,-0.002742,calib
142.31300,11.510000,0.350000,21.620000,0.300659,-0.609035,6.227691,0.021726,0.017159,-0.002742,calib
142.32900,11.480000,0.380000,21.640000,0.300659,-0.609035,6.227691,0.021726,0.017159,-0.002742,calib
142.34400,11.440000,0.370000,21.650000,0.300941,-0.608990,6.237973,0.021562,0.017064,-0.002736,calib
142.36000,11.430000,0.360000,21.670000,0.301541,-0.592553,6.227863,0.021511,0.017157,-0.002632,calib
142.36000,11.420000,0.350000,21.740000,0.294667,-0.588058,6.227783,0.021379,0.016920,-0.002525,calib
142.40700,11.510000,0.400000,21.610000,0.315203,-0.592509,6.269295,0.021841,0.017253,-0.002619,calib
142.42200,11.550000,0.380000,21.610000,0.322025,-0.605395,6.269423,0.021915,0.017492,-0.002618,calib
142.43800,11.570000,0.380000,21.590000,0.335542,-0.621887,6.269275,0.022128,0.017392,-0.002727,calib
142.45400,11.550000,0.430000,21.560000,0.342386,-0.626110,6.258907,0.022263,0.017438,-0.002839,calib
142.45400,11.560000,0.420000,21.550000,0.342334,-0.634500,6.258955,0.022204,0.017437,-0.002731,calib
142.51600,11.510000,0.390000,21.610000,0.341371,-0.634292,6.248647,0.022700,0.017534,-0.002740,calib
142.51600,11.540000,0.410000,21.560000,0.362592,-0.647187,6.248799,0.022772,0.017671,-0.002739,calib
142.53200,11.640000,0.430000,21.470000,0.369384,-0.659800,6.238480,0.022848,0.017716,-0.002743,calib
142.54700,11.640000,0.450000,21.400000,0.383019,-0.676637,6.217793,0.023058,0.017808,-0.002859,calib
142.56300,11.660000,0.430000,21.400000,0.389893,-0.681131,6.217873,0.023191,0.018045,-0.002967,calib
142.62500,11.690000,0.370000,21.340000,0.387775,-0.722233,6.228077,0.023729,0.017954,-0.002753,calib
142.64100,11.700000,0.420000,21.320000,0.387042,-0.730371,6.228100,0.024003,0.017954,-0.002649,calib
142.65700,11.700000,0.360000,21.270000,0.393864,-0.743256,6.228229,0.024076,0.018191,-0.002648,calib
142.67200,11.710000,0.340000,21.280000,0.393464,-0.742957,6.238485,0.024244,0.018097,-0.002646,calib
142.68800,11.710000,0.360000,21.300000,0.386339,-0.738780,6.238571,0.024274,0.018148,-0.002539,calib
142.75000,11.750000,0.320000,21.280000,0.370155,-0.771436,6.258986,0.024709,0.018061,-0.002429,calib
142.78200,11.760000,0.300000,21.260000,0.377259,-0.784276,6.269396,0.024618,0.018203,-0.002422,calib
142.78200,11.760000,0.290000,21.280000,0.369452,-0.779845,6.269456,0.024980,0.018254,-0.002319,calib
142.79700,11.780000,0.270000,21.280000,0.369816,-0.771682,6.290138,0.024873,0.018351,-0.002417,calib
142.81300,11.760000,0.320000,21.310000,0.369966,-0.763336,6.290333,0.024931,0.018350,-0.002204,calib
142.86000,11.770000,0.300000,21.310000,0.376435,-0.759342,6.342055,0.025289,0.018690,-0.002400,calib
142.89100,11.780000,0.310000,21.320000,0.376318,-0.758998,6.362594,0.025293,0.018502,-0.002393,calib
142.89100,11.770000,0.330000,21.320000,0.383341,-0.755148,6.362868,0.025483,0.018738,-0.002287,calib
142.90700,11.800000,0.320000,21.290000,0.383371,-0.755420,6.373316,0.025481,0.018929,-0.002282,calib
142.92200,11.790000,0.340000,21.330000,0.383371,-0.755420,6.373316,0.025481,0.018929,-0.002282,calib
142.98500,11.740000,0.330000,21.370000,0.398818,-0.722710,6.394310,0.025378,0.019213,-0.002379,calib
143.00000,11.740000,0.400000,21.440000,0.406123,-0.718814,6.404867,0.025404,0.019353,-0.002267,calib
143.01600,11.770000,0.420000,21.430000,0.406574,-0.710723,6.394562,0.025295,0.019449,-0.002378,calib
143.03200,11.750000,0.450000,21.430000,0.413931,-0.698436,6.405071,0.025381,0.019589,-0.002374,calib
143.04700,11.740000,0.430000,21.430000,0.414351,-0.690072,6.384318,0.025274,0.019492,-0.002489,calib
143.11000,11.660000,0.480000,21.530000,0.423129,-0.653284,6.353706,0.025033,0.019723,-0.002499,calib
143.11000,11.650000,0.470000,21.540000,0.416706,-0.640697,6.343321,0.024792,0.019579,-0.002502,calib
143.12500,11.610000,0.500000,21.550000,0.409351,-0.628174,6.333076,0.025045,0.019724,-0.002509,calib
143.14100,11.630000,0.450000,21.540000,0.409351,-0.628174,6.333076,0.025045,0.019724,-0.002509,calib
143.15700,11.650000,0.500000,21.490000,0.416625,-0.624006,6.333185,0.025074,0.019674,-0.002402,calib
143.20400,11.680000,0.480000,21.450000,0.415127,-0.648970,6.312497,0.025559,0.019866,-0.002415,calib
143.21900,11.720000,0.500000,21.460000,0.422201,-0.661538,6.312460,0.025470,0.019817,-0.002413,calib
143.23500,11.730000,0.460000,21.450000,0.414245,-0.665453,6.312325,0.025774,0.019869,-0.002524,calib
143.25000,11.720000,0.440000,21.420000,0.413911,-0.673888,6.302092,0.025879,0.019963,-0.002421,calib
143.25000,11.740000,0.480000,21.370000,0.420734,-0.686774,6.302220,0.025953,0.020200,-0.002421,calib
143.31300,11.720000,0.470000,21.350000,0.426480,-0.707297,6.271194,0.026469,0.020150,-0.002331,calib
143.31300,11.720000,0.450000,21.340000,0.419175,-0.711193,6.260637,0.026442,0.020008,-0.002443,calib
143.32900,11.730000,0.400000,21.350000,0.419123,-0.719584,6.260685,0.026383,0.020007,-0.002334,calib
143.32900,11.700000,0.420000,21.360000,0.418841,-0.719629,6.250403,0.026548,0.020102,-0.002340,calib
143.34400,11.710000,0.380000,21.340000,0.411116,-0.731889,6.260599,0.026629,0.020059,-0.002337,calib
143.39100,11.730000,0.420000,21.310000,0.418256,-0.728382,6.240335,0.026816,0.020486,-0.002239,calib
143.40700,11.750000,0.450000,21.250000,0.418256,-0.728382,6.240335,0.026816,0.020486,-0.002239,calib
143.42200,11.710000,0.440000,21.330000,0.418677,-0.720018,6.219582,0.026709,0.020387,-0.002354,calib
143.42200,11.700000,0.450000,21.350000,0.418278,-0.719720,6.229839,0.026877,0.020293,-0.002352,calib
143.43800,11.700000,0.420000,21.370000,0.411131,-0.724204,6.240421,0.026846,0.020535,-0.002132,calib
143.48500,11.790000,0.420000,21.210000,0.409115,-0.757487,6.240243,0.027438,0.020826,-0.002352,calib
143.50000,11.740000,0.390000,21.240000,0.408803,-0.757260,6.219512,0.027605,0.020729,-0.002362,calib
143.51600,11.750000,0.400000,21.250000,0.408803,-0.757260,6.219512,0.027605,0.020729,-0.002362,calib
143.53200,11.720000,0.370000,21.260000,0.409634,-0.749168,6.219733,0.027331,0.020726,-0.002144,calib
143.54700,11.700000,0.400000,21.320000,0.402560,-0.736600,6.219770,0.027420,0.020776,-0.002146,calib
143.59400,11.750000,0.400000,21.240000,0.408131,-0.765941,6.240431,0.027874,0.021114,-0.002248,calib
143.61000,11.800000,0.370000,21.200000,0.407398,-0.774078,6.240454,0.028148,0.021115,-0.002144,calib
143.61000,11.800000,0.360000,21.220000,0.392999,-0.774069,6.240430,0.028149,0.021216,-0.002144,calib
143.62500,11.790000,0.350000,21.200000,0.385895,-0.761229,6.230020,0.028240,0.021073,-0.002151,calib
143.64100,11.710000,0.370000,21.300000,0.379051,-0.757006,6.240388,0.028106,0.021028,-0.002038,calib
143.68800,11.720000,0.440000,21.260000,0.400156,-0.753710,6.251056,0.028455,0.021645,-0.002250,calib
143.70400,11.760000,0.380000,21.280000,0.407430,-0.749542,6.251165,0.028484,0.021594,-0.002143,calib
143.71900,11.730000,0.350000,21.280000,0.400305,-0.745364,6.251251,0.028514,0.021645,-0.002036,calib
143.73500,11.730000,0.390000,21.330000,0.400639,-0.736928,6.261484,0.028408,0.021549,-0.002139,calib
143.73500,11.680000,0.390000,21.360000,0.393934,-0.724387,6.240817,0.028331,0.021501,-0.002147,calib
143.79700,11.640000,0.430000,21.350000,0.394617,-0.699831,6.241106,0.028337,0.021787,-0.002148,calib
143.81300,11.650000,0.460000,21.390000,0.394586,-0.699559,6.230658,0.028339,0.021594,-0.002152,calib
143.82900,11.610000,0.400000,21.390000,0.380187,-0.699550,6.230635,0.028341,0.021695,-0.002153,calib
143.84400,11.650000,0.410000,21.380000,0.379787,-0.699251,6.240891,0.028509,0.021601,-0.002151,calib
143.84400,11.650000,0.390000,21.390000,0.365388,-0.699241,6.240868,0.028510,0.021702,-0.002152,calib
143.90700,11.680000,0.400000,21.280000,0.392351,-0.724470,6.251379,0.029156,0.021983,-0.002152,calib
143.92200,11.710000,0.340000,21.280000,0.399173,-0.737355,6.251508,0.029230,0.022221,-0.002151,calib
143.93800,11.740000,0.350000,21.300000,0.391499,-0.741224,6.261655,0.029369,0.022179,-0.002256,calib
143.95400,11.720000,0.350000,21.300000,0.384374,-0.737047,6.261741,0.029399,0.022227,-0.002150,calib
143.95400,11.660000,0.320000,21.310000,0.369575,-0.736739,6.271974,0.029568,0.022234,-0.002148,calib
144.00000,11.740000,0.260000,21.210000,0.352227,-0.785923,6.281934,0.030383,0.022245,-0.002153,calib
144.03200,11.760000,0.230000,21.200000,0.351494,-0.794060,6.281957,0.030656,0.022246,-0.002048,calib
144.03200,11.790000,0.280000,21.190000,0.343969,-0.789584,6.292299,0.030854,0.022203,-0.001940,calib
144.04700,11.790000,0.240000,21.180000,0.336295,-0.793453,6.302446,0.030993,0.022159,-0.002045,calib
144.06300,11.800000,0.280000,21.190000,0.329073,-0.789231,6.302289,0.031024,0.022210,-0.002260,calib
144.11000,11.880000,0.270000,21.080000,0.355806,-0.806114,6.302469,0.031893,0.022588,-0.002375,calib
144.12500,11.870000,0.280000,21.050000,0.355472,-0.814550,6.292235,0.031998,0.022682,-0.002272,calib
144.14100,11.860000,0.270000,21.070000,0.347798,-0.818419,6.302383,0.032138,0.022639,-0.002377,calib
144.15700,11.850000,0.210000,21.110000,0.333830,-0.810019,6.312836,0.032033,0.022644,-0.002158,calib
144.17200,11.800000,0.180000,21.140000,0.326704,-0.805841,6.312922,0.032063,0.022693,-0.002052,calib
144.21900,11.720000,0.200000,21.240000,0.292448,-0.759673,6.323347,0.031731,0.022558,-0.001833,calib
144.23500,11.720000,0.200000,21.300000,0.299774,-0.747114,6.323408,0.031818,0.022508,-0.001834,calib
144.25000,11.700000,0.200000,21.330000,0.300708,-0.722241,6.323531,0.031662,0.022506,-0.001833,calib
144.25000,11.640000,0.250000,21.370000,0.293917,-0.709628,6.333850,0.031586,0.022461,-0.001829,calib
144.26600,11.670000,0.230000,21.420000,0.287525,-0.697314,6.333913,0.031342,0.022510,-0.001827,calib
144.32900,11.700000,0.260000,21.350000,0.308599,-0.693745,6.334134,0.031694,0.022935,-0.002044,calib
144.34400,11.700000,0.270000,21.340000,0.307917,-0.693492,6.334108,0.032027,0.022936,-0.002048,calib
144.34400,11.700000,0.260000,21.360000,0.301391,-0.697686,6.323820,0.031668,0.022793,-0.001834,calib
144.36000,11.670000,0.260000,21.380000,0.301443,-0.689295,6.323771,0.031726,0.022793,-0.001942,calib
144.37500,11.650000,0.230000,21.400000,0.294318,-0.685118,6.323857,0.031756,0.022842,-0.001835,calib
144.42200,11.710000,0.290000,21.240000,0.328893,-0.714894,6.293040,0.032203,0.023165,-0.001956,calib
144.43800,11.750000,0.280000,21.270000,0.328559,-0.723330,6.282806,0.032309,0.023260,-0.001854,calib
144.45400,11.710000,0.290000,21.280000,0.335402,-0.727553,6.272438,0.032443,0.023305,-0.001966,calib
144.45400,11.700000,0.270000,21.270000,0.334951,-0.735645,6.282743,0.032552,0.023211,-0.001856,calib
144.46900,11.720000,0.240000,21.240000,0.334156,-0.752199,6.251584,0.032766,0.023210,-0.001978,calib
144.51600,11.730000,0.130000,21.170000,0.310364,-0.797459,6.261656,0.033278,0.023270,-0.001871,calib
144.53200,11.760000,0.160000,21.140000,0.302874,-0.801445,6.241061,0.033415,0.023223,-0.001667,calib
144.54700,11.730000,0.130000,21.160000,0.302874,-0.801445,6.241061,0.033415,0.023223,-0.001667,calib
144.56300,11.740000,0.130000,21.180000,0.296031,-0.797223,6.251429,0.033281,0.023176,-0.001555,calib
144.57900,11.700000,0.120000,21.210000,0.288927,-0.784383,6.241018,0.033372,0.023034,-0.001561,calib
144.62500,11.550000,0.100000,21.380000,0.240328,-0.738004,6.209985,0.033041,0.022805,-0.001360,calib
144.64100,11.540000,0.020000,21.390000,0.233937,-0.716728,6.220333,0.032862,0.022471,-0.001142,calib
144.65700,11.500000,0.070000,21.440000,0.227596,-0.696023,6.220348,0.032677,0.022520,-0.001248,calib
144.65700,11.460000,0.100000,21.480000,0.228079,-0.679242,6.230776,0.032630,0.022424,-0.001137,calib
144.67200,11.460000,0.130000,21.510000,0.228582,-0.662760,6.220422,0.032580,0.022519,-0.001355,calib
144.71900,11.470000,0.180000,21.540000,0.257598,-0.638152,6.241219,0.032749,0.022704,-0.001670,calib
144.73500,11.500000,0.170000,21.550000,0.250503,-0.634247,6.251753,0.032777,0.022946,-0.001559,calib
144.75000,11.470000,0.140000,21.540000,0.250073,-0.633676,6.251561,0.032947,0.022659,-0.001561,calib
144.76600,11.460000,0.130000,21.520000,0.256895,-0.646561,6.251690,0.033020,0.022897,-0.001561,calib
144.78200,11.500000,0.150000,21.480000,0.256895,-0.646561,6.251690,0.033020,0.022897,-0.001561,calib
144.84400,11.370000,0.130000,21.570000,0.243404,-0.629597,6.199956,0.032810,0.022609,-0.001474,calib
144.84400,11.330000,0.110000,21.600000,0.229307,-0.620879,6.199718,0.032708,0.022422,-0.001582,calib
144.86000,11.360000,0.100000,21.600000,0.222131,-0.625092,6.199853,0.032679,0.022470,-0.001367,calib
144.87500,11.340000,0.110000,21.580000,0.221849,-0.625138,6.189571,0.032843,0.022565,-0.001373,calib
144.89100,11.370000,0.130000,21.530000,0.228692,-0.629360,6.179203,0.032978,0.022611,-0.001485,calib
144.93800,11.420000,0.130000,21.500000,0.227876,-0.654577,6.158541,0.033130,0.022802,-0.001494,calib
144.95400,11.450000,0.100000,21.450000,0.213077,-0.654269,6.168774,0.033300,0.022808,-0.001492,calib
144.96900,11.440000,0.090000,21.460000,0.220119,-0.666565,6.158289,0.033213,0.022566,-0.001495,calib
144.98500,11.440000,0.060000,21.430000,0.212112,-0.678870,6.158202,0.033458,0.022618,-0.001498,calib
144.98500,11.520000,0.100000,21.380000,0.225326,-0.704070,6.158268,0.033775,0.022807,-0.001499,calib
145.04700,11.460000,0.090000,21.370000,0.239510,-0.712859,6.127519,0.033876,0.022991,-0.001404,calib
145.06300,11.460000,0.090000,21.400000,0.232805,-0.700318,6.106852,0.033799,0.022942,-0.001412,calib
145.07900,11.460000,0.090000,21.390000,0.233174,-0.700344,6.086147,0.033633,0.022843,-0.001419,calib
145.07900,11.410000,0.100000,21.430000,0.240500,-0.687786,6.086208,0.033720,0.022793,-0.001420,calib
145.09400,11.430000,0.080000,21.410000,0.240900,-0.688085,6.075952,0.033552,0.022887,-0.001422,calib
145.15700,11.410000,0.150000,21.410000,0.249595,-0.659414,6.034941,0.033255,0.022925,-0.001328,calib
145.17200,11.310000,0.110000,21.500000,0.242942,-0.638482,6.014225,0.033237,0.022877,-0.001445,calib
145.17200,11.270000,0.160000,21.500000,0.236099,-0.634260,6.024593,0.033103,0.022832,-0.001333,calib
145.18800,11.300000,0.100000,21.500000,0.236068,-0.633988,6.014145,0.033105,0.022639,-0.001338,calib
145.20400,11.340000,0.090000,21.490000,0.236047,-0.642650,6.024642,0.033044,0.022831,-0.001224,calib
145.25000,11.270000,0.070000,21.520000,0.215194,-0.629782,6.003785,0.032806,0.022596,-0.001232,calib
145.26600,11.200000,0.080000,21.530000,0.201299,-0.604328,6.003694,0.032821,0.022409,-0.001235,calib
145.28200,11.160000,0.060000,21.610000,0.194477,-0.591443,6.003565,0.032748,0.022172,-0.001236,calib
145.28200,11.130000,0.030000,21.640000,0.180959,-0.574951,6.003714,0.032534,0.022270,-0.001127,calib
145.29700,11.110000,0.040000,21.670000,0.174137,-0.562065,6.003585,0.032461,0.022033,-0.001128,calib
145.34400,10.900000,-0.020000,21.890000,0.112939,-0.482006,5.993003,0.031543,0.021424,-0.001022,calib
145.36000,10.840000,-0.020000,21.940000,0.085273,-0.465187,5.992962,0.031169,0.021336,-0.000913,calib
145.37500,10.700000,-0.010000,22.100000,0.065237,-0.427102,5.992768,0.030778,0.020910,-0.000913,calib
145.39100,10.610000,-0.070000,22.180000,0.038823,-0.393826,5.972195,0.030023,0.020720,-0.000701,calib
145.40700,10.470000,-0.050000,22.260000,0.026491,-0.352144,5.972301,0.029491,0.020531,-0.000590,calib
145.43800,10.210000,-0.140000,22.560000,-0.047471,-0.238793,5.951348,0.028147,0.019827,-0.000594,calib
145.46900,10.320000,-0.110000,22.510000,-0.041048,-0.251380,5.961733,0.028389,0.019971,-0.000591,calib
145.48500,10.310000,-0.070000,22.420000,-0.019944,-0.263931,5.982424,0.028464,0.019919,-0.000582,calib
145.50000,10.400000,-0.030000,22.410000,-0.005945,-0.272603,5.982418,0.028567,0.020108,-0.000796,calib
145.50000,10.390000,-0.010000,22.460000,0.001729,-0.268734,5.972270,0.028427,0.020150,-0.000691,calib
145.57900,10.660000,-0.070000,22.160000,0.058692,-0.405981,6.044307,0.030598,0.020774,-0.000999,calib
145.57900,10.790000,-0.070000,21.950000,0.071024,-0.447663,6.044201,0.031131,0.020965,-0.001109,calib
145.59400,10.820000,-0.100000,21.940000,0.076882,-0.485150,6.033758,0.031362,0.021010,-0.001114,calib
145.61000,10.810000,-0.120000,21.930000,0.075579,-0.509996,6.054339,0.031685,0.021110,-0.001108,calib
145.62500,10.850000,-0.180000,21.950000,0.067120,-0.530393,6.064558,0.032039,0.021069,-0.001001,calib
145.67200,11.160000,-0.290000,21.500000,0.080200,-0.717183,6.095190,0.034032,0.021508,-0.000680,calib
145.68800,11.160000,-0.300000,21.520000,0.064898,-0.733357,6.115777,0.034252,0.021420,-0.000460,calib
145.70400,11.150000,-0.310000,21.510000,0.035587,-0.740885,6.105140,0.034368,0.021142,-0.000360,calib
145.71900,11.040000,-0.490000,21.610000,0.000262,-0.736098,6.105090,0.034076,0.020816,0.000069,calib
145.73500,10.890000,-0.520000,21.690000,-0.041551,-0.718952,6.104861,0.033541,0.020540,0.000179,calib
145.78200,10.260000,-0.550000,22.390000,-0.214106,-0.400403,6.043118,0.030013,0.018652,0.001241,calib
145.79700,9.750000,-0.560000,22.880000,-0.251932,-0.283447,6.043216,0.028691,0.018082,0.001355,calib
145.81300,9.530000,-0.490000,23.190000,-0.289698,-0.167036,6.064211,0.027364,0.017898,0.001479,calib
145.81300,9.310000,-0.460000,23.380000,-0.313946,-0.067116,6.085056,0.026251,0.017614,0.001494,calib
145.82900,9.150000,-0.400000,23.550000,-0.310580,0.007593,6.105991,0.025453,0.017418,0.001508,calib
145.87500,9.750000,-0.210000,23.130000,-0.183710,-0.037032,6.117001,0.026444,0.019012,0.000441,calib
145.89100,9.750000,-0.190000,23.140000,-0.176585,-0.041210,6.116915,0.026414,0.018963,0.000334,calib
145.90700,9.670000,-0.200000,23.160000,-0.183521,-0.045132,6.085654,0.026222,0.018722,0.000216,calib
145.92200,9.550000,-0.280000,23.240000,-0.203743,-0.016098,6.065135,0.025932,0.018772,0.000316,calib
145.93800,9.430000,-0.290000,23.270000,-0.230587,0.017748,6.044371,0.025346,0.018297,0.000525,calib
146.00000,9.260000,-0.210000,23.400000,-0.240802,0.084125,5.920271,0.024159,0.017805,0.000269,calib
146.01600,9.170000,-0.220000,23.430000,-0.262024,0.097020,5.920119,0.024087,0.017669,0.000268,calib
146.03200,9.060000,-0.270000,23.510000,-0.289668,0.122501,5.909582,0.023773,0.017388,0.000264,calib
146.04700,8.930000,-0.280000,23.590000,-0.310007,0.151879,5.909602,0.023486,0.017250,0.000372,calib
146.04700,8.850000,-0.340000,23.690000,-0.324052,0.168987,5.909315,0.023443,0.017063,0.000156,calib
146.11000,8.970000,-0.350000,23.420000,-0.339894,0.119424,5.846906,0.023592,0.016873,0.000130,calib
146.12500,8.850000,-0.450000,23.520000,-0.353674,0.119724,5.826013,0.023265,0.016588,0.000123,calib
146.14100,8.710000,-0.470000,23.540000,-0.388525,0.141265,5.805162,0.022925,0.016165,0.000330,calib
146.15700,8.590000,-0.540000,23.560000,-0.430703,0.150248,5.784251,0.022498,0.015791,0.000537,calib
146.15700,8.530000,-0.580000,23.610000,-0.458061,0.167585,5.742611,0.021962,0.015220,0.000630,calib
146.23500,8.030000,-0.640000,23.620000,-0.587154,0.291256,5.430785,0.019537,0.012690,0.000084,calib
146.25000,7.800000,-0.760000,23.680000,-0.622519,0.296288,5.389058,0.019246,0.012172,0.000175,calib
146.26600,7.720000,-0.860000,23.690000,-0.643455,0.301038,5.357802,0.018952,0.011743,0.000270,calib
146.28200,7.600000,-0.860000,23.680000,-0.684843,0.318358,5.295434,0.018252,0.011174,0.000356,calib
146.29700,7.520000,-0.850000,23.670000,-0.697662,0.344004,5.222781,0.017772,0.010500,0.000329,calib
146.36000,6.810000,-0.740000,23.720000,-0.728672,0.509955,4.788755,0.014140,0.008729,0.000290,calib
146.37500,6.680000,-0.720000,23.770000,-0.720577,0.522188,4.757854,0.013893,0.008673,0.000281,calib
146.39100,6.630000,-0.690000,23.790000,-0.718756,0.555354,4.716764,0.013464,0.008474,0.000482,calib
146.40700,6.570000,-0.710000,23.750000,-0.710231,0.575978,4.696341,0.013111,0.008323,0.000692,calib
146.42200,6.420000,-0.680000,23.820000,-0.715402,0.605020,4.665423,0.012489,0.008078,0.000792,calib
146.46900,5.860000,-0.760000,24.150000,-0.756214,0.801309,4.624481,0.010071,0.006781,0.001326,calib
146.48500,5.730000,-0.710000,24.190000,-0.755731,0.818090,4.634910,0.010024,0.006684,0.001438,calib
146.50000,5.640000,-0.770000,24.260000,-0.761380,0.838569,4.666180,0.009508,0.006733,0.001670,calib
146.51600,5.550000,-0.780000,24.300000,-0.774000,0.863587,4.697126,0.008860,0.006546,0.001688,calib
146.51600,5.490000,-0.760000,24.360000,-0.786722,0.896634,4.728433,0.008433,0.006645,0.001918,calib
146.57900,4.950000,-0.770000,24.730000,-0.845127,1.001483,4.872819,0.006206,0.005759,0.002099,calib
146.59400,4.870000,-0.770000,24.700000,-0.845127,1.001483,4.872819,0.006206,0.005759,0.002099,calib
146.61000,4.850000,-0.820000,24.760000,-0.873146,1.010373,4.924109,0.005778,0.005487,0.002015,calib
146.62500,4.740000,-0.850000,24.820000,-0.908172,1.032057,4.965231,0.005441,0.005069,0.002246,calib
146.64100,4.430000,-0.900000,25.000000,-0.942080,1.078705,5.016516,0.004783,0.004556,0.002162,calib
146.70400,3.660000,-0.720000,25.640000,-0.960854,1.287334,5.419430,0.001634,0.003631,0.001919,calib
146.71900,3.760000,-0.720000,25.640000,-0.947081,1.270415,5.481446,0.001680,0.003824,0.001838,calib
146.73500,3.790000,-0.730000,25.670000,-0.940412,1.266336,5.533052,0.001818,0.003876,0.001751,calib
146.75000,3.690000,-0.800000,25.700000,-0.947793,1.262539,5.584711,0.001793,0.003739,0.001986,calib
146.76600,3.670000,-0.800000,25.700000,-0.976229,1.254874,5.615368,0.001414,0.003368,0.002108,calib
146.82900,2.900000,-1.220000,25.880000,-1.208316,1.356649,5.840325,-0.000971,0.000348,0.002737,calib
146.84400,2.840000,-1.280000,25.910000,-1.229338,1.361471,5.840056,-0.001264,-0.000077,0.002845,calib
146.86000,2.760000,-1.310000,25.910000,-1.249693,1.383164,5.860254,-0.001769,-0.000690,0.002748,calib
146.87500,2.710000,-1.310000,25.870000,-1.278077,1.383890,5.890863,-0.002089,-0.001061,0.002762,calib
146.87500,2.610000,-1.340000,25.900000,-1.291974,1.384534,5.890508,-0.002412,-0.001536,0.002763,calib
146.93800,2.510000,-1.530000,25.830000,-1.434248,1.354865,5.970593,-0.004248,-0.003585,0.002268,calib
146.96900,2.460000,-1.530000,25.860000,-1.462284,1.346902,5.990994,-0.004795,-0.003862,0.002388,calib
146.96900,2.320000,-1.610000,25.900000,-1.483573,1.343723,6.011068,-0.005143,-0.004475,0.002290,calib
146.98500,2.340000,-1.670000,25.910000,-1.498091,1.319267,6.031320,-0.005476,-0.004850,0.002301,calib
147.00000,2.380000,-1.640000,25.920000,-1.512492,1.294468,6.031034,-0.005813,-0.005037,0.002304,calib
147.04700,2.290000,-1.720000,25.910000,-1.555236,1.247063,6.050121,-0.006961,-0.006935,0.002320,calib
147.06300,2.270000,-1.710000,25.910000,-1.562080,1.251286,6.060489,-0.007096,-0.006980,0.002432,calib
147.09400,2.250000,-1.750000,25.920000,-1.576828,1.235176,6.070411,-0.007206,-0.007260,0.002329,calib
147.09400,2.250000,-1.760000,25.910000,-1.583600,1.231643,6.069970,-0.007559,-0.007784,0.002224,calib
147.11000,2.210000,-1.760000,25.890000,-1.597779,1.232242,6.059333,-0.007718,-0.008163,0.002220,calib
147.15700,2.170000,-1.740000,26.060000,-1.596532,1.234362,6.151299,-0.008688,-0.009879,0.002264,calib
147.18800,2.180000,-1.750000,26.070000,-1.582452,1.217960,6.171715,-0.008803,-0.010167,0.002166,calib
147.20400,2.270000,-1.750000,25.990000,-1.568674,1.192851,6.192345,-0.008815,-0.010169,0.002177,calib
147.21900,2.300000,-1.750000,26.050000,-1.562000,1.180581,6.202564,-0.008736,-0.010313,0.002180,calib
147.21900,2.330000,-1.740000,26.040000,-1.562349,1.164461,6.212509,-0.008847,-0.010693,0.002078,calib
147.28200,2.220000,-1.850000,26.090000,-1.591052,1.117100,6.283555,-0.009831,-0.012592,0.002435,calib
147.29700,2.220000,-1.900000,26.090000,-1.599229,1.096749,6.304056,-0.009641,-0.012730,0.002549,calib
147.31300,2.310000,-1.880000,26.090000,-1.599629,1.072238,6.314049,-0.009811,-0.013111,0.002555,calib
147.32900,2.340000,-1.950000,26.080000,-1.607785,1.060549,6.324053,-0.009561,-0.013440,0.002555,calib
147.32900,2.330000,-1.940000,26.070000,-1.608555,1.036066,6.354751,-0.009566,-0.013723,0.002568,calib
147.40700,2.650000,-1.860000,26.170000,-1.540105,0.920024,6.436766,-0.009392,-0.014402,0.002498,calib
147.42200,2.710000,-1.810000,26.140000,-1.511358,0.902653,6.426576,-0.009518,-0.014221,0.002391,calib
147.43800,2.810000,-1.810000,26.170000,-1.483345,0.877144,6.416408,-0.009370,-0.014039,0.002388,calib
147.45400,2.890000,-1.760000,26.170000,-1.454998,0.860072,6.416475,-0.009328,-0.013951,0.002283,calib
147.45400,2.880000,-1.720000,26.180000,-1.433377,0.846878,6.406370,-0.009424,-0.013721,0.002282,calib
147.51600,3.090000,-1.640000,26.090000,-1.375378,0.811467,6.323965,-0.009848,-0.013077,0.001724,calib
147.53200,3.070000,-1.620000,26.140000,-1.367453,0.815653,6.313652,-0.010149,-0.013322,0.001830,calib
147.54700,3.040000,-1.630000,26.060000,-1.359445,0.827958,6.313738,-0.010394,-0.013373,0.001833,calib
147.56300,2.980000,-1.550000,26.160000,-1.344682,0.836112,6.334443,-0.010504,-0.013376,0.001736,calib
147.56300,3.020000,-1.520000,26.190000,-1.322727,0.831355,6.334572,-0.010705,-0.013240,0.001632,calib
147.62500,3.370000,-1.420000,26.110000,-1.238219,0.779774,6.324655,-0.010252,-0.012595,0.001310,calib
147.64100,3.420000,-1.440000,26.100000,-1.230695,0.775298,6.314312,-0.010450,-0.012552,0.001201,calib
147.65700,3.410000,-1.420000,26.090000,-1.216577,0.775243,6.304054,-0.010287,-0.012556,0.001196,calib
147.67200,3.450000,-1.350000,26.100000,-1.208955,0.770722,6.293955,-0.010485,-0.012514,0.001410,calib
147.67200,3.440000,-1.370000,26.070000,-1.194956,0.762050,6.293949,-0.010383,-0.012325,0.001195,calib
147.73500,3.580000,-1.430000,26.030000,-1.187857,0.749954,6.242030,-0.010469,-0.012763,0.001175,calib
147.75000,3.470000,-1.370000,26.050000,-1.194300,0.753878,6.242141,-0.010771,-0.012715,0.001286,calib
147.75000,3.470000,-1.400000,26.070000,-1.194700,0.754177,6.252398,-0.010603,-0.012809,0.001288,calib
147.76600,3.580000,-1.380000,26.040000,-1.187575,0.749999,6.252312,-0.010633,-0.012859,0.001181,calib
147.78200,3.610000,-1.390000,26.040000,-1.180501,0.737431,6.252275,-0.010722,-0.012908,0.001183,calib
147.82900,3.640000,-1.400000,26.030000,-1.179881,0.737722,6.231405,-0.011050,-0.013294,0.001177,calib
147.84400,3.630000,-1.380000,26.020000,-1.180281,0.738021,6.241661,-0.010882,-0.013388,0.001179,calib
147.86000,3.640000,-1.380000,26.020000,-1.180364,0.720941,6.220976,-0.011003,-0.013199,0.001066,calib
147.87500,3.720000,-1.330000,25.970000,-1.173521,0.716718,6.210608,-0.010868,-0.013152,0.000954,calib
147.87500,3.800000,-1.370000,25.940000,-1.166026,0.712514,6.189818,-0.011064,-0.013300,0.000840,calib
147.92200,3.730000,-1.460000,25.780000,-1.192672,0.737727,6.044913,-0.011713,-0.013787,0.000786,calib
147.93800,3.720000,-1.410000,25.810000,-1.184547,0.749688,6.024461,-0.011962,-0.013650,0.000781,calib
147.95400,3.810000,-1.360000,25.780000,-1.168978,0.773863,5.983530,-0.012126,-0.013373,0.000767,calib
147.96900,3.800000,-1.350000,25.730000,-1.153958,0.789992,5.952661,-0.012181,-0.013189,0.000541,calib
147.98500,3.860000,-1.280000,25.720000,-1.138625,0.805894,5.942522,-0.012403,-0.012909,0.000326,calib
148.03200,3.950000,-1.270000,25.680000,-1.108868,0.813297,5.870239,-0.012687,-0.012734,-0.000128,calib
148.04700,3.970000,-1.230000,25.680000,-1.094751,0.813242,5.859980,-0.012525,-0.012739,-0.000133,calib
148.06300,4.020000,-1.210000,25.690000,-1.073529,0.800347,5.860132,-0.012453,-0.012602,-0.000131,calib
148.07900,4.090000,-1.160000,25.670000,-1.052589,0.787407,5.850002,-0.012216,-0.012370,-0.000136,calib
148.07900,4.200000,-1.150000,25.630000,-1.024555,0.770561,5.829338,-0.012008,-0.012380,-0.000252,calib
148.12500,4.260000,-1.150000,25.570000,-1.003950,0.724376,5.808711,-0.012004,-0.012340,-0.000150,calib
148.14100,4.240000,-1.100000,25.620000,-0.989550,0.724366,5.808734,-0.012005,-0.012441,-0.000149,calib
148.15700,4.290000,-1.070000,25.630000,-0.975402,0.724039,5.808923,-0.011845,-0.012254,-0.000149,calib
148.17200,4.320000,-1.040000,25.610000,-0.954580,0.711443,5.819332,-0.011605,-0.012210,-0.000146,calib
148.18800,4.370000,-1.020000,25.600000,-0.947736,0.707220,5.808964,-0.011470,-0.012165,-0.000259,calib
148.21900,4.400000,-1.000000,25.570000,-0.925997,0.702644,5.788607,-0.011506,-0.012128,-0.000050,calib
148.23500,4.390000,-0.980000,25.590000,-0.925315,0.702391,5.788632,-0.011838,-0.012129,-0.000046,calib
148.25000,4.400000,-0.920000,25.620000,-0.911198,0.702336,5.778373,-0.011675,-0.012134,-0.000052,calib
148.26600,4.470000,-0.920000,25.580000,-0.896680,0.701982,5.757858,-0.011680,-0.012046,-0.000059,calib
148.28200,4.460000,-0.920000,25.570000,-0.889807,0.697487,5.757938,-0.011548,-0.011808,-0.000166,calib
148.32900,4.470000,-0.930000,25.530000,-0.867364,0.701320,5.727110,-0.011854,-0.011964,-0.000067,calib
148.34400,4.490000,-0.890000,25.570000,-0.867733,0.701347,5.747814,-0.011689,-0.011865,-0.000060,calib
148.36000,4.470000,-0.870000,25.580000,-0.867882,0.693002,5.747619,-0.011747,-0.011865,-0.000274,calib
148.37500,4.510000,-0.870000,25.560000,-0.853483,0.692992,5.747643,-0.011749,-0.011964,-0.000274,calib
148.37500,4.620000,-0.890000,25.530000,-0.853786,0.684284,5.747857,-0.011645,-0.011677,-0.000166,calib
148.43800,4.460000,-0.870000,25.580000,-0.853083,0.692693,5.737386,-0.011916,-0.011870,-0.000276,calib
148.43800,4.440000,-0.860000,25.580000,-0.858906,0.721717,5.716891,-0.012208,-0.011921,-0.000175,calib
148.45400,4.420000,-0.860000,25.590000,-0.844476,0.721436,5.727363,-0.012212,-0.011829,-0.000169,calib
148.46900,4.500000,-0.810000,25.580000,-0.844476,0.721436,5.727363,-0.012212,-0.011829,-0.000169,calib
148.48500,4.500000,-0.800000,25.590000,-0.844476,0.721436,5.727363,-0.012212,-0.011829,-0.000169,calib
148.53200,4.520000,-0.870000,25.550000,-0.844137,0.721681,5.696210,-0.012376,-0.012120,-0.000181,calib
148.54700,4.480000,-0.840000,25.590000,-0.844137,0.721681,5.696210,-0.012376,-0.012120,-0.000181,calib
148.56300,4.490000,-0.760000,25.600000,-0.837114,0.725532,5.696485,-0.012185,-0.011883,-0.000075,calib
148.56300,4.580000,-0.790000,25.560000,-0.837714,0.709094,5.706595,-0.012134,-0.011976,-0.000178,calib
148.57900,4.570000,-0.760000,25.570000,-0.830559,0.704645,5.716958,-0.012166,-0.011834,-0.000280,calib
148.62500,4.510000,-0.850000,25.540000,-0.851776,0.709350,5.675420,-0.012297,-0.012167,-0.000190,calib
148.64100,4.510000,-0.870000,25.540000,-0.851776,0.709350,5.675420,-0.012297,-0.012167,-0.000190,calib
148.65700,4.490000,-0.830000,25.530000,-0.837710,0.700904,5.665209,-0.012192,-0.012172,-0.000087,calib
148.67200,4.550000,-0.790000,25.530000,-0.838141,0.692513,5.654732,-0.012086,-0.012075,-0.000307,calib
148.68800,4.600000,-0.820000,25.450000,-0.831683,0.671464,5.634179,-0.011905,-0.011935,-0.000208,calib
148.75000,4.450000,-0.780000,25.520000,-0.836900,0.708735,5.562188,-0.012306,-0.012089,0.000088,calib
148.76600,4.490000,-0.740000,25.500000,-0.829692,0.712676,5.572502,-0.012279,-0.011946,-0.000123,calib
148.78200,4.500000,-0.710000,25.480000,-0.815227,0.703932,5.552035,-0.012343,-0.011857,-0.000021,calib
148.78200,4.600000,-0.690000,25.460000,-0.801592,0.687096,5.531348,-0.012133,-0.011768,-0.000138,calib
148.79700,4.690000,-0.720000,25.410000,-0.802474,0.670613,5.531176,-0.011918,-0.011764,-0.000247,calib
148.86000,4.510000,-0.820000,25.440000,-0.838178,0.675400,5.520601,-0.012045,-0.011993,-0.000145,calib
148.87500,4.620000,-0.700000,25.340000,-0.808862,0.674738,5.489853,-0.012219,-0.011912,-0.000154,calib
148.89100,4.650000,-0.660000,25.360000,-0.794596,0.674067,5.469503,-0.012062,-0.011535,-0.000162,calib
148.90700,4.700000,-0.640000,25.370000,-0.780627,0.665667,5.459050,-0.011957,-0.011539,-0.000381,calib
148.90700,4.750000,-0.670000,25.330000,-0.773205,0.669219,5.449068,-0.011935,-0.011209,-0.000277,calib
148.96900,4.530000,-0.680000,25.380000,-0.785931,0.703009,5.418045,-0.012357,-0.011690,-0.000073,calib
148.98500,4.530000,-0.680000,25.360000,-0.785501,0.702439,5.418236,-0.012527,-0.011403,-0.000070,calib
148.98500,4.590000,-0.660000,25.380000,-0.778509,0.706561,5.408063,-0.012334,-0.011359,0.000031,calib
149.00000,4.600000,-0.620000,25.340000,-0.771266,0.702040,5.387439,-0.012367,-0.011220,-0.000083,calib
149.01600,4.710000,-0.610000,25.250000,-0.764475,0.689427,5.377119,-0.012292,-0.011174,-0.000087,calib
149.06300,4.600000,-0.660000,25.270000,-0.772144,0.677367,5.345881,-0.012210,-0.011414,-0.000101,calib
149.07900,4.610000,-0.680000,25.270000,-0.780151,0.665062,5.345795,-0.011965,-0.011362,-0.000104,calib
149.09400,4.670000,-0.690000,25.250000,-0.780803,0.640234,5.355953,-0.011974,-0.011455,-0.000099,calib
149.11000,4.740000,-0.700000,25.240000,-0.788811,0.627929,5.355867,-0.011729,-0.011403,-0.000102,calib
149.11000,4.790000,-0.720000,25.190000,-0.789411,0.611492,5.365977,-0.011678,-0.011496,-0.000205,calib
149.17200,4.690000,-0.750000,25.170000,-0.818635,0.603892,5.324353,-0.011563,-0.011777,-0.000118,calib
149.18800,4.660000,-0.740000,25.220000,-0.818753,0.604236,5.344892,-0.011559,-0.011966,-0.000110,calib
149.18800,4.670000,-0.770000,25.210000,-0.819004,0.603918,5.345058,-0.011397,-0.011679,-0.000111,calib
149.20400,4.820000,-0.740000,25.150000,-0.805487,0.587426,5.344909,-0.011184,-0.011777,-0.000220,calib
149.21900,4.840000,-0.750000,25.120000,-0.805821,0.578991,5.334675,-0.011078,-0.011683,-0.000117,calib
149.26600,4.580000,-0.750000,25.230000,-0.824575,0.633260,5.324397,-0.011852,-0.012016,-0.000009,calib
149.28200,4.580000,-0.740000,25.240000,-0.831788,0.637509,5.355469,-0.011820,-0.011964,0.000110,calib
149.29700,4.640000,-0.750000,25.210000,-0.824662,0.633332,5.355383,-0.011850,-0.012013,0.000003,calib
149.31300,4.750000,-0.760000,25.210000,-0.817788,0.628837,5.355463,-0.011718,-0.011776,-0.000105,calib
149.32900,4.760000,-0.780000,25.190000,-0.811114,0.616567,5.365683,-0.011639,-0.011919,-0.000101,calib
149.36000,4.660000,-0.760000,25.240000,-0.825437,0.617038,5.427467,-0.011797,-0.012101,-0.000075,calib
149.37500,4.690000,-0.820000,25.250000,-0.825467,0.617310,5.417019,-0.011795,-0.012292,-0.000080,calib
149.40700,4.700000,-0.820000,25.230000,-0.840437,0.600611,5.437553,-0.011745,-0.012094,-0.000180,calib
149.42200,4.800000,-0.820000,25.210000,-0.848141,0.597013,5.437253,-0.011603,-0.012328,-0.000290,calib
149.43800,4.790000,-0.840000,25.170000,-0.855867,0.584754,5.447449,-0.011523,-0.012371,-0.000286,calib
149.48500,4.370000,-0.950000,25.440000,-0.931678,0.674733,5.591448,-0.012528,-0.013726,0.000094,calib
149.50000,4.390000,-0.980000,25.460000,-0.953269,0.687654,5.612000,-0.012434,-0.013764,0.000099,calib
149.51600,4.330000,-1.000000,25.500000,-0.988465,0.692331,5.663424,-0.012891,-0.013990,0.000230,calib
149.53200,4.220000,-1.090000,25.520000,-1.045261,0.718864,5.714456,-0.013191,-0.014635,0.000247,calib
149.54700,4.000000,-1.230000,25.610000,-1.108619,0.749664,5.786139,-0.013790,-0.015423,0.000384,calib
149.59400,3.010000,-1.570000,26.110000,-1.408766,0.961803,6.237514,-0.017368,-0.019456,0.000678,calib
149.61000,2.970000,-1.540000,26.170000,-1.423283,0.962157,6.258029,-0.017363,-0.019543,0.000685,calib
149.61000,3.000000,-1.580000,26.230000,-1.436917,0.988161,6.329784,-0.017671,-0.020105,0.000392,calib
149.62500,2.910000,-1.530000,26.300000,-1.456965,1.017818,6.412098,-0.018284,-0.020427,0.000214,calib
149.64100,2.780000,-1.440000,26.430000,-1.469855,1.051987,6.515060,-0.018865,-0.020989,0.000151,calib
149.68800,2.070000,-1.400000,26.900000,-1.585949,1.151986,6.894686,-0.021934,-0.023644,-0.000752,calib
149.70400,1.990000,-1.430000,26.970000,-1.606576,1.164699,6.925547,-0.022337,-0.023779,-0.000737,calib
149.71900,1.930000,-1.430000,27.010000,-1.641305,1.178473,7.007577,-0.023058,-0.024574,-0.000700,calib
149.73500,1.810000,-1.480000,27.080000,-1.669674,1.171243,7.068812,-0.023598,-0.025228,-0.000887,calib
149.75000,1.800000,-1.450000,27.150000,-1.683663,1.180149,7.140830,-0.023861,-0.025504,-0.000964,calib
149.79700,1.670000,-1.340000,27.390000,-1.688871,1.177765,7.315415,-0.025356,-0.027067,-0.000988,calib
149.81300,1.550000,-1.300000,27.420000,-1.709365,1.191139,7.366649,-0.025918,-0.027678,-0.000964,calib
149.82900,1.490000,-1.340000,27.440000,-1.744772,1.188015,7.396982,-0.026429,-0.028285,-0.001057,calib
149.82900,1.460000,-1.410000,27.460000,-1.766178,1.185179,7.437596,-0.026774,-0.029087,-0.001147,calib
149.84400,1.350000,-1.520000,27.490000,-1.802288,1.173645,7.478400,-0.027013,-0.029501,-0.001131,calib
149.90700,1.620000,-1.420000,27.610000,-1.783324,1.080049,7.621401,-0.027333,-0.030970,-0.001605,calib
149.90700,1.670000,-1.410000,27.610000,-1.769546,1.054940,7.642031,-0.027345,-0.030973,-0.001595,calib
149.92200,1.760000,-1.410000,27.660000,-1.748442,1.042389,7.662721,-0.027270,-0.031024,-0.001586,calib
149.93800,1.750000,-1.410000,27.650000,-1.748361,1.025698,7.672857,-0.027551,-0.031119,-0.001685,calib
149.95400,1.690000,-1.450000,27.660000,-1.748531,1.017652,7.693445,-0.027607,-0.031308,-0.001569,calib
150.00000,1.640000,-1.460000,27.660000,-1.762157,1.002467,7.682165,-0.028370,-0.032549,-0.001676,calib
150.01600,1.780000,-1.430000,27.680000,-1.755083,0.989899,7.682128,-0.028459,-0.032599,-0.001674,calib
150.03200,1.820000,-1.370000,27.620000,-1.733610,0.977321,7.682114,-0.028549,-0.032750,-0.001672,calib
150.04700,1.870000,-1.400000,27.720000,-1.726506,0.964481,7.692525,-0.028640,-0.032607,-0.001665,calib
150.04700,1.840000,-1.340000,27.730000,-1.704582,0.959995,7.682206,-0.028839,-0.032663,-0.001773,calib
150.09400,2.150000,-1.220000,27.790000,-1.619281,0.900161,7.703184,-0.028938,-0.032306,-0.001970,calib
150.12500,2.140000,-1.240000,27.780000,-1.597756,0.895973,7.703121,-0.028970,-0.032455,-0.002076,calib
150.12500,2.190000,-1.210000,27.740000,-1.590262,0.891769,7.682331,-0.029166,-0.032604,-0.002189,calib
150.14100,2.140000,-1.160000,27.790000,-1.582640,0.887248,7.672233,-0.029364,-0.032560,-0.001975,calib
150.15700,2.160000,-1.160000,27.760000,-1.575766,0.882753,7.672313,-0.029232,-0.032323,-0.002083,calib
150.20400,2.580000,-1.070000,27.730000,-1.483729,0.818507,7.610667,-0.029034,-0.031830,-0.002423,calib
150.21900,2.540000,-1.060000,27.720000,-1.468048,0.834681,7.600606,-0.029419,-0.031838,-0.002315,calib
150.23500,2.450000,-0.990000,27.750000,-1.467448,0.851118,7.590496,-0.029470,-0.031745,-0.002212,calib
150.25000,2.420000,-1.010000,27.760000,-1.459492,0.855033,7.590631,-0.029774,-0.031799,-0.002101,calib
150.26600,2.410000,-1.000000,27.750000,-1.459041,0.863125,7.580326,-0.029883,-0.031703,-0.002211,calib
150.31300,2.600000,-1.110000,27.650000,-1.457667,0.871254,7.538651,-0.030487,-0.031899,-0.002651,calib
150.32900,2.560000,-1.110000,27.660000,-1.456868,0.879618,7.528423,-0.030759,-0.032094,-0.002438,calib
150.34400,2.520000,-1.090000,27.680000,-1.463290,0.892205,7.518038,-0.031000,-0.032237,-0.002440,calib
150.36000,2.530000,-1.080000,27.680000,-1.456499,0.879591,7.507719,-0.030925,-0.032192,-0.002444,calib
150.36000,2.610000,-1.050000,27.690000,-1.441669,0.879011,7.507934,-0.031096,-0.032008,-0.002441,calib
150.43800,2.730000,-1.020000,27.600000,-1.412380,0.861470,7.415066,-0.031390,-0.031931,-0.002580,calib
150.45400,2.670000,-1.040000,27.600000,-1.412410,0.861742,7.404618,-0.031388,-0.032122,-0.002585,calib
150.46900,2.760000,-1.030000,27.600000,-1.398494,0.844951,7.394213,-0.031343,-0.032126,-0.002695,calib
150.48500,2.910000,-0.980000,27.600000,-1.384997,0.819796,7.404561,-0.031190,-0.032033,-0.002691,calib
150.50000,2.970000,-0.990000,27.590000,-1.371363,0.802960,7.383874,-0.030980,-0.031942,-0.002807,calib
150.54700,2.920000,-0.900000,27.570000,-1.341462,0.801883,7.312126,-0.031324,-0.031772,-0.002508,calib
150.56300,2.980000,-0.910000,27.560000,-1.341493,0.802155,7.301678,-0.031322,-0.031963,-0.002512,calib
150.57900,3.030000,-0.920000,27.520000,-1.334532,0.797588,7.270772,-0.031191,-0.031730,-0.002633,calib
150.59400,3.040000,-0.910000,27.530000,-1.327428,0.784748,7.281182,-0.031282,-0.031587,-0.002626,calib
150.59400,3.080000,-0.930000,27.510000,-1.320585,0.780525,7.270814,-0.031147,-0.031542,-0.002738,calib
150.65700,3.170000,-0.930000,27.510000,-1.306920,0.747569,7.270597,-0.031214,-0.031928,-0.002629,calib
150.67200,3.170000,-0.980000,27.490000,-1.314194,0.743402,7.270488,-0.031242,-0.031877,-0.002736,calib
150.68800,3.200000,-0.930000,27.490000,-1.307121,0.730834,7.270451,-0.031331,-0.031927,-0.002735,calib
150.68800,3.230000,-0.930000,27.480000,-1.307151,0.731106,7.260003,-0.031329,-0.032119,-0.002739,calib
150.70400,3.330000,-0.960000,27.460000,-1.300329,0.718220,7.260132,-0.031255,-0.031883,-0.002739,calib
150.75000,3.250000,-0.960000,27.450000,-1.300108,0.718810,7.249518,-0.031416,-0.032362,-0.002742,calib
150.76600,3.240000,-0.940000,27.450000,-1.300560,0.710718,7.259823,-0.031307,-0.032455,-0.002632,calib
150.78200,3.330000,-0.950000,27.480000,-1.293434,0.706540,7.259738,-0.031336,-0.032505,-0.002739,calib
150.79700,3.410000,-0.900000,27.470000,-1.279487,0.689478,7.259781,-0.031293,-0.032317,-0.002844,calib
150.81300,3.510000,-0.930000,27.380000,-1.273095,0.677163,7.259718,-0.031049,-0.032366,-0.002847,calib
150.86000,3.380000,-0.970000,27.410000,-1.272865,0.668818,7.270049,-0.031273,-0.032462,-0.002732,calib
150.87500,3.460000,-0.980000,27.420000,-1.265822,0.656522,7.259564,-0.031359,-0.032704,-0.002735,calib
150.89100,3.500000,-0.980000,27.390000,-1.281104,0.640049,7.259368,-0.031143,-0.032601,-0.002845,calib
150.90700,3.560000,-0.990000,27.360000,-1.281305,0.623313,7.259222,-0.031260,-0.032601,-0.002951,calib
150.90700,3.590000,-1.050000,27.300000,-1.288913,0.610709,7.248879,-0.031183,-0.032455,-0.002955,calib
150.96900,3.580000,-1.150000,27.250000,-1.310248,0.606797,7.217594,-0.031373,-0.032594,-0.003074,calib
150.98500,3.640000,-1.110000,27.270000,-1.310582,0.598361,7.207361,-0.031268,-0.032500,-0.002972,calib
151.00000,3.640000,-1.090000,27.240000,-1.303739,0.594138,7.196993,-0.031133,-0.032454,-0.003084,calib
151.00000,3.710000,-1.110000,27.200000,-1.311325,0.590197,7.176154,-0.030995,-0.032501,-0.003202,calib
151.01600,3.710000,-1.090000,27.160000,-1.310926,0.589898,7.165897,-0.031163,-0.032406,-0.003204,calib
151.06300,3.570000,-1.110000,27.200000,-1.317112,0.610759,7.124720,-0.031347,-0.032555,-0.003005,calib
151.07900,3.650000,-1.110000,27.170000,-1.309987,0.606581,7.124635,-0.031377,-0.032604,-0.003112,calib
151.09400,3.740000,-1.190000,27.130000,-1.317262,0.602413,7.124525,-0.031406,-0.032552,-0.003219,calib
151.11000,3.750000,-1.190000,27.110000,-1.324987,0.590153,7.134721,-0.031325,-0.032597,-0.003216,calib
151.12500,3.730000,-1.230000,27.100000,-1.325018,0.590426,7.124274,-0.031323,-0.032788,-0.003220,calib
151.15700,3.760000,-1.200000,27.100000,-1.325361,0.590924,7.093095,-0.031154,-0.033077,-0.003236,calib
151.18800,3.840000,-1.180000,27.100000,-1.311643,0.582207,7.082808,-0.030888,-0.032794,-0.003456,calib
151.20400,3.890000,-1.190000,27.070000,-1.326674,0.566051,7.082446,-0.030833,-0.032979,-0.003565,calib
151.21900,3.880000,-1.290000,27.060000,-1.334096,0.562499,7.092428,-0.030856,-0.033309,-0.003669,calib
151.23500,3.790000,-1.280000,27.080000,-1.355318,0.575394,7.092276,-0.030928,-0.033446,-0.003670,calib
151.26600,3.800000,-1.080000,27.180000,-1.317998,0.604189,7.113286,-0.031226,-0.033603,-0.003550,calib
151.28200,3.870000,-1.150000,27.150000,-1.304249,0.604160,7.123731,-0.030897,-0.033509,-0.003549,calib
151.29700,3.990000,-1.080000,27.130000,-1.290614,0.587324,7.103044,-0.030687,-0.033418,-0.003665,calib
151.31300,3.940000,-1.130000,27.090000,-1.290614,0.587324,7.103044,-0.030687,-0.033418,-0.003665,calib
151.32900,3.890000,-1.160000,27.120000,-1.297288,0.599594,7.092825,-0.030766,-0.033274,-0.003669,calib
151.37500,3.720000,-1.180000,27.150000,-1.302428,0.637326,7.082641,-0.031326,-0.033709,-0.003348,calib
151.39100,3.810000,-1.140000,27.140000,-1.289162,0.620516,7.082658,-0.030950,-0.033521,-0.003457,calib
151.40700,3.990000,-1.110000,27.090000,-1.275527,0.603680,7.061971,-0.030740,-0.033430,-0.003574,calib
151.42200,4.030000,-1.140000,27.090000,-1.268372,0.599230,7.072333,-0.030772,-0.033286,-0.003676,calib
151.43800,3.940000,-1.130000,27.080000,-1.260364,0.611535,7.072419,-0.031017,-0.033339,-0.003673,calib
151.48500,3.980000,-1.270000,27.000000,-1.274558,0.620298,7.071938,-0.031119,-0.033523,-0.004103,calib
151.50000,4.100000,-1.290000,26.910000,-1.274538,0.619999,7.051156,-0.031122,-0.033333,-0.004433,calib
151.51600,4.120000,-1.340000,26.910000,-1.266848,0.640721,7.071898,-0.031142,-0.033285,-0.004532,calib
151.51600,4.080000,-1.320000,26.910000,-1.258907,0.652799,7.082189,-0.031389,-0.033142,-0.004847,calib
151.53200,4.090000,-1.370000,26.900000,-1.243425,0.677046,7.072245,-0.031552,-0.032863,-0.004848,calib
151.57900,3.800000,-1.450000,26.760000,-1.074793,0.778704,6.849693,-0.030703,-0.032823,-0.000648,calib
151.59400,4.100000,-1.440000,26.580000,-1.032245,0.778449,6.819403,-0.030215,-0.032842,-0.000019,calib
151.61000,4.200000,-1.430000,26.670000,-0.989468,0.760888,6.789159,-0.030014,-0.032576,0.000507,calib
151.62500,4.320000,-1.380000,26.620000,-0.940529,0.739357,6.748521,-0.029347,-0.032260,0.000917,calib
151.64100,4.420000,-1.330000,26.560000,-0.898582,0.713703,6.718056,-0.028873,-0.031990,0.001225,calib
151.70400,4.430000,-1.420000,26.410000,-0.885900,0.696335,6.553485,-0.027845,-0.031436,0.001687,calib
151.71900,4.380000,-1.420000,26.400000,-0.892041,0.708967,6.553382,-0.028251,-0.031675,0.001690,calib
151.73500,4.320000,-1.370000,26.460000,-0.891159,0.725450,6.553554,-0.028466,-0.031677,0.001799,calib
151.73500,4.350000,-1.340000,26.460000,-0.877440,0.725693,6.553551,-0.028135,-0.031776,0.001796,calib
151.75000,4.480000,-1.380000,26.450000,-0.849397,0.699913,6.553832,-0.027990,-0.031402,0.001798,calib
151.79700,4.620000,-1.300000,26.340000,-0.822259,0.674541,6.502370,-0.027347,-0.031126,0.001773,calib
151.82900,4.530000,-1.370000,26.350000,-0.843251,0.679091,6.512549,-0.027642,-0.031359,0.001886,calib
151.82900,4.520000,-1.390000,26.360000,-0.850643,0.675267,6.532979,-0.027667,-0.031497,0.001786,calib
151.84400,4.650000,-1.370000,26.300000,-0.850925,0.675221,6.522696,-0.027503,-0.031402,0.001781,calib
151.86000,4.650000,-1.390000,26.250000,-0.844133,0.662608,6.512377,-0.027427,-0.031357,0.001777,calib
151.90700,4.630000,-1.320000,26.270000,-0.821290,0.690952,6.471556,-0.027563,-0.031131,0.001870,calib
151.92200,4.660000,-1.300000,26.260000,-0.814319,0.686412,6.471879,-0.027431,-0.030895,0.002084,calib
151.93800,4.750000,-1.270000,26.220000,-0.800684,0.669576,6.451192,-0.027221,-0.030805,0.001968,calib
151.95400,4.750000,-1.290000,26.200000,-0.801049,0.652450,6.420225,-0.027177,-0.030519,0.001849,calib
151.96900,4.830000,-1.310000,26.100000,-0.802094,0.644540,6.399517,-0.026737,-0.030615,0.001943,calib
152.01600,4.730000,-1.350000,26.130000,-0.809528,0.631793,6.327201,-0.026663,-0.030477,0.001913,calib
152.03200,4.940000,-1.330000,26.000000,-0.803019,0.619134,6.306600,-0.026423,-0.030336,0.001904,calib
152.04700,4.920000,-1.360000,25.940000,-0.796227,0.606521,6.296280,-0.026347,-0.030290,0.001900,calib
152.06300,4.890000,-1.370000,25.980000,-0.810657,0.606803,6.285809,-0.026344,-0.030382,0.001894,calib
152.07900,4.860000,-1.380000,25.970000,-0.817531,0.611297,6.285729,-0.026476,-0.030620,0.002002,calib
152.14100,4.920000,-1.430000,25.920000,-0.832444,0.594798,6.264829,-0.026425,-0.030616,0.001885,calib
152.15700,4.860000,-1.440000,25.940000,-0.832444,0.594798,6.264829,-0.026425,-0.030616,0.001885,calib
152.17200,4.760000,-1.430000,25.950000,-0.852984,0.607440,6.264703,-0.026829,-0.030754,0.001888,calib
152.17200,4.690000,-1.500000,25.980000,-0.866598,0.632938,6.274894,-0.026979,-0.031036,0.001891,calib
152.18800,4.640000,-1.500000,26.000000,-0.879812,0.658138,6.274828,-0.027296,-0.031225,0.001893,calib
152.25000,4.570000,-1.510000,26.010000,-0.899619,0.687878,6.284965,-0.027909,-0.031747,0.002007,calib
152.26600,4.540000,-1.510000,26.030000,-0.927899,0.705385,6.315476,-0.028112,-0.032118,0.001804,calib
152.26600,4.400000,-1.570000,26.120000,-0.940970,0.722312,6.356728,-0.028651,-0.032398,0.001932,calib
152.28200,4.350000,-1.600000,26.170000,-0.947510,0.735243,6.366881,-0.028889,-0.032730,0.001937,calib
152.29700,4.350000,-1.560000,26.180000,-0.968537,0.748255,6.407998,-0.029124,-0.032959,0.001954,calib
152.34400,4.100000,-1.670000,26.340000,-1.049992,0.850729,6.582663,-0.030866,-0.034549,0.002032,calib
152.36000,3.940000,-1.710000,26.390000,-1.064110,0.850784,6.592922,-0.031029,-0.034544,0.002037,calib
152.36000,3.850000,-1.730000,26.480000,-1.098187,0.889386,6.664794,-0.031742,-0.035247,0.002069,calib
152.37500,3.710000,-1.760000,26.520000,-1.110955,0.915020,6.705832,-0.032385,-0.035814,0.002089,calib
152.39100,3.680000,-1.790000,26.600000,-1.124411,0.924289,6.787966,-0.032975,-0.036472,0.002019,calib
152.43800,3.470000,-1.920000,26.750000,-1.221908,0.970194,7.075167,-0.034941,-0.038999,0.001928,calib
152.45400,3.320000,-1.970000,26.800000,-1.263320,1.005171,7.126034,-0.035679,-0.040035,0.001844,calib
152.46900,2.980000,-2.090000,26.910000,-1.304702,1.039877,7.187349,-0.036418,-0.040877,0.001763,calib
152.46900,2.910000,-2.100000,26.940000,-1.346136,1.066192,7.248713,-0.037216,-0.041721,0.001792,calib
152.48500,2.830000,-2.150000,27.040000,-1.373539,1.092524,7.330804,-0.037850,-0.042568,0.001827,calib
152.53200,2.710000,-2.180000,27.140000,-1.412685,1.137059,7.546227,-0.040001,-0.044834,0.001714,calib
152.54700,2.650000,-2.170000,27.160000,-1.418944,1.150035,7.566663,-0.040403,-0.045262,0.001725,calib
152.56300,2.550000,-2.200000,27.220000,-1.432400,1.159304,7.648797,-0.040994,-0.045920,0.001655,calib
152.56300,2.470000,-2.230000,27.280000,-1.445671,1.168457,7.700188,-0.041586,-0.046583,0.001894,calib
152.57900,2.440000,-2.260000,27.290000,-1.452530,1.164995,7.730735,-0.041938,-0.047105,0.001801,calib
152.62500,2.370000,-2.370000,27.220000,-1.486531,1.171803,7.760435,-0.043202,-0.049150,0.001928,calib
152.64100,2.300000,-2.340000,27.330000,-1.485567,1.180556,7.781028,-0.043635,-0.049630,0.002154,calib
152.65700,2.270000,-2.300000,27.350000,-1.477811,1.176696,7.791303,-0.043992,-0.050063,0.002376,calib
152.67200,2.320000,-2.270000,27.380000,-1.455907,1.172510,7.801766,-0.044188,-0.050311,0.002598,calib
152.68800,2.380000,-2.230000,27.400000,-1.449033,1.152167,7.811869,-0.044330,-0.050742,0.002712,calib
152.73500,2.190000,-2.120000,27.630000,-1.368853,1.157747,7.853649,-0.044792,-0.052542,0.004129,calib
152.75000,2.200000,-2.110000,27.660000,-1.347303,1.136462,7.864375,-0.044944,-0.052503,0.004567,calib
152.76600,2.270000,-2.050000,27.670000,-1.312195,1.116009,7.853960,-0.044760,-0.052945,0.004669,calib
152.76600,2.310000,-2.010000,27.680000,-1.291225,1.086950,7.864300,-0.044800,-0.053191,0.004890,calib
152.78200,2.330000,-1.980000,27.710000,-1.270419,1.057501,7.843819,-0.044679,-0.053152,0.005098,calib
152.84400,2.290000,-2.150000,27.580000,-1.330972,0.961754,7.862228,-0.044841,-0.055516,0.005101,calib
152.86000,2.300000,-2.190000,27.610000,-1.339025,0.942037,7.871872,-0.044811,-0.056132,0.004889,calib
152.86000,2.350000,-2.210000,27.590000,-1.339656,0.925871,7.871535,-0.044758,-0.056417,0.004781,calib
152.87500,2.430000,-2.170000,27.600000,-1.340169,0.909362,7.850658,-0.044709,-0.056513,0.004665,calib
152.89100,2.440000,-2.140000,27.600000,-1.332845,0.897112,7.850455,-0.044960,-0.056851,0.004668,calib
152.95400,2.230000,-2.130000,27.680000,-1.373284,0.915501,7.828859,-0.046310,-0.058374,0.004775,calib
152.96900,2.360000,-2.140000,27.640000,-1.366242,0.903205,7.818374,-0.046397,-0.058616,0.004772,calib
152.98500,2.430000,-2.150000,27.630000,-1.351776,0.894461,7.797907,-0.046461,-0.058528,0.004873,calib
153.00000,2.450000,-2.130000,27.620000,-1.330533,0.890228,7.787563,-0.046328,-0.058583,0.004761,calib
153.01600,2.460000,-2.020000,27.660000,-1.308148,0.893861,7.798169,-0.046636,-0.058544,0.004878,calib
153.07900,2.730000,-1.950000,27.640000,-1.208457,0.833783,7.747158,-0.046575,-0.058199,0.004973,calib
153.09400,2.770000,-1.990000,27.620000,-1.187266,0.821160,7.736862,-0.046501,-0.058255,0.004970,calib
153.11000,2.770000,-1.950000,27.620000,-1.180423,0.816937,7.726494,-0.046366,-0.058208,0.004857,calib
153.11000,2.780000,-1.970000,27.650000,-1.173232,0.804025,7.705919,-0.046459,-0.058069,0.004851,calib
153.12500,2.810000,-1.950000,27.630000,-1.159114,0.803970,7.695660,-0.046296,-0.058074,0.004846,calib
153.17200,3.170000,-1.930000,27.540000,-1.112009,0.715477,7.654333,-0.045602,-0.057466,0.004507,calib
153.20400,3.210000,-1.900000,27.520000,-1.105165,0.711254,7.643965,-0.045468,-0.057420,0.004395,calib
153.20400,3.180000,-1.930000,27.510000,-1.105366,0.694518,7.643819,-0.045585,-0.057419,0.004289,calib
153.21900,3.180000,-1.960000,27.510000,-1.105084,0.694563,7.654101,-0.045749,-0.057515,0.004295,calib
153.23500,3.180000,-1.930000,27.500000,-1.105115,0.694835,7.643653,-0.045747,-0.057707,0.004290,calib
153.28200,3.370000,-2.000000,27.400000,-1.114396,0.641212,7.601376,-0.045461,-0.057845,0.003520,calib
153.29700,3.400000,-2.010000,27.360000,-1.114396,0.641212,7.601376,-0.045461,-0.057845,0.003520,calib
153.31300,3.320000,-2.010000,27.380000,-1.121701,0.637316,7.590819,-0.045488,-0.057985,0.003408,calib
153.31300,3.370000,-2.060000,27.380000,-1.135797,0.646033,7.590581,-0.045590,-0.058172,0.003300,calib
153.32900,3.310000,-2.060000,27.390000,-1.149915,0.646088,7.600840,-0.045753,-0.058167,0.003305,calib
153.37500,3.480000,-2.060000,27.310000,-1.135778,0.620925,7.569536,-0.045931,-0.058268,0.002974,calib
153.39100,3.520000,-2.040000,27.300000,-1.136008,0.629271,7.559205,-0.045708,-0.058172,0.002860,calib
153.40700,3.520000,-2.050000,27.310000,-1.135640,0.629244,7.538501,-0.045874,-0.058271,0.002853,calib
153.42200,3.530000,-2.060000,27.280000,-1.135188,0.637336,7.528196,-0.045983,-0.058176,0.002743,calib
153.43800,3.420000,-2.040000,27.300000,-1.140729,0.666405,7.517983,-0.046439,-0.058322,0.002850,calib
153.48500,3.600000,-2.050000,27.160000,-1.095346,0.714591,7.477336,-0.046770,-0.057673,0.002518,calib
153.51600,3.620000,-2.040000,27.150000,-1.088072,0.709798,7.467160,-0.046806,-0.057342,0.002408,calib
153.51600,3.650000,-2.090000,27.130000,-1.080828,0.714238,7.456821,-0.046775,-0.057585,0.002510,calib
153.53200,3.610000,-2.050000,27.120000,-1.087190,0.726280,7.467332,-0.047021,-0.057344,0.002517,calib
153.54700,3.620000,-2.080000,27.110000,-1.079746,0.738495,7.446853,-0.046937,-0.057205,0.002508,calib
153.62500,3.570000,-1.990000,27.100000,-1.054416,0.807913,7.375123,-0.047778,-0.056986,0.002381,calib
153.64100,3.540000,-2.030000,27.120000,-1.060890,0.812110,7.364787,-0.048078,-0.057131,0.002487,calib
153.64100,3.560000,-1.980000,27.120000,-1.053432,0.816368,7.374935,-0.048214,-0.057276,0.002278,calib
153.65700,3.610000,-1.920000,27.120000,-1.053765,0.807932,7.364701,-0.048108,-0.057180,0.002380,calib
153.67200,3.660000,-1.950000,27.100000,-1.039484,0.799305,7.374978,-0.048170,-0.057087,0.002172,calib
153.71900,3.510000,-1.910000,27.180000,-1.029478,0.828040,7.344353,-0.049127,-0.057436,0.002598,calib
153.73500,3.470000,-1.850000,27.210000,-1.021352,0.848962,7.334186,-0.049311,-0.057680,0.002810,calib
153.75000,3.460000,-1.840000,27.220000,-1.013396,0.852877,7.334321,-0.049615,-0.057732,0.002921,calib
153.76600,3.530000,-1.790000,27.210000,-1.005973,0.856429,7.324339,-0.049592,-0.057402,0.003025,calib
153.76600,3.570000,-1.770000,27.190000,-0.991574,0.856419,7.324363,-0.049594,-0.057502,0.003026,calib
153.82900,3.470000,-1.760000,27.240000,-0.996351,0.877506,7.334597,-0.050600,-0.058126,0.003254,calib
153.84400,3.440000,-1.770000,27.250000,-1.003194,0.881729,7.344965,-0.050735,-0.058172,0.003366,calib
153.86000,3.460000,-1.790000,27.250000,-1.003374,0.873656,7.334323,-0.050791,-0.058363,0.003148,calib
153.87500,3.480000,-1.800000,27.230000,-1.010530,0.878105,7.323960,-0.050759,-0.058505,0.003249,calib
153.87500,3.440000,-1.820000,27.210000,-1.018004,0.866163,7.333991,-0.050841,-0.058836,0.003254,calib
153.93800,3.510000,-1.830000,27.230000,-1.032422,0.824718,7.343596,-0.051459,-0.059115,0.002835,calib
153.95400,3.600000,-1.820000,27.190000,-1.033053,0.808553,7.343259,-0.051406,-0.059401,0.002727,calib
153.96900,3.600000,-1.840000,27.170000,-1.033653,0.792115,7.353369,-0.051355,-0.059494,0.002624,calib
153.98500,3.670000,-1.850000,27.150000,-1.033920,0.784114,7.373713,-0.051410,-0.059681,0.002418,calib
153.98500,3.640000,-1.870000,27.170000,-1.034038,0.784458,7.394252,-0.051407,-0.059871,0.002425,calib
154.04700,3.770000,-1.660000,27.260000,-0.938701,0.795046,7.446987,-0.052004,-0.059567,0.002781,calib
154.06300,3.840000,-1.590000,27.260000,-0.895745,0.785766,7.468168,-0.051910,-0.059198,0.002900,calib
154.07900,3.910000,-1.560000,27.290000,-0.852485,0.785193,7.489134,-0.051918,-0.059115,0.002911,calib
154.07900,3.960000,-1.510000,27.300000,-0.838142,0.784983,7.530592,-0.051921,-0.059020,0.002929,calib
154.09400,3.970000,-1.560000,27.320000,-0.830304,0.789241,7.551265,-0.052221,-0.059261,0.003048,calib
154.15700,3.940000,-1.690000,27.280000,-0.860509,0.741161,7.673768,-0.052549,-0.060190,0.002454,calib
154.17200,4.040000,-1.740000,27.260000,-0.869065,0.720810,7.683744,-0.052194,-0.060232,0.002240,calib
154.18800,4.070000,-1.770000,27.220000,-0.883932,0.696082,7.703918,-0.052365,-0.060318,0.001928,calib
154.18800,4.060000,-1.820000,27.230000,-0.898198,0.696753,7.724267,-0.052522,-0.060694,0.001936,calib
154.20400,3.900000,-1.870000,27.270000,-0.919138,0.709693,7.734398,-0.052759,-0.060926,0.001941,calib
154.26600,4.370000,-1.620000,27.160000,-0.799173,0.660459,7.643030,-0.051638,-0.059202,0.002012,calib
154.28200,4.280000,-1.660000,27.170000,-0.806298,0.664637,7.643116,-0.051608,-0.059153,0.002118,calib
154.29700,4.170000,-1.700000,27.160000,-0.834825,0.673636,7.632407,-0.051706,-0.059431,0.002005,calib
154.31300,4.090000,-1.750000,27.140000,-0.863685,0.674199,7.611464,-0.051699,-0.059614,0.001994,calib
154.32900,4.080000,-1.770000,27.130000,-0.878265,0.666136,7.600798,-0.051753,-0.059705,0.001775,calib
154.37500,4.490000,-1.640000,26.990000,-0.825007,0.589286,7.467044,-0.050157,-0.058293,0.001391,calib
154.39100,4.410000,-1.640000,27.000000,-0.809859,0.605098,7.446866,-0.050215,-0.057919,0.001492,calib
154.40700,4.370000,-1.570000,27.010000,-0.787488,0.616687,7.426846,-0.050303,-0.057596,0.001808,calib
154.42200,4.380000,-1.490000,27.060000,-0.757940,0.632489,7.406692,-0.050362,-0.057323,0.001910,calib
154.43800,4.410000,-1.450000,27.060000,-0.728295,0.648246,7.386781,-0.050422,-0.057051,0.002334,calib
154.46900,4.160000,-1.460000,27.190000,-0.716482,0.718869,7.449246,-0.051908,-0.057681,0.002909,calib
154.48500,4.130000,-1.480000,27.170000,-0.716882,0.719168,7.459502,-0.051740,-0.057776,0.002911,calib
154.51600,4.290000,-1.420000,27.150000,-0.696260,0.689836,7.469765,-0.051618,-0.057731,0.002809,calib
154.51600,4.450000,-1.420000,27.080000,-0.669211,0.655574,7.439004,-0.051037,-0.057070,0.002580,calib
154.53200,4.600000,-1.370000,26.980000,-0.649036,0.625807,7.408163,-0.050589,-0.056646,0.002458,calib
154.57900,4.500000,-1.510000,26.870000,-0.681199,0.568687,7.324510,-0.049665,-0.056827,0.001877,calib
154.59400,4.470000,-1.510000,26.880000,-0.688474,0.564519,7.324401,-0.049694,-0.056777,0.001770,calib
154.61000,4.530000,-1.520000,26.870000,-0.681682,0.551906,7.314082,-0.049618,-0.056731,0.001766,calib
154.62500,4.550000,-1.450000,26.850000,-0.682246,0.551815,7.293517,-0.049289,-0.056541,0.001754,calib
154.62500,4.560000,-1.460000,26.840000,-0.689037,0.564429,7.303837,-0.049365,-0.056585,0.001758,calib
154.68800,3.800000,-1.800000,27.040000,-0.926799,0.687372,7.435273,-0.052263,-0.060139,0.001924,calib
154.70400,3.700000,-1.950000,27.060000,-0.984108,0.697396,7.465429,-0.052514,-0.060881,0.001826,calib
154.70400,3.650000,-2.000000,27.070000,-1.012168,0.715492,7.485327,-0.052877,-0.061731,0.001619,calib
154.71900,3.680000,-1.990000,27.090000,-1.040500,0.724608,7.515887,-0.053138,-0.062101,0.001524,calib
154.73500,3.600000,-2.060000,27.120000,-1.068431,0.742387,7.546476,-0.053503,-0.062760,0.001644,calib
154.78200,3.320000,-2.110000,27.240000,-1.158238,0.808247,7.689613,-0.055170,-0.064875,0.001708,calib
154.79700,3.270000,-2.170000,27.300000,-1.193162,0.821903,7.730375,-0.055728,-0.065577,0.001726,calib
154.81300,3.230000,-2.240000,27.300000,-1.228086,0.835560,7.771137,-0.056287,-0.066281,0.001745,calib
154.82900,3.170000,-2.260000,27.340000,-1.270083,0.861784,7.811936,-0.056756,-0.066934,0.001761,calib
154.82900,3.060000,-2.300000,27.350000,-1.304576,0.883831,7.863176,-0.057420,-0.067735,0.001999,calib
154.87500,2.940000,-2.410000,27.490000,-1.416726,0.888212,8.036254,-0.059678,-0.070553,0.001759,calib
154.89100,2.830000,-2.510000,27.510000,-1.430341,0.888902,8.046182,-0.060165,-0.071122,0.001766,calib
154.90700,2.790000,-2.510000,27.530000,-1.451399,0.902186,8.076851,-0.060399,-0.071543,0.001779,calib
154.92200,2.770000,-2.550000,27.530000,-1.486353,0.916114,8.107165,-0.060955,-0.072439,0.001792,calib
154.93800,2.660000,-2.590000,27.570000,-1.513352,0.933957,8.137614,-0.061815,-0.073387,0.001917,calib
154.96900,2.590000,-2.520000,27.810000,-1.473527,0.932504,8.425566,-0.064459,-0.076297,0.002273,calib
154.98500,2.760000,-2.500000,27.900000,-1.458845,0.932540,8.435872,-0.064625,-0.076493,0.002279,calib
155.00000,2.970000,-2.450000,27.940000,-1.395400,0.886586,8.508032,-0.064621,-0.076744,0.002098,calib
155.01600,3.180000,-2.390000,27.930000,-1.339332,0.844493,8.580442,-0.064425,-0.076658,0.002023,calib
155.01600,3.400000,-2.340000,27.940000,-1.298006,0.802909,8.621652,-0.064059,-0.076759,0.001932,calib
155.06300,3.090000,-2.570000,27.880000,-1.391297,0.793842,8.640369,-0.064768,-0.078590,0.001616,calib
155.07900,2.900000,-2.640000,27.850000,-1.447238,0.819978,8.629454,-0.065403,-0.079244,0.001613,calib
155.09400,2.790000,-2.680000,27.890000,-1.503461,0.846069,8.608257,-0.065873,-0.079803,0.001604,calib
155.11000,2.660000,-2.750000,27.900000,-1.545535,0.871832,8.587248,-0.066183,-0.080175,0.001595,calib
155.12500,2.610000,-2.720000,27.900000,-1.580053,0.901809,8.576631,-0.066629,-0.080694,0.001698,calib
155.17200,2.880000,-2.180000,28.180000,-1.437728,0.977876,8.496383,-0.067933,-0.080621,0.003082,calib
155.20400,2.940000,-2.120000,28.200000,-1.401107,0.981110,8.476192,-0.068081,-0.080398,0.003185,calib
155.20400,3.010000,-2.100000,28.200000,-1.364768,0.984299,8.445719,-0.068065,-0.080079,0.003283,calib
155.21900,3.030000,-2.040000,28.190000,-1.328598,0.979441,8.435833,-0.068104,-0.079950,0.003497,calib
155.23500,3.050000,-2.050000,28.210000,-1.292741,0.965848,8.394931,-0.068040,-0.079536,0.003483,calib
155.28200,3.610000,-1.660000,28.010000,-1.116007,0.873202,8.190412,-0.066739,-0.077171,0.003406,calib
155.29700,3.650000,-1.660000,28.040000,-1.101505,0.880805,8.139270,-0.066525,-0.076799,0.003599,calib
155.31300,3.590000,-1.670000,28.020000,-1.093744,0.884602,8.098136,-0.066665,-0.076759,0.003692,calib
155.32900,3.500000,-1.670000,28.020000,-1.114018,0.905246,8.077666,-0.067015,-0.076711,0.003901,calib
155.32900,3.330000,-1.710000,28.050000,-1.127596,0.922282,8.056919,-0.067224,-0.076996,0.004000,calib
155.37500,3.540000,-1.560000,28.000000,-1.076617,0.916583,7.944006,-0.067274,-0.076595,0.004174,calib
155.40700,3.620000,-1.520000,28.000000,-1.048285,0.907467,7.913446,-0.067013,-0.076226,0.004269,calib
155.40700,3.680000,-1.470000,27.990000,-1.026376,0.910937,7.872501,-0.066993,-0.075998,0.004361,calib
155.42200,3.690000,-1.470000,27.980000,-1.011280,0.918358,7.852372,-0.067109,-0.075625,0.004571,calib
155.43800,3.610000,-1.360000,28.010000,-0.996613,0.926350,7.832052,-0.067056,-0.075537,0.004777,calib
155.48500,3.860000,-1.110000,27.970000,-0.852361,0.897224,7.720336,-0.066953,-0.074068,0.005067,calib
155.50000,4.010000,-1.020000,27.910000,-0.823911,0.887764,7.669238,-0.066695,-0.073509,0.005154,calib
155.51600,4.000000,-0.970000,27.890000,-0.802520,0.882916,7.648802,-0.066568,-0.073183,0.005039,calib
155.53200,4.010000,-0.940000,27.870000,-0.788306,0.873854,7.628501,-0.066469,-0.072807,0.005139,calib
155.54700,4.010000,-0.970000,27.900000,-0.781493,0.869903,7.607686,-0.066333,-0.072954,0.005022,calib
155.57900,4.190000,-0.950000,27.780000,-0.732767,0.822648,7.525386,-0.065847,-0.072258,0.004775,calib
155.61000,4.130000,-0.900000,27.790000,-0.732049,0.838742,7.494737,-0.065902,-0.071975,0.004871,calib
155.62500,4.100000,-0.880000,27.810000,-0.731197,0.855496,7.484461,-0.066115,-0.072169,0.004976,calib
155.64100,3.950000,-0.850000,27.800000,-0.737374,0.867422,7.464228,-0.066362,-0.071933,0.005292,calib
155.64100,3.920000,-0.830000,27.830000,-0.736804,0.884131,7.443670,-0.066411,-0.072032,0.005391,calib
155.70400,4.200000,-0.870000,27.670000,-0.717871,0.821735,7.391372,-0.065860,-0.071988,0.004723,calib
155.71900,4.090000,-0.920000,27.690000,-0.739144,0.826240,7.391269,-0.065991,-0.072126,0.004830,calib
155.73500,4.020000,-0.930000,27.700000,-0.759997,0.839108,7.370412,-0.066229,-0.072361,0.004822,calib
155.73500,3.890000,-0.960000,27.710000,-0.780700,0.860322,7.349751,-0.066408,-0.072597,0.005028,calib
155.75000,3.860000,-0.990000,27.730000,-0.787724,0.856472,7.349476,-0.066599,-0.072834,0.004922,calib
155.79700,4.160000,-0.970000,27.610000,-0.761522,0.781625,7.338409,-0.066300,-0.072932,0.004274,calib
155.81300,4.080000,-0.990000,27.630000,-0.783195,0.786428,7.348562,-0.066263,-0.073164,0.004383,calib
155.82900,3.990000,-1.040000,27.650000,-0.811127,0.795245,7.368866,-0.066692,-0.073440,0.004286,calib
155.84400,3.940000,-1.100000,27.650000,-0.818150,0.791395,7.368591,-0.066883,-0.073677,0.004180,calib
155.86000,3.970000,-1.100000,27.640000,-0.826307,0.770744,7.368310,-0.066696,-0.073624,0.003964,calib
155.90700,4.290000,-1.090000,27.450000,-0.792794,0.716412,7.326677,-0.066091,-0.073489,0.003515,calib
155.92200,4.230000,-1.080000,27.500000,-0.799520,0.720291,7.316507,-0.066229,-0.073346,0.003620,calib
155.93800,4.160000,-1.050000,27.540000,-0.806624,0.733131,7.306096,-0.066138,-0.073488,0.003613,calib
155.93800,4.120000,-1.080000,27.510000,-0.806224,0.732832,7.295839,-0.066306,-0.073395,0.003611,calib
155.95400,4.230000,-1.150000,27.460000,-0.814232,0.720527,7.295753,-0.066061,-0.073342,0.003609,calib
156.00000,4.470000,-1.260000,27.270000,-0.811605,0.633449,7.201770,-0.064856,-0.073101,0.002595,calib
156.03200,4.500000,-1.190000,27.260000,-0.804665,0.629181,7.191645,-0.064722,-0.073057,0.002805,calib
156.03200,4.450000,-1.180000,27.270000,-0.804516,0.628565,7.181555,-0.064728,-0.072676,0.002802,calib
156.04700,4.500000,-1.130000,27.280000,-0.790681,0.628465,7.161014,-0.064401,-0.072586,0.002791,calib
156.06300,4.550000,-1.090000,27.240000,-0.783771,0.615508,7.130156,-0.064328,-0.072353,0.002779,calib
156.11000,4.670000,-1.230000,27.020000,-0.787602,0.565119,7.005921,-0.062869,-0.071493,0.002072,calib
156.12500,4.690000,-1.210000,27.030000,-0.787884,0.565073,6.995639,-0.062704,-0.071398,0.002066,calib
156.14100,4.690000,-1.180000,27.010000,-0.773701,0.556284,6.964890,-0.062604,-0.071213,0.002162,calib
156.15700,4.690000,-1.180000,26.980000,-0.759768,0.547177,6.934307,-0.062341,-0.070744,0.002256,calib
156.17200,4.820000,-1.090000,26.900000,-0.746385,0.530024,6.913785,-0.061968,-0.070364,0.002139,calib
156.20400,4.790000,-1.010000,26.830000,-0.717595,0.561259,6.780993,-0.061099,-0.069051,0.002616,calib
156.21900,4.750000,-1.000000,26.900000,-0.710321,0.565426,6.781102,-0.061070,-0.069101,0.002723,calib
156.23500,4.770000,-0.950000,26.900000,-0.694942,0.572893,6.771256,-0.061351,-0.068823,0.002938,calib
156.25000,4.780000,-0.920000,26.860000,-0.680677,0.572222,6.750906,-0.061194,-0.068447,0.002930,calib
156.26600,4.860000,-0.920000,26.830000,-0.666862,0.563459,6.740861,-0.060928,-0.068165,0.003032,calib
156.29700,4.960000,-1.040000,26.700000,-0.698370,0.505614,6.709117,-0.060339,-0.067959,0.002477,calib
156.32900,4.880000,-1.130000,26.750000,-0.712969,0.497849,6.719233,-0.060391,-0.068241,0.002588,calib
156.34400,4.950000,-1.080000,26.750000,-0.706213,0.493698,6.739852,-0.060255,-0.068193,0.002488,calib
156.34400,4.990000,-1.040000,26.720000,-0.684710,0.480848,6.750286,-0.060347,-0.068151,0.002495,calib
156.36000,5.070000,-1.030000,26.740000,-0.670561,0.480521,6.750475,-0.060187,-0.067963,0.002495,calib
156.42200,5.130000,-1.010000,26.680000,-0.657466,0.446704,6.760794,-0.059930,-0.067582,0.002284,calib
156.43800,5.120000,-1.020000,26.690000,-0.657666,0.438929,6.770933,-0.059983,-0.067963,0.002395,calib
156.43800,5.140000,-1.040000,26.680000,-0.650510,0.434480,6.781295,-0.060015,-0.067821,0.002294,calib
156.45400,5.250000,-1.000000,26.660000,-0.643354,0.430030,6.791658,-0.060048,-0.067679,0.002192,calib
156.46900,5.300000,-1.000000,26.680000,-0.628673,0.430066,6.801963,-0.060213,-0.067874,0.002198,calib
156.53200,5.130000,-0.970000,26.740000,-0.627247,0.446938,6.843482,-0.060754,-0.068257,0.002649,calib
156.54700,5.260000,-1.020000,26.730000,-0.620722,0.426323,6.853506,-0.060734,-0.068401,0.002439,calib
156.54700,5.310000,-1.050000,26.700000,-0.628997,0.406017,6.873764,-0.060544,-0.068537,0.002230,calib
156.56300,5.400000,-1.090000,26.670000,-0.629864,0.381578,6.904218,-0.060548,-0.068818,0.001921,calib
156.57900,5.420000,-1.090000,26.650000,-0.637538,0.377708,6.914365,-0.060409,-0.068860,0.001815,calib
156.62500,5.300000,-1.170000,26.780000,-0.672872,0.367388,7.057915,-0.061296,-0.070222,0.001878,calib
156.64100,5.440000,-1.140000,26.730000,-0.665998,0.362893,7.057995,-0.061163,-0.069984,0.001770,calib
156.64100,5.730000,-1.130000,26.700000,-0.617569,0.308468,7.109615,-0.060888,-0.069944,0.001686,calib
156.65700,6.150000,-1.070000,26.570000,-0.570391,0.228626,7.171482,-0.060296,-0.069422,0.001282,calib
156.67200,6.520000,-1.030000,26.450000,-0.502252,0.144506,7.212722,-0.059407,-0.068859,0.000760,calib
156.71900,8.090000,-1.120000,25.460000,-0.319416,-0.291261,7.283679,-0.055381,-0.066291,-0.001692,calib
156.73500,8.270000,-1.160000,25.290000,-0.307515,-0.341334,7.273096,-0.054743,-0.066003,-0.002022,calib
156.75000,8.420000,-1.190000,25.150000,-0.303288,-0.395277,7.272660,-0.053965,-0.065758,-0.002458,calib
156.76600,8.490000,-1.250000,25.040000,-0.305104,-0.436633,7.272365,-0.053594,-0.065754,-0.002568,calib
156.76600,8.490000,-1.240000,25.050000,-0.306438,-0.470168,7.272212,-0.053333,-0.065464,-0.002784,calib
156.81300,9.530000,-1.080000,24.300000,-0.123284,-0.693955,7.262516,-0.050137,-0.063258,-0.003658,calib
156.82900,9.840000,-1.010000,24.070000,-0.116744,-0.706885,7.252363,-0.049899,-0.062925,-0.003663,calib
156.84400,10.090000,-0.980000,23.800000,-0.054761,-0.770417,7.262874,-0.049196,-0.062317,-0.003981,calib
156.84400,10.290000,-0.930000,23.650000,-0.006977,-0.817203,7.273508,-0.048375,-0.061610,-0.004195,calib
156.86000,10.460000,-0.950000,23.520000,0.034164,-0.867840,7.294393,-0.047909,-0.061236,-0.004187,calib
156.90700,11.320000,-0.750000,22.720000,0.178423,-1.024454,7.388060,-0.046216,-0.059685,-0.004579,calib
156.92200,11.490000,-0.690000,22.530000,0.213060,-1.045813,7.388424,-0.045709,-0.059361,-0.004474,calib
156.93800,11.560000,-0.720000,22.390000,0.240305,-1.070996,7.409217,-0.045228,-0.059174,-0.004468,calib
156.95400,11.680000,-0.700000,22.340000,0.261275,-1.084208,7.409535,-0.044994,-0.058750,-0.004468,calib
156.96900,11.710000,-0.640000,22.300000,0.274721,-1.092944,7.420195,-0.044562,-0.058370,-0.004359,calib
157.01600,12.300000,-0.400000,21.580000,0.421120,-1.184361,7.401575,-0.042748,-0.056072,-0.004047,calib
157.03200,12.450000,-0.300000,21.370000,0.470053,-1.206663,7.392037,-0.042086,-0.055179,-0.003945,calib
157.04700,12.580000,-0.230000,21.300000,0.490408,-1.228356,7.371839,-0.041582,-0.054565,-0.003848,calib
157.04700,12.600000,-0.310000,21.160000,0.496581,-1.232299,7.392675,-0.041114,-0.054517,-0.003630,calib
157.06300,12.600000,-0.340000,21.140000,0.510847,-1.232970,7.372325,-0.040957,-0.054141,-0.003638,calib
157.11000,12.990000,0.020000,20.670000,0.680604,-1.254725,7.334023,-0.038990,-0.051234,-0.003121,calib
157.12500,13.100000,0.100000,20.510000,0.722833,-1.264486,7.303818,-0.038405,-0.050390,-0.003028,calib
157.14100,13.130000,0.130000,20.440000,0.750514,-1.273621,7.283681,-0.037813,-0.049826,-0.002932,calib
157.15700,13.120000,0.200000,20.390000,0.778713,-1.274437,7.243033,-0.037329,-0.049362,-0.002629,calib
157.17200,13.150000,0.190000,20.400000,0.792877,-1.267080,7.223044,-0.036951,-0.048699,-0.002425,calib
157.21900,13.210000,0.340000,20.180000,0.813971,-1.264017,7.161701,-0.036440,-0.047995,-0.002345,calib
157.23500,13.220000,0.340000,20.100000,0.876577,-1.271168,7.049996,-0.034853,-0.045969,-0.001862,calib
157.23500,13.240000,0.310000,20.050000,0.883154,-1.267752,7.009168,-0.034337,-0.045353,-0.001775,calib
157.25000,13.250000,0.340000,20.020000,0.896804,-1.276904,6.968303,-0.033910,-0.044788,-0.001687,calib
157.26600,13.240000,0.380000,19.940000,0.910086,-1.286030,6.948142,-0.033317,-0.044123,-0.001592,calib
157.31300,13.390000,0.450000,19.540000,0.975529,-1.347649,6.763808,-0.030133,-0.041187,-0.001903,calib
157.32900,13.360000,0.420000,19.540000,0.975167,-1.331004,6.743390,-0.029687,-0.040996,-0.001810,calib
157.34400,13.270000,0.430000,19.700000,0.975516,-1.314884,6.733445,-0.029575,-0.040616,-0.001707,calib
157.36000,13.240000,0.440000,19.740000,0.975834,-1.298492,6.713053,-0.029462,-0.040428,-0.001609,calib
157.37500,13.220000,0.500000,19.760000,0.983324,-1.278865,6.682844,-0.029163,-0.039621,-0.001409,calib
157.42200,13.280000,0.520000,19.430000,1.019878,-1.323802,6.457098,-0.025695,-0.036390,-0.001957,calib
157.45400,13.170000,0.480000,19.470000,1.011845,-1.328177,6.395155,-0.025232,-0.036057,-0.002094,calib
157.45400,13.110000,0.490000,19.540000,1.004391,-1.324778,6.333599,-0.024880,-0.035439,-0.002014,calib
157.46900,13.040000,0.530000,19.590000,0.989777,-1.308739,6.303067,-0.024438,-0.034767,-0.001924,calib
157.48500,13.000000,0.550000,19.640000,0.989932,-1.292737,6.251853,-0.024163,-0.034295,-0.001840,calib
157.53200,12.780000,0.660000,19.860000,0.941869,-1.158211,6.109547,-0.023060,-0.031765,-0.001267,calib
157.54700,12.700000,0.650000,19.960000,0.935827,-1.120815,6.109951,-0.023128,-0.031718,-0.000946,calib
157.56300,12.630000,0.660000,20.070000,0.929354,-1.091810,6.099878,-0.023089,-0.031574,-0.000844,calib
157.57900,12.620000,0.700000,20.050000,0.936577,-1.080185,6.090013,-0.022845,-0.030956,-0.000849,calib
157.59400,12.640000,0.720000,19.950000,0.964442,-1.089230,6.079914,-0.022418,-0.030486,-0.001070,calib
157.64100,12.680000,0.740000,20.000000,0.977573,-1.048892,6.101471,-0.021148,-0.029050,-0.001288,calib
157.65700,12.630000,0.810000,20.170000,0.970894,-1.028433,6.132637,-0.021169,-0.028710,-0.001383,calib
157.67200,12.640000,0.830000,20.200000,0.978667,-0.999592,6.163778,-0.021133,-0.028472,-0.001585,calib
157.67200,12.670000,0.870000,20.220000,0.993492,-0.991982,6.205379,-0.021246,-0.028089,-0.001673,calib
157.68800,12.680000,0.900000,20.260000,1.000048,-0.988060,6.226115,-0.020889,-0.027754,-0.001883,calib
157.75000,12.860000,0.740000,20.060000,1.074505,-1.034778,6.330035,-0.019077,-0.026659,-0.002068,calib
157.75000,12.870000,0.700000,20.020000,1.094426,-1.047711,6.351031,-0.018345,-0.026137,-0.002065,calib
157.76600,12.850000,0.660000,20.020000,1.093857,-1.039611,6.371853,-0.017958,-0.025749,-0.002167,calib
157.78200,12.820000,0.640000,20.080000,1.065408,-1.014511,6.372147,-0.017779,-0.025551,-0.001849,calib
157.79700,12.660000,0.600000,20.260000,1.022863,-0.980693,6.372204,-0.017703,-0.025538,-0.001639,calib
157.84400,12.270000,0.400000,20.670000,0.857889,-0.881617,6.238196,-0.016661,-0.026318,0.000104,calib
157.86000,12.310000,0.250000,20.570000,0.827532,-0.906017,6.196566,-0.016168,-0.026309,0.000081,calib
157.87500,12.300000,0.210000,20.590000,0.810440,-0.947227,6.154953,-0.015300,-0.026111,-0.000052,calib
157.89100,12.350000,0.120000,20.370000,0.800074,-0.992316,6.123510,-0.014294,-0.026057,-0.000289,calib
157.89100,12.350000,0.030000,20.330000,0.783412,-1.034096,6.082088,-0.013595,-0.025573,-0.000420,calib
157.95400,12.030000,0.050000,20.370000,0.709285,-0.985692,5.659770,-0.011116,-0.023481,-0.000297,calib
157.96900,11.650000,0.070000,20.600000,0.681753,-0.953131,5.505274,-0.011055,-0.023011,-0.000147,calib
157.98500,11.520000,0.030000,20.640000,0.667821,-0.928944,5.361029,-0.010724,-0.022447,-0.000209,calib
157.98500,11.440000,0.020000,20.600000,0.653524,-0.912921,5.196102,-0.010285,-0.021981,-0.000173,calib
158.00000,11.340000,-0.030000,20.520000,0.631021,-0.901129,5.031206,-0.009380,-0.021174,-0.000250,calib
158.06300,10.660000,-0.020000,19.980000,0.504059,-0.857787,3.947911,-0.004802,-0.018118,-0.000525,calib
158.07900,10.450000,0.190000,20.050000,0.483290,-0.812758,3.772911,-0.004325,-0.017508,-0.000387,calib
158.09400,10.280000,0.350000,19.880000,0.461838,-0.792285,3.597623,-0.003854,-0.017184,-0.000250,calib
158.09400,10.200000,0.350000,19.760000,0.425719,-0.779804,3.442654,-0.003436,-0.016946,-0.000319,calib
158.11000,10.140000,0.350000,19.700000,0.389535,-0.758588,3.308176,-0.002957,-0.016899,-0.000489,calib
158.17200,9.250000,1.270000,20.280000,0.324253,-0.441977,2.897968,-0.005041,-0.015459,0.000538,calib
158.18800,9.070000,1.360000,20.300000,0.311541,-0.409464,2.836481,-0.005310,-0.015082,0.000730,calib
158.18800,9.030000,1.400000,20.250000,0.318559,-0.413830,2.764140,-0.005178,-0.015043,0.000593,calib
158.20400,9.080000,1.370000,20.070000,0.317947,-0.439463,2.691953,-0.005030,-0.014666,0.000564,calib
158.21900,8.970000,1.260000,19.970000,0.315807,-0.489787,2.588629,-0.004395,-0.014290,0.000518,calib
158.26600,8.680000,1.400000,19.750000,0.448695,-0.556099,2.301295,-0.002409,-0.012300,0.000717,calib
158.28200,8.550000,1.510000,19.840000,0.465090,-0.506679,2.312257,-0.002726,-0.012214,0.001047,calib
158.29700,8.400000,1.590000,19.960000,0.489611,-0.445299,2.302766,-0.003291,-0.011990,0.001371,calib
158.31300,8.240000,1.710000,20.060000,0.521340,-0.371016,2.313874,-0.003766,-0.012005,0.001702,calib
158.32900,8.170000,1.800000,20.130000,0.538135,-0.321896,2.314579,-0.004250,-0.011825,0.002029,calib
158.37500,7.860000,1.870000,19.860000,0.650091,-0.263369,2.141163,-0.004852,-0.010693,0.002617,calib
158.39100,7.620000,1.910000,19.800000,0.665326,-0.247630,2.089999,-0.004911,-0.010323,0.002706,calib
158.39100,7.520000,1.930000,19.810000,0.681212,-0.231871,2.028413,-0.005301,-0.010146,0.002794,calib
158.40700,7.400000,2.020000,19.810000,0.697182,-0.199033,1.987511,-0.005569,-0.010157,0.002995,calib
158.42200,7.280000,2.130000,19.790000,0.698869,-0.166529,1.926048,-0.005840,-0.009881,0.003187,calib
158.46900,6.920000,2.060000,19.500000,0.717534,-0.094542,1.700236,-0.006503,-0.008769,0.003427,calib
158.48500,6.790000,2.120000,19.480000,0.726177,-0.074262,1.659275,-0.006859,-0.008731,0.003629,calib
158.50000,6.690000,2.110000,19.430000,0.720221,-0.045899,1.618406,-0.006992,-0.008306,0.003721,calib
158.51600,6.650000,2.130000,19.410000,0.720991,-0.021416,1.587709,-0.006987,-0.008023,0.003709,calib
158.51600,6.590000,2.140000,19.350000,0.721622,-0.005250,1.588046,-0.007040,-0.007737,0.003817,calib
158.57900,6.840000,2.090000,19.290000,0.762292,-0.031985,1.619974,-0.005913,-0.006310,0.003824,calib
158.59400,6.940000,2.050000,19.240000,0.774886,-0.057475,1.640909,-0.005268,-0.005736,0.003828,calib
158.59400,6.980000,2.020000,19.200000,0.794887,-0.087098,1.672042,-0.004817,-0.005305,0.003732,calib
158.61000,7.140000,1.980000,19.180000,0.821628,-0.137725,1.692903,-0.004349,-0.004831,0.003740,calib
158.62500,7.440000,1.820000,19.120000,0.832652,-0.196064,1.754764,-0.003437,-0.004345,0.003543,calib
158.67200,8.270000,1.410000,19.200000,0.815116,-0.501320,2.124539,0.000878,-0.003410,0.002475,calib
158.68800,8.390000,1.380000,19.270000,0.804996,-0.546303,2.248055,0.001558,-0.003342,0.002304,calib
158.70400,8.420000,1.340000,19.390000,0.788484,-0.578971,2.371634,0.001995,-0.003226,0.002134,calib
158.70400,8.520000,1.410000,19.490000,0.795261,-0.582861,2.495494,0.001971,-0.003262,0.002078,calib
158.71900,8.510000,1.470000,19.560000,0.801905,-0.578451,2.609268,0.002169,-0.003206,0.002229,calib
158.78200,9.030000,1.600000,19.730000,0.978634,-0.618292,3.075730,0.003034,-0.001829,0.002422,calib
158.78200,9.170000,1.600000,19.750000,1.041721,-0.648345,3.189801,0.003479,-0.001311,0.002361,calib
158.79700,9.320000,1.610000,19.750000,1.097365,-0.665802,3.324614,0.004178,-0.000643,0.002306,calib
158.81300,9.440000,1.680000,19.820000,1.140026,-0.666405,3.469692,0.004337,-0.000262,0.002366,calib
158.82900,9.490000,1.710000,19.940000,1.154508,-0.641889,3.594116,0.004509,0.000223,0.002415,calib
158.87500,9.690000,1.870000,20.510000,1.202630,-0.621289,4.132081,0.005321,0.001267,0.002519,calib
158.89100,9.880000,1.840000,20.430000,1.236554,-0.659486,4.225424,0.005876,0.001888,0.002556,calib
158.90700,10.010000,1.750000,20.380000,1.270468,-0.688748,4.297823,0.006494,0.002128,0.002474,calib
158.90700,10.080000,1.750000,20.310000,1.297461,-0.714248,4.318782,0.007138,0.002602,0.002479,calib
158.92200,10.050000,1.690000,20.270000,1.296241,-0.730977,4.349762,0.007517,0.002893,0.002381,calib
158.96900,10.250000,1.580000,20.310000,1.298091,-0.768949,4.515951,0.009729,0.004494,0.002750,calib
158.98500,10.300000,1.580000,20.330000,1.290114,-0.781526,4.526313,0.009972,0.004737,0.002752,calib
159.00000,10.290000,1.580000,20.400000,1.289095,-0.781518,4.557439,0.010468,0.005030,0.002760,calib
159.01600,10.280000,1.550000,20.400000,1.273958,-0.781455,4.598824,0.010801,0.005326,0.002772,calib
159.01600,10.320000,1.540000,20.430000,1.265264,-0.785317,4.640098,0.011437,0.005575,0.002674,calib
159.06300,10.590000,1.410000,20.300000,1.260517,-0.811118,4.733851,0.013568,0.007314,0.002693,calib
159.07900,10.550000,1.400000,20.290000,1.260236,-0.811164,4.723569,0.013732,0.007410,0.002687,calib
159.09400,10.550000,1.400000,20.300000,1.259918,-0.802747,4.744224,0.013957,0.007508,0.002585,calib
159.09400,10.550000,1.380000,20.350000,1.252194,-0.790197,4.754684,0.014376,0.007752,0.002584,calib
159.11000,10.510000,1.420000,20.390000,1.238308,-0.773679,4.775537,0.014328,0.007949,0.002700,calib
159.15700,10.440000,1.490000,20.510000,1.238649,-0.716369,4.848627,0.014894,0.009008,0.002616,calib
159.17200,10.420000,1.500000,20.530000,1.239280,-0.700204,4.848965,0.014842,0.009293,0.002724,calib
159.18800,10.440000,1.450000,20.580000,1.238994,-0.692059,4.880068,0.015064,0.009584,0.002627,calib
159.20400,10.470000,1.460000,20.550000,1.232038,-0.679835,4.859567,0.015149,0.009823,0.002617,calib
159.20400,10.410000,1.430000,20.570000,1.231987,-0.663417,4.859878,0.015429,0.010110,0.002722,calib
159.25000,10.190000,1.510000,20.730000,1.192679,-0.547893,4.809088,0.015083,0.010878,0.002808,calib
159.26600,10.120000,1.520000,20.790000,1.186057,-0.527233,4.798820,0.015063,0.011022,0.002696,calib
159.28200,10.000000,1.610000,20.890000,1.173495,-0.477206,4.788596,0.014754,0.010926,0.002692,calib
159.28200,9.880000,1.650000,20.990000,1.161666,-0.419041,4.778348,0.014172,0.010830,0.002584,calib
159.29700,9.760000,1.680000,21.090000,1.149437,-0.360578,4.778358,0.013758,0.010640,0.002478,calib
159.36000,9.100000,2.060000,21.900000,1.062730,-0.043995,4.964746,0.010210,0.009902,0.002359,calib
159.37500,9.060000,2.110000,21.970000,1.064706,0.005940,5.037248,0.009736,0.009809,0.002392,calib
159.39100,9.010000,2.140000,22.060000,1.059442,0.043245,5.078703,0.009173,0.009764,0.002413,calib
159.40700,8.780000,2.300000,22.180000,1.054662,0.097331,5.130586,0.008563,0.009624,0.002546,calib
159.42200,8.680000,2.300000,22.360000,1.021498,0.152142,5.213078,0.007633,0.009111,0.002691,calib
159.48500,7.750000,2.660000,23.530000,0.809809,0.434890,5.687646,0.004369,0.007438,0.003322,calib
159.48500,7.570000,2.690000,23.690000,0.754372,0.493916,5.780379,0.003801,0.007271,0.003252,calib
159.50000,7.460000,2.790000,23.780000,0.699336,0.561604,5.873141,0.003129,0.006816,0.003397,calib
159.51600,7.140000,2.870000,24.200000,0.658129,0.612573,5.986485,0.002503,0.006359,0.003445,calib
159.53200,7.030000,2.960000,24.370000,0.645782,0.662979,6.120771,0.001871,0.006086,0.003503,calib
159.57900,6.830000,4.150000,24.670000,0.857784,1.060655,6.796035,-0.002458,0.007728,0.003288,calib
159.61000,6.090000,4.630000,25.240000,0.846873,1.144014,7.033829,-0.003518,0.007653,0.003284,calib
159.61000,6.100000,4.550000,25.490000,0.819952,1.185612,7.219780,-0.004210,0.007869,0.003150,calib
159.62500,6.080000,4.590000,25.530000,0.820444,1.194226,7.415959,-0.004640,0.007791,0.003126,calib
159.64100,6.140000,4.580000,25.630000,0.819869,1.177305,7.591641,-0.004755,0.008193,0.003092,calib
159.70400,6.630000,4.810000,26.410000,0.894740,0.969799,8.923938,-0.003212,0.010035,0.002769,calib
159.73500,6.610000,4.800000,26.520000,0.900122,0.949325,9.140752,-0.002855,0.010297,0.002639,calib
159.75000,6.600000,4.810000,26.610000,0.905227,0.920615,9.305898,-0.002392,0.010458,0.002595,calib
159.75000,6.800000,4.660000,26.790000,0.880769,0.884059,9.460572,-0.001650,0.010628,0.002649,calib
159.76600,6.860000,4.650000,26.870000,0.849622,0.852089,9.625205,-0.001205,0.010469,0.002495,calib
159.82900,6.350000,4.730000,27.660000,0.695335,0.887454,10.397955,-0.000749,0.009022,0.002571,calib
159.84400,6.390000,4.780000,27.690000,0.723530,0.895595,10.563500,-0.000527,0.009315,0.002530,calib
159.84400,6.490000,4.790000,27.690000,0.751329,0.886883,10.687630,-0.000258,0.009704,0.002365,calib
159.86000,6.560000,4.740000,27.730000,0.771434,0.874600,10.842689,0.000153,0.009856,0.002425,calib
159.87500,6.600000,4.710000,27.870000,0.755774,0.858687,10.955992,0.000377,0.009779,0.002360,calib
159.92200,6.220000,4.600000,28.520000,0.665985,0.889990,11.677033,0.000962,0.007781,0.002310,calib
159.95400,6.180000,4.710000,28.600000,0.687814,0.910918,11.790758,0.000944,0.007736,0.002248,calib
159.95400,6.160000,4.740000,28.670000,0.702184,0.927588,11.894336,0.001061,0.007837,0.002397,calib
159.96900,6.210000,4.760000,28.700000,0.709213,0.948824,12.018294,0.001213,0.007800,0.002337,calib
159.98500,6.190000,4.760000,28.780000,0.716309,0.961326,12.121762,0.001302,0.007950,0.002378,calib
160.01600,5.710000,4.660000,29.300000,0.580405,1.044779,12.440701,0.001089,0.006542,0.002601,calib
160.04700,5.790000,4.570000,29.410000,0.564780,1.020403,12.523066,0.001253,0.006461,0.002632,calib
160.06300,5.850000,4.500000,29.420000,0.540804,0.984221,12.574167,0.001830,0.006143,0.002645,calib
160.06300,5.880000,4.330000,29.550000,0.501325,0.915129,12.645708,0.002510,0.005737,0.002773,calib
160.07900,5.930000,4.130000,29.650000,0.425677,0.850895,12.727135,0.003229,0.005203,0.002687,calib
160.14100,5.850000,3.860000,30.050000,0.323997,0.718562,13.065855,0.004804,0.003895,0.002801,calib
160.15700,5.920000,4.080000,29.970000,0.397486,0.749385,13.056671,0.004679,0.004919,0.002697,calib
160.15700,6.030000,4.270000,29.890000,0.450835,0.801513,13.047389,0.004044,0.005517,0.002811,calib
160.17200,5.890000,4.600000,29.860000,0.489524,0.862267,13.017305,0.003637,0.006119,0.002805,calib
160.18800,5.830000,4.670000,29.910000,0.499784,0.931976,12.976756,0.003131,0.006441,0.003007,calib
160.23500,6.340000,4.670000,29.980000,0.647334,0.874979,13.153837,0.004367,0.008087,0.002972,calib
160.25000,6.670000,4.670000,29.880000,0.744380,0.806669,13.216575,0.005528,0.009119,0.002887,calib
160.26600,7.150000,4.940000,29.560000,0.859215,0.795402,13.187036,0.005928,0.010321,0.002988,calib
160.28200,7.250000,5.220000,29.330000,0.954736,0.821161,13.074982,0.005760,0.011566,0.003060,calib
160.28200,7.280000,5.380000,29.190000,1.015390,0.885586,12.962519,0.005374,0.012200,0.003129,calib
160.34400,6.830000,5.990000,29.260000,1.213961,1.282137,12.821852,0.001678,0.013670,0.002900,calib
160.36000,6.890000,6.320000,29.120000,1.297177,1.375627,12.823091,0.001000,0.014258,0.002803,calib
160.36000,6.910000,6.500000,28.980000,1.366116,1.460592,12.762383,0.000262,0.014940,0.002790,calib
160.37500,6.930000,6.620000,28.870000,1.427304,1.525380,12.660036,-0.000451,0.015192,0.002865,calib
160.39100,6.900000,6.660000,28.750000,1.458349,1.565586,12.536546,-0.000838,0.015549,0.002607,calib
160.45400,6.990000,5.380000,29.200000,1.104058,1.229581,12.117722,0.002628,0.012833,0.002170,calib
160.46900,6.930000,5.160000,29.320000,1.007937,1.186617,12.075081,0.003166,0.011861,0.002247,calib
160.46900,6.840000,5.060000,29.380000,0.935017,1.163542,12.053421,0.003179,0.011119,0.002233,calib
160.48500,6.640000,5.040000,29.420000,0.913088,1.168772,12.001410,0.003384,0.010597,0.002315,calib
160.50000,6.740000,5.060000,29.370000,0.934901,1.181249,11.970507,0.003468,0.010443,0.002301,calib
160.56300,6.410000,4.920000,29.340000,0.906437,1.343935,11.567802,0.002125,0.009206,0.002465,calib
160.56300,6.300000,4.830000,29.350000,0.870846,1.349121,11.474358,0.001999,0.008587,0.002533,calib
160.57900,6.300000,4.740000,29.360000,0.854945,1.324911,11.391317,0.002491,0.008299,0.002493,calib
160.59400,6.540000,4.600000,29.180000,0.874334,1.262210,11.246545,0.003037,0.008330,0.002432,calib
160.61000,6.740000,4.570000,29.040000,0.900198,1.195312,11.112111,0.003883,0.008505,0.002266,calib
160.67200,6.560000,4.120000,29.030000,0.713255,1.011928,10.727407,0.005256,0.007249,0.002411,calib
160.70400,6.610000,4.200000,28.970000,0.715276,1.052868,10.676178,0.004880,0.007431,0.002501,calib
160.70400,6.590000,4.310000,28.970000,0.732543,1.118743,10.656081,0.004347,0.007514,0.002604,calib
160.71900,6.430000,4.440000,29.000000,0.729353,1.205378,10.646258,0.003467,0.007652,0.002607,calib
160.73500,6.130000,4.640000,29.130000,0.726326,1.292402,10.667255,0.002426,0.007506,0.002624,calib
160.79700,6.340000,5.030000,29.090000,0.879100,1.521322,10.907373,0.000876,0.008901,0.002312,calib
160.81300,6.090000,4.970000,29.270000,0.844741,1.559878,10.968962,0.000327,0.008293,0.002338,calib
160.82900,5.840000,4.980000,29.400000,0.795413,1.581735,11.051087,-0.000171,0.007886,0.002265,calib
160.84400,5.740000,4.880000,29.480000,0.752364,1.599278,11.102279,-0.000206,0.007715,0.002067,calib
160.86000,5.700000,4.850000,29.530000,0.737396,1.591539,11.133099,-0.000092,0.007532,0.002185,calib
160.92200,5.970000,4.600000,29.670000,0.658253,1.436110,11.410378,0.000984,0.007214,0.002070,calib
160.93800,5.930000,4.620000,29.700000,0.651142,1.432331,11.441089,0.000795,0.006980,0.001976,calib
160.93800,5.960000,4.640000,29.660000,0.658181,1.428226,11.471990,0.000766,0.006934,0.001882,calib
160.95400,5.940000,4.670000,29.670000,0.664603,1.415639,11.482375,0.001007,0.007077,0.001885,calib
160.96900,5.990000,4.670000,29.660000,0.678499,1.390186,11.482467,0.000992,0.007265,0.001887,calib
161.04700,5.980000,4.360000,29.760000,0.529740,1.294569,11.459580,0.001829,0.005886,0.001860,calib
161.06300,6.050000,4.240000,29.710000,0.527139,1.236686,11.459356,0.002415,0.005890,0.001963,calib
161.07900,6.060000,4.180000,29.710000,0.502855,1.183579,11.438056,0.003038,0.005661,0.001840,calib
161.09400,6.090000,3.930000,29.770000,0.457557,1.126360,11.437430,0.003303,0.005392,0.001943,calib
161.11000,5.960000,3.880000,29.840000,0.413128,1.102748,11.457418,0.003475,0.004933,0.001947,calib
161.17200,6.470000,3.410000,29.750000,0.335588,0.860578,11.527945,0.006581,0.004745,0.002051,calib
161.18800,6.460000,3.300000,29.790000,0.290342,0.811749,11.527271,0.006906,0.004477,0.002046,calib
161.20400,6.330000,3.110000,29.860000,0.216602,0.780608,11.536621,0.007194,0.003739,0.002149,calib
161.21900,6.220000,2.930000,29.940000,0.142913,0.757858,11.545923,0.007541,0.003002,0.002143,calib
161.21900,6.100000,2.560000,30.020000,0.082387,0.701517,11.555339,0.008147,0.002455,0.002245,calib
161.28200,6.670000,1.620000,29.720000,-0.066248,0.308927,11.499714,0.012355,0.000712,0.002177,calib
161.29700,6.640000,1.430000,29.710000,-0.096160,0.284962,11.499187,0.012522,0.000340,0.002173,calib
161.31300,6.550000,1.330000,29.750000,-0.149479,0.232562,11.518916,0.013154,-0.000065,0.002064,calib
161.31300,6.500000,1.160000,29.750000,-0.195293,0.175985,11.549086,0.013592,-0.000617,0.002177,calib
161.32900,6.600000,1.060000,29.700000,-0.213042,0.102290,11.569040,0.014235,-0.000986,0.002179,calib
161.40700,6.690000,0.060000,29.650000,-0.443600,-0.189476,11.761189,0.017020,-0.002974,0.002217,calib
161.42200,6.690000,-0.060000,29.670000,-0.467155,-0.217294,11.791537,0.017490,-0.003389,0.002115,calib
161.43800,6.740000,-0.080000,29.640000,-0.476066,-0.254744,11.801775,0.017889,-0.003144,0.002117,calib
161.43800,6.880000,-0.160000,29.560000,-0.478451,-0.303848,11.832323,0.018373,-0.003423,0.002124,calib
161.45400,7.030000,-0.320000,29.550000,-0.495605,-0.352915,11.883553,0.019024,-0.003503,0.002138,calib
161.51600,7.120000,-0.810000,29.400000,-0.549892,-0.573485,12.036104,0.021292,-0.004600,0.001854,calib
161.53200,7.230000,-0.780000,29.340000,-0.514522,-0.586707,12.036445,0.021525,-0.004276,0.001855,calib
161.54700,7.350000,-0.690000,29.340000,-0.478583,-0.583220,12.016228,0.021709,-0.004051,0.001955,calib
161.56300,7.310000,-0.670000,29.360000,-0.463049,-0.550582,12.006236,0.021605,-0.003772,0.001845,calib
161.56300,7.220000,-0.610000,29.430000,-0.460864,-0.509253,11.985827,0.021068,-0.003874,0.001948,calib
161.62500,7.220000,-0.550000,29.380000,-0.421062,-0.431960,11.852507,0.020443,-0.003476,0.002010,calib
161.64100,7.240000,-0.570000,29.360000,-0.406145,-0.432612,11.821735,0.020270,-0.003293,0.002001,calib
161.65700,7.230000,-0.500000,29.360000,-0.398732,-0.420125,11.790809,0.020356,-0.003347,0.001987,calib
161.67200,7.180000,-0.450000,29.400000,-0.390325,-0.408119,11.780639,0.019943,-0.003304,0.001988,calib
161.67200,7.180000,-0.460000,29.410000,-0.389453,-0.391663,11.749581,0.019728,-0.003308,0.001762,calib
161.73500,7.190000,-0.540000,29.310000,-0.390178,-0.425142,11.656547,0.019821,-0.003317,0.001832,calib
161.75000,7.220000,-0.610000,29.270000,-0.412498,-0.437510,11.625450,0.020066,-0.003167,0.001817,calib
161.76600,7.200000,-0.620000,29.300000,-0.433750,-0.424343,11.614851,0.019996,-0.003497,0.001811,calib
161.76600,7.140000,-0.630000,29.310000,-0.447847,-0.415625,11.614613,0.019894,-0.003683,0.001703,calib
161.78200,7.040000,-0.650000,29.370000,-0.461061,-0.390425,11.614547,0.019577,-0.003871,0.001704,calib
161.84400,7.260000,-0.300000,29.270000,-0.328903,-0.344579,11.513191,0.019381,-0.002399,0.001675,calib
161.86000,7.260000,-0.340000,29.290000,-0.327682,-0.327851,11.482211,0.019002,-0.002691,0.001773,calib
161.86000,7.060000,-0.340000,29.350000,-0.347934,-0.298545,11.451244,0.018714,-0.002834,0.001869,calib
161.87500,6.980000,-0.340000,29.370000,-0.353054,-0.261112,11.420278,0.018150,-0.003077,0.001860,calib
161.89100,6.950000,-0.290000,29.400000,-0.344446,-0.232370,11.410255,0.017855,-0.003036,0.001966,calib
161.95400,7.020000,-0.040000,29.330000,-0.268198,-0.152259,11.194693,0.017242,-0.002131,0.001783,calib
161.96900,6.940000,-0.110000,29.370000,-0.295473,-0.126803,11.163451,0.016763,-0.002510,0.001772,calib
161.98500,6.750000,-0.040000,29.400000,-0.302178,-0.114262,11.142784,0.016686,-0.002559,0.001764,calib
162.00000,6.790000,-0.030000,29.370000,-0.272862,-0.114924,11.112036,0.016512,-0.002476,0.001755,calib
162.01600,7.020000,0.060000,29.320000,-0.244196,-0.115604,11.091710,0.016668,-0.002200,0.001748,calib
162.07900,6.490000,-0.180000,29.460000,-0.407862,-0.074423,11.079622,0.015823,-0.003823,0.001737,calib
162.09400,6.570000,-0.170000,29.480000,-0.386958,-0.078901,11.100430,0.016119,-0.003587,0.001637,calib
162.11000,6.890000,-0.020000,29.370000,-0.337092,-0.101139,11.090752,0.016286,-0.002984,0.001744,calib
162.12500,7.000000,0.020000,29.310000,-0.294930,-0.126974,11.080774,0.016595,-0.002615,0.001741,calib
162.14100,7.040000,-0.040000,29.260000,-0.281465,-0.151856,11.080674,0.016749,-0.002713,0.001740,calib
162.20400,6.780000,-0.320000,29.250000,-0.450128,-0.226856,11.016613,0.017072,-0.004142,0.001915,calib
162.23500,6.890000,-0.320000,29.200000,-0.422279,-0.252754,10.975625,0.017380,-0.003675,0.001899,calib
162.23500,6.900000,-0.330000,29.170000,-0.407793,-0.252835,10.944662,0.017378,-0.003778,0.001887,calib
162.25000,6.860000,-0.340000,29.180000,-0.414668,-0.257302,10.934296,0.017181,-0.003634,0.001778,calib
162.25000,6.790000,-0.320000,29.200000,-0.429128,-0.256748,10.913377,0.017187,-0.003919,0.001768,calib
162.31300,6.910000,-0.350000,29.120000,-0.393237,-0.278803,10.841537,0.017190,-0.003507,0.001850,calib
162.34400,6.850000,-0.290000,29.140000,-0.392267,-0.262392,10.810722,0.016974,-0.003512,0.001947,calib
162.36000,6.760000,-0.290000,29.170000,-0.405364,-0.237536,10.790118,0.016654,-0.003511,0.001941,calib
162.37500,6.660000,-0.300000,29.210000,-0.411217,-0.208240,10.759175,0.016364,-0.003755,0.002037,calib
162.39100,6.620000,-0.260000,29.210000,-0.417439,-0.187879,10.738651,0.016175,-0.003516,0.001923,calib
162.45400,6.530000,-0.130000,29.220000,-0.419764,-0.093212,10.584371,0.015183,-0.003490,0.002083,calib
162.46900,6.500000,-0.110000,29.260000,-0.418409,-0.059976,10.563742,0.014919,-0.003590,0.001969,calib
162.48500,6.390000,-0.000000,29.250000,-0.416875,-0.018665,10.553755,0.014713,-0.003498,0.002073,calib
162.50000,6.370000,0.040000,29.280000,-0.400742,0.005601,10.533389,0.014219,-0.003413,0.002071,calib
162.50000,6.390000,0.110000,29.280000,-0.385573,0.030075,10.502715,0.014222,-0.003231,0.002059,calib
162.56300,6.160000,0.070000,29.260000,-0.438662,0.113644,10.327052,0.013159,-0.003811,0.002207,calib
162.57900,6.150000,0.190000,29.250000,-0.423724,0.121654,10.285784,0.013047,-0.003820,0.002085,calib
162.59400,6.250000,0.230000,29.200000,-0.401784,0.124853,10.255287,0.013065,-0.003402,0.002182,calib
162.61000,6.320000,0.270000,29.170000,-0.372750,0.124145,10.214256,0.013055,-0.003224,0.002168,calib
162.62500,6.340000,0.250000,29.130000,-0.357833,0.123493,10.183484,0.012882,-0.003041,0.002159,calib
162.68800,6.170000,0.100000,29.160000,-0.457926,0.133486,10.079419,0.012632,-0.003689,0.002327,calib
162.70400,6.250000,0.130000,29.110000,-0.429660,0.133104,10.069350,0.012956,-0.003507,0.002321,calib
162.71900,6.310000,0.170000,29.070000,-0.408721,0.120163,10.059219,0.013192,-0.003275,0.002317,calib
162.73500,6.350000,0.160000,29.060000,-0.408321,0.119865,10.048963,0.013024,-0.003181,0.002315,calib
162.75000,6.290000,0.180000,29.080000,-0.415143,0.132750,10.048834,0.012951,-0.003419,0.002314,calib
162.81300,6.200000,0.220000,29.160000,-0.413963,0.166131,10.090178,0.012690,-0.003512,0.002225,calib
162.81300,6.210000,0.270000,29.140000,-0.399384,0.165233,10.090558,0.012681,-0.003039,0.002227,calib
162.82900,6.250000,0.290000,29.140000,-0.384954,0.164951,10.101030,0.012677,-0.002948,0.002233,calib
162.84400,6.270000,0.260000,29.140000,-0.370155,0.164643,10.090797,0.012508,-0.002954,0.002231,calib
162.86000,6.210000,0.300000,29.180000,-0.376999,0.168866,10.101165,0.012374,-0.003000,0.002344,calib
162.90700,6.260000,0.240000,29.130000,-0.356916,0.131514,10.152719,0.012607,-0.003047,0.002364,calib
162.92200,6.250000,0.240000,29.140000,-0.356464,0.139605,10.142413,0.012497,-0.002953,0.002254,calib
162.95400,6.250000,0.260000,29.140000,-0.356464,0.139605,10.142413,0.012497,-0.002953,0.002254,calib
162.95400,6.190000,0.280000,29.170000,-0.348427,0.151638,10.152948,0.012250,-0.002812,0.002262,calib
162.96900,6.210000,0.290000,29.180000,-0.355218,0.164252,10.163267,0.012175,-0.002858,0.002266,calib
163.03200,6.300000,0.220000,29.120000,-0.342917,0.122841,10.152713,0.012709,-0.002860,0.002150,calib
163.04700,6.260000,0.190000,29.110000,-0.365354,0.110818,10.142155,0.012958,-0.002899,0.002142,calib
163.04700,6.300000,0.170000,29.130000,-0.372228,0.115313,10.142075,0.012825,-0.003137,0.002250,calib
163.06300,6.150000,0.200000,29.160000,-0.379502,0.111145,10.141966,0.012797,-0.003086,0.002143,calib
163.07900,6.160000,0.150000,29.140000,-0.379502,0.111145,10.141966,0.012797,-0.003086,0.002143,calib
163.14100,6.400000,0.160000,29.060000,-0.352987,0.060673,10.111111,0.013430,-0.002713,0.002127,calib
163.14100,6.330000,0.150000,29.080000,-0.360230,0.065194,10.131735,0.013463,-0.002851,0.002242,calib
163.15700,6.260000,0.150000,29.100000,-0.366652,0.077781,10.121350,0.013222,-0.002995,0.002239,calib
163.17200,6.250000,0.140000,29.100000,-0.366622,0.077509,10.131798,0.013219,-0.002802,0.002244,calib
163.18800,6.300000,0.160000,29.100000,-0.359497,0.073332,10.131712,0.013190,-0.002853,0.002137,calib
163.23500,6.330000,0.130000,29.070000,-0.374603,0.065676,10.079829,0.013467,-0.003138,0.002219,calib
163.25000,6.290000,0.070000,29.040000,-0.374603,0.065676,10.079829,0.013467,-0.003138,0.002219,calib
163.25000,6.220000,0.070000,29.080000,-0.395395,0.078001,10.079869,0.013225,-0.002989,0.002221,calib
163.26600,6.230000,0.160000,29.110000,-0.387418,0.090578,10.069507,0.012982,-0.003233,0.002219,calib
163.28200,6.160000,0.160000,29.120000,-0.386484,0.115451,10.069631,0.012826,-0.003235,0.002220,calib
163.32900,6.330000,0.320000,29.110000,-0.312564,0.154665,10.070923,0.012594,-0.002306,0.002335,calib
163.34400,6.320000,0.300000,29.100000,-0.311831,0.162802,10.070900,0.012321,-0.002308,0.002231,calib
163.34400,6.270000,0.290000,29.100000,-0.333334,0.175651,10.060466,0.012413,-0.002350,0.002223,calib
163.36000,6.210000,0.290000,29.140000,-0.347000,0.192760,10.070705,0.012205,-0.002632,0.002335,calib
163.37500,6.080000,0.340000,29.190000,-0.353371,0.213737,10.060272,0.012023,-0.002775,0.002224,calib
163.42200,6.270000,0.400000,29.130000,-0.317653,0.191826,10.050405,0.012029,-0.002358,0.002331,calib
163.43800,6.220000,0.350000,29.040000,-0.325357,0.188228,10.050104,0.012170,-0.002593,0.002221,calib
163.45400,6.210000,0.290000,29.120000,-0.346943,0.192960,10.029271,0.012206,-0.002827,0.002318,calib
163.46900,6.050000,0.270000,29.140000,-0.382283,0.205910,10.039378,0.011971,-0.002959,0.002322,calib
163.48500,6.050000,0.250000,29.170000,-0.396379,0.214627,10.039140,0.011869,-0.003145,0.002214,calib
163.53200,6.280000,0.140000,29.080000,-0.415647,0.107306,10.048902,0.012937,-0.003131,0.002316,calib
163.54700,6.210000,0.060000,29.050000,-0.422922,0.103138,10.048793,0.012909,-0.003080,0.002209,calib
163.56300,6.150000,-0.010000,29.090000,-0.459256,0.091760,10.037881,0.012834,-0.003595,0.002203,calib
163.56300,6.070000,-0.050000,29.090000,-0.502634,0.092676,10.037453,0.012846,-0.003867,0.002199,calib
163.57900,5.970000,-0.070000,29.090000,-0.524087,0.089108,10.026707,0.012659,-0.004195,0.002088,calib
163.62500,6.160000,-0.050000,29.040000,-0.504415,0.042859,10.006220,0.013158,-0.003866,0.002185,calib
163.64100,6.150000,-0.090000,29.020000,-0.504415,0.042859,10.006220,0.013158,-0.003866,0.002185,calib
163.65700,6.070000,-0.160000,29.050000,-0.541118,0.031506,10.016012,0.013249,-0.004282,0.002185,calib
163.67200,6.030000,-0.250000,29.070000,-0.577422,0.019855,10.015548,0.013172,-0.004605,0.002183,calib
163.68800,5.980000,-0.290000,29.070000,-0.599244,0.016313,10.025506,0.013151,-0.004834,0.002078,calib
163.73500,6.160000,-0.420000,29.000000,-0.632546,-0.073873,10.066212,0.014177,-0.005005,0.002299,calib
163.75000,6.070000,-0.550000,29.000000,-0.654650,-0.077461,10.065888,0.014320,-0.005141,0.002188,calib
163.76600,6.000000,-0.570000,29.000000,-0.691384,-0.088541,10.065232,0.014413,-0.005749,0.002184,calib
163.78200,5.940000,-0.640000,29.020000,-0.735161,-0.087325,10.075061,0.014593,-0.006115,0.002182,calib
163.79700,5.850000,-0.670000,29.030000,-0.764709,-0.103127,10.095215,0.014652,-0.006387,0.002080,calib
163.86000,5.790000,-0.900000,28.960000,-0.859384,-0.129518,10.073310,0.014646,-0.007552,0.002279,calib
163.87500,5.590000,-0.980000,29.040000,-0.902480,-0.128556,10.083165,0.014494,-0.007919,0.002281,calib
163.89100,5.520000,-1.030000,29.020000,-0.932392,-0.152521,10.082637,0.014661,-0.008290,0.002277,calib
163.90700,5.650000,-1.200000,28.910000,-0.955968,-0.189002,10.123481,0.015071,-0.008515,0.002289,calib
163.90700,5.670000,-1.280000,28.920000,-0.965510,-0.242617,10.133382,0.015523,-0.008554,0.002182,calib
163.96900,5.760000,-1.860000,28.800000,-1.077426,-0.462317,10.399416,0.017641,-0.009718,0.002264,calib
163.98500,5.700000,-1.950000,28.820000,-1.100807,-0.498680,10.481529,0.017888,-0.010035,0.002293,calib
164.00000,5.730000,-2.100000,28.820000,-1.117315,-0.539538,10.563722,0.018267,-0.010113,0.002215,calib
164.00000,5.810000,-2.210000,28.810000,-1.135017,-0.596652,10.625013,0.019027,-0.010286,0.002017,calib
164.01600,5.870000,-2.310000,28.740000,-1.151971,-0.653793,10.676125,0.019457,-0.010656,0.002140,calib
164.07900,5.680000,-2.970000,28.740000,-1.315312,-0.823985,11.137279,0.022103,-0.013263,0.002179,calib
164.09400,5.800000,-3.060000,28.660000,-1.309976,-0.852639,11.199018,0.022564,-0.013303,0.002092,calib
164.11000,5.810000,-3.060000,28.690000,-1.295751,-0.852505,11.261014,0.022565,-0.013397,0.002118,calib
164.12500,5.740000,-2.970000,28.830000,-1.287752,-0.814858,11.354158,0.022500,-0.013440,0.002155,calib
164.14100,5.670000,-2.880000,28.910000,-1.257111,-0.765603,11.406334,0.022182,-0.013258,0.002180,calib
164.18800,5.870000,-2.230000,29.180000,-0.981731,-0.560534,11.493006,0.020774,-0.011012,0.002244,calib
164.20400,5.850000,-2.270000,29.170000,-0.981614,-0.560878,11.472468,0.020771,-0.010823,0.002236,calib
164.23500,5.830000,-2.360000,29.130000,-0.989318,-0.564475,11.472167,0.020912,-0.011058,0.002126,calib
164.23500,5.820000,-2.420000,29.120000,-1.018230,-0.572302,11.451273,0.020861,-0.011242,0.002224,calib
164.25000,5.810000,-2.460000,29.100000,-1.047778,-0.588104,11.471427,0.020920,-0.011515,0.002122,calib
164.31300,5.800000,-2.590000,29.040000,-1.107397,-0.636451,11.418847,0.021249,-0.012071,0.002094,calib
164.32900,5.720000,-2.630000,29.060000,-1.121827,-0.636170,11.408376,0.021253,-0.012163,0.002089,calib
164.34400,5.690000,-2.640000,29.090000,-1.136539,-0.635933,11.387622,0.021421,-0.012160,0.002078,calib
164.36000,5.750000,-2.600000,29.080000,-1.143264,-0.632054,11.377452,0.021283,-0.012016,0.002183,calib
164.37500,5.820000,-2.560000,29.090000,-1.143525,-0.623437,11.356673,0.021508,-0.012113,0.002064,calib
164.43800,5.340000,-2.520000,29.220000,-1.237328,-0.472651,11.211988,0.019931,-0.012967,0.002332,calib
164.45400,5.480000,-2.420000,29.250000,-1.222447,-0.464840,11.212154,0.019818,-0.012781,0.002227,calib
164.46900,5.540000,-2.360000,29.240000,-1.185374,-0.453515,11.181658,0.019561,-0.012463,0.002220,calib
164.48500,5.570000,-2.320000,29.270000,-1.155827,-0.437713,11.161504,0.019502,-0.012190,0.002322,calib
164.48500,5.560000,-2.300000,29.240000,-1.140375,-0.413193,11.141112,0.019340,-0.012103,0.002316,calib
164.54700,5.530000,-2.160000,29.310000,-1.087140,-0.377873,11.100697,0.018588,-0.011508,0.002311,calib
164.56300,5.540000,-2.190000,29.300000,-1.073022,-0.377928,11.090439,0.018751,-0.011513,0.002306,calib
164.57900,5.590000,-2.190000,29.290000,-1.066231,-0.390542,11.080119,0.018826,-0.011468,0.002302,calib
164.59400,5.550000,-2.200000,29.250000,-1.066564,-0.398977,11.069886,0.018932,-0.011373,0.002405,calib
164.59400,5.530000,-2.230000,29.240000,-1.073921,-0.411264,11.059377,0.018847,-0.011515,0.002401,calib
164.68800,5.540000,-2.700000,28.950000,-1.241542,-0.589479,10.881135,0.021086,-0.012800,0.002405,calib
164.70400,5.470000,-2.770000,28.960000,-1.270120,-0.588871,10.870475,0.020929,-0.013079,0.002400,calib
164.71900,5.460000,-2.720000,28.980000,-1.291741,-0.575677,10.880580,0.021024,-0.013310,0.002401,calib
164.73500,5.480000,-2.720000,29.020000,-1.284898,-0.579900,10.870212,0.021159,-0.013265,0.002289,calib
164.75000,5.560000,-2.650000,29.020000,-1.263076,-0.576358,10.860253,0.021180,-0.013034,0.002393,calib
164.81300,5.390000,-2.920000,28.960000,-1.345407,-0.610426,10.920803,0.021947,-0.014191,0.002402,calib
164.82900,5.450000,-2.940000,28.940000,-1.331459,-0.627489,10.920845,0.021991,-0.014003,0.002297,calib
164.84400,5.570000,-2.900000,28.910000,-1.318527,-0.652735,10.910629,0.022472,-0.013719,0.002289,calib
164.86000,5.640000,-2.900000,28.860000,-1.304461,-0.661180,10.900419,0.022576,-0.013725,0.002393,calib
164.87500,5.600000,-2.910000,28.860000,-1.312447,-0.664822,10.889836,0.022882,-0.013865,0.002277,calib
164.95400,5.650000,-3.020000,28.830000,-1.306037,-0.651323,10.930948,0.023309,-0.014292,0.002287,calib
164.96900,5.660000,-2.930000,28.900000,-1.292007,-0.651306,10.951676,0.023473,-0.014294,0.002294,calib
164.98500,5.600000,-2.880000,28.930000,-1.291160,-0.626361,10.982786,0.023318,-0.014293,0.002308,calib
164.98500,5.530000,-2.930000,28.960000,-1.289944,-0.601443,10.993191,0.022997,-0.014390,0.002314,calib
165.00000,5.440000,-2.810000,29.090000,-1.274676,-0.567845,11.013828,0.022902,-0.014682,0.002215,calib
165.06300,5.480000,-2.750000,29.090000,-1.244635,-0.535028,11.076115,0.022634,-0.014590,0.002136,calib
165.09400,5.400000,-2.800000,29.110000,-1.259552,-0.534376,11.106886,0.022807,-0.014774,0.002145,calib
165.11000,5.430000,-2.860000,29.100000,-1.282159,-0.554446,11.116916,0.023000,-0.015003,0.002253,calib
165.11000,5.440000,-2.960000,29.050000,-1.290884,-0.582844,11.147479,0.023299,-0.015233,0.002155,calib
165.12500,5.490000,-3.000000,29.000000,-1.300225,-0.619724,11.157525,0.023868,-0.015273,0.002153,calib
165.18800,5.330000,-2.970000,29.160000,-1.336033,-0.580589,11.250050,0.023986,-0.015874,0.002184,calib
165.21900,5.350000,-2.890000,29.160000,-1.307173,-0.581153,11.270993,0.023978,-0.015692,0.002195,calib
165.21900,5.500000,-2.830000,29.190000,-1.271070,-0.586238,11.271311,0.023938,-0.015368,0.002091,calib
165.23500,5.570000,-2.820000,29.150000,-1.242071,-0.578482,11.261219,0.023988,-0.015187,0.001981,calib
165.25000,5.550000,-2.710000,29.180000,-1.227071,-0.562055,11.251132,0.023936,-0.015194,0.002085,calib
165.31300,5.590000,-2.580000,29.210000,-1.166735,-0.514022,11.159061,0.023435,-0.014749,0.002056,calib
165.32900,5.650000,-2.540000,29.210000,-1.130944,-0.518880,11.138649,0.023561,-0.014523,0.001942,calib
165.34400,5.670000,-2.520000,29.180000,-1.116427,-0.519233,11.118134,0.023556,-0.014435,0.001935,calib
165.36000,5.650000,-2.520000,29.180000,-1.109184,-0.523755,11.097510,0.023523,-0.014295,0.001821,calib
165.37500,5.630000,-2.540000,29.190000,-1.116340,-0.519305,11.087147,0.023555,-0.014438,0.001922,calib
165.42200,5.820000,-2.390000,29.140000,-1.029743,-0.504910,11.016059,0.023972,-0.013518,0.002003,calib
165.43800,5.820000,-2.410000,29.150000,-1.029743,-0.504910,11.016059,0.023972,-0.013518,0.002003,calib
165.45400,5.760000,-2.400000,29.140000,-1.021618,-0.492949,10.995606,0.023723,-0.013381,0.001998,calib
165.45400,5.780000,-2.330000,29.200000,-1.013323,-0.463980,10.964852,0.023594,-0.013436,0.002094,calib
165.46900,5.760000,-2.300000,29.230000,-1.011938,-0.431015,10.954671,0.023329,-0.013344,0.001984,calib
165.54700,5.900000,-2.120000,29.210000,-0.893980,-0.393232,10.853174,0.022913,-0.012059,0.002064,calib
165.56300,5.840000,-2.090000,29.230000,-0.893980,-0.393232,10.853174,0.022913,-0.012059,0.002064,calib
165.57900,5.840000,-2.070000,29.220000,-0.886705,-0.389064,10.853283,0.022941,-0.012110,0.002171,calib
165.59400,5.860000,-2.070000,29.210000,-0.871906,-0.389373,10.843050,0.022772,-0.012116,0.002170,calib
165.59400,5.930000,-2.070000,29.180000,-0.850515,-0.394221,10.822615,0.022899,-0.011790,0.002055,calib
165.65700,5.950000,-2.100000,29.150000,-0.858548,-0.414444,10.770695,0.023088,-0.012127,0.002139,calib
165.67200,5.920000,-2.120000,29.150000,-0.858518,-0.414716,10.781143,0.023086,-0.011934,0.002144,calib
165.68800,5.980000,-2.100000,29.150000,-0.844400,-0.414771,10.770884,0.023249,-0.011939,0.002138,calib
165.70400,6.040000,-2.080000,29.120000,-0.816304,-0.432161,10.771116,0.023454,-0.011565,0.002032,calib
165.71900,6.100000,-2.030000,29.080000,-0.795416,-0.453492,10.761034,0.023631,-0.011333,0.002136,calib
165.76600,5.950000,-2.170000,29.090000,-0.860133,-0.439336,10.780994,0.023575,-0.011931,0.002139,calib
165.78200,5.990000,-2.210000,29.090000,-0.875845,-0.455238,10.780607,0.023961,-0.012115,0.002026,calib
165.79700,6.070000,-2.220000,29.010000,-0.869053,-0.467852,10.770287,0.024037,-0.012069,0.002022,calib
165.81300,6.100000,-2.210000,28.960000,-0.848196,-0.488910,10.749758,0.024217,-0.012030,0.002121,calib
165.81300,6.110000,-2.180000,28.960000,-0.841404,-0.501523,10.739439,0.024292,-0.011984,0.002117,calib
165.86000,6.050000,-2.320000,28.920000,-0.864785,-0.529485,10.707813,0.024760,-0.012406,0.001991,calib
165.87500,6.010000,-2.330000,28.860000,-0.872028,-0.524964,10.728438,0.024794,-0.012546,0.002105,calib
165.89100,5.970000,-2.390000,28.890000,-0.879614,-0.528905,10.707598,0.024932,-0.012592,0.001987,calib
165.90700,6.100000,-2.320000,28.890000,-0.872823,-0.541518,10.697279,0.025007,-0.012547,0.001983,calib
165.92200,6.110000,-2.310000,28.830000,-0.858987,-0.541619,10.676738,0.025335,-0.012457,0.001972,calib
165.96900,6.210000,-2.490000,28.680000,-0.869856,-0.603189,10.655649,0.026391,-0.012497,0.001953,calib
165.98500,6.210000,-2.590000,28.650000,-0.878315,-0.623586,10.665868,0.026745,-0.012540,0.002061,calib
166.00000,6.270000,-2.600000,28.600000,-0.879878,-0.639816,10.665670,0.027293,-0.012536,0.001947,calib
166.01600,6.320000,-2.620000,28.570000,-0.887886,-0.652121,10.665584,0.027538,-0.012484,0.001945,calib
166.01600,6.300000,-2.600000,28.560000,-0.880923,-0.647726,10.644963,0.027733,-0.012632,0.002041,calib
166.06300,6.410000,-2.570000,28.520000,-0.821971,-0.607849,10.563337,0.027836,-0.011993,0.002118,calib
166.07900,6.480000,-2.500000,28.510000,-0.814297,-0.603980,10.553190,0.027697,-0.011950,0.002223,calib
166.09400,6.430000,-2.460000,28.520000,-0.799527,-0.579207,10.532772,0.027868,-0.011861,0.002213,calib
166.11000,6.440000,-2.450000,28.540000,-0.790982,-0.558882,10.491567,0.027512,-0.011822,0.002093,calib
166.12500,6.370000,-2.420000,28.540000,-0.789360,-0.517644,10.450593,0.027304,-0.011735,0.002185,calib
166.15700,6.460000,-2.180000,28.570000,-0.682389,-0.396007,10.307629,0.026156,-0.011123,0.002144,calib
166.17200,6.500000,-2.150000,28.540000,-0.674966,-0.392455,10.297647,0.026179,-0.010793,0.002248,calib
166.18800,6.530000,-2.190000,28.520000,-0.660115,-0.384373,10.287366,0.026068,-0.010800,0.002138,calib
166.20400,6.530000,-2.230000,28.500000,-0.674997,-0.392183,10.287200,0.026181,-0.010985,0.002243,calib
166.21900,6.440000,-2.300000,28.480000,-0.703493,-0.383456,10.286938,0.026080,-0.011071,0.002135,calib
166.26600,6.610000,-2.300000,28.420000,-0.668553,-0.396107,10.287088,0.026483,-0.011033,0.002132,calib
166.28200,6.600000,-2.320000,28.410000,-0.668553,-0.396107,10.287088,0.026483,-0.011033,0.002132,calib
166.29700,6.530000,-2.360000,28.410000,-0.683952,-0.412236,10.307431,0.026703,-0.011119,0.002030,calib
166.31300,6.520000,-2.490000,28.370000,-0.721788,-0.431427,10.327503,0.027236,-0.011628,0.002137,calib
166.32900,6.460000,-2.590000,28.340000,-0.773860,-0.459181,10.368086,0.027545,-0.011939,0.002040,calib
166.37500,6.640000,-3.250000,27.990000,-0.925407,-0.730764,10.643399,0.030629,-0.013799,0.002005,calib
166.40700,6.610000,-3.450000,27.920000,-0.963900,-0.766593,10.715015,0.031211,-0.014206,0.002025,calib
166.42200,6.530000,-3.580000,27.900000,-1.030571,-0.802111,10.765714,0.031469,-0.014797,0.002039,calib
166.43800,6.500000,-3.650000,27.930000,-1.075487,-0.825353,10.826945,0.031810,-0.015348,0.002056,calib
166.45400,6.420000,-3.840000,27.880000,-1.105855,-0.849220,10.878108,0.032144,-0.015617,0.002072,calib
166.50000,6.610000,-4.200000,27.660000,-1.208802,-1.006461,11.092733,0.034202,-0.016934,0.002131,calib
166.51600,6.470000,-4.410000,27.590000,-1.253999,-1.029747,11.143682,0.034708,-0.017389,0.002143,calib
166.53200,6.450000,-4.500000,27.550000,-1.277789,-1.056878,11.215107,0.035185,-0.018184,0.002056,calib
166.53200,6.480000,-4.620000,27.520000,-1.301615,-1.084714,11.266402,0.035821,-0.018503,0.002283,calib
166.54700,6.480000,-4.640000,27.490000,-1.309459,-1.096630,11.297137,0.035905,-0.018736,0.002294,calib
166.61000,6.730000,-4.770000,27.390000,-1.288968,-1.184523,11.512870,0.038435,-0.019761,0.002246,calib
166.62500,6.700000,-4.820000,27.360000,-1.290767,-1.200064,11.553750,0.038989,-0.020136,0.002148,calib
166.64100,6.660000,-4.890000,27.320000,-1.292930,-1.223769,11.573948,0.039651,-0.020607,0.002148,calib
166.65700,6.650000,-4.940000,27.300000,-1.309093,-1.247764,11.583866,0.040146,-0.020885,0.002146,calib
166.65700,6.690000,-5.070000,27.190000,-1.326988,-1.296033,11.614174,0.041134,-0.021348,0.002146,calib
166.73500,6.720000,-5.160000,27.130000,-1.302821,-1.266527,11.706052,0.043328,-0.023252,0.002153,calib
166.75000,6.690000,-5.140000,27.140000,-1.295526,-1.253697,11.695665,0.043417,-0.023495,0.002147,calib
166.76600,6.630000,-5.180000,27.170000,-1.309473,-1.236634,11.695622,0.043373,-0.023682,0.002253,calib
166.78200,6.590000,-5.210000,27.190000,-1.316607,-1.223522,11.674763,0.043466,-0.024017,0.002241,calib
166.79700,6.570000,-5.240000,27.200000,-1.330651,-1.197453,11.684762,0.043487,-0.024585,0.002242,calib
166.86000,6.520000,-5.140000,27.330000,-1.301672,-1.120907,11.695001,0.044188,-0.025454,0.002234,calib
166.87500,6.450000,-5.120000,27.400000,-1.301536,-1.095437,11.715638,0.044367,-0.025644,0.002239,calib
166.89100,6.370000,-5.120000,27.430000,-1.301084,-1.078384,11.715618,0.044322,-0.025932,0.002345,calib
166.90700,6.410000,-5.090000,27.470000,-1.286966,-1.078439,11.705360,0.044485,-0.025937,0.002340,calib
166.92200,6.460000,-5.100000,27.410000,-1.274130,-1.094678,11.705185,0.045031,-0.026034,0.002227,calib
166.98500,6.410000,-5.330000,27.300000,-1.332806,-1.159432,11.837450,0.047732,-0.028045,0.002350,calib
167.00000,6.410000,-5.300000,27.310000,-1.333206,-1.159134,11.847707,0.047900,-0.028139,0.002352,calib
167.01600,6.490000,-5.310000,27.320000,-1.320057,-1.175599,11.868262,0.048279,-0.028139,0.002250,calib
167.01600,6.570000,-5.320000,27.270000,-1.299916,-1.187943,11.878645,0.048851,-0.028094,0.002249,calib
167.03200,6.630000,-5.280000,27.280000,-1.279042,-1.192148,11.889005,0.049150,-0.028052,0.002144,calib
167.09400,6.510000,-5.320000,27.320000,-1.269298,-1.205065,11.980807,0.050882,-0.029568,0.002051,calib
167.11000,6.620000,-5.390000,27.250000,-1.263587,-1.217127,11.980719,0.051458,-0.029614,0.002045,calib
167.12500,6.680000,-5.420000,27.200000,-1.257595,-1.229143,11.990912,0.051869,-0.029757,0.002044,calib
167.12500,6.650000,-5.410000,27.210000,-1.258424,-1.228274,12.000977,0.052207,-0.030137,0.002043,calib
167.14100,6.640000,-5.390000,27.220000,-1.265528,-1.215434,11.990566,0.052298,-0.030279,0.002037,calib
167.20400,6.640000,-5.260000,27.340000,-1.216143,-1.177000,11.980295,0.053223,-0.030820,0.002022,calib
167.21900,6.640000,-5.280000,27.330000,-1.223299,-1.172550,11.969933,0.053255,-0.030963,0.002123,calib
167.21900,6.580000,-5.290000,27.350000,-1.230802,-1.159411,11.969779,0.053514,-0.031198,0.002119,calib
167.23500,6.550000,-5.340000,27.400000,-1.238024,-1.146228,11.979907,0.053608,-0.031530,0.002120,calib
167.25000,6.510000,-5.270000,27.420000,-1.237489,-1.121056,11.990287,0.053620,-0.031626,0.002123,calib
167.31300,6.590000,-5.040000,27.580000,-1.141867,-1.043234,11.991160,0.053658,-0.031420,0.001911,calib
167.31300,6.600000,-5.100000,27.580000,-1.148992,-1.039057,11.991246,0.053688,-0.031370,0.002017,calib
167.32900,6.530000,-5.100000,27.590000,-1.163852,-1.038204,11.980583,0.053861,-0.031748,0.002009,calib
167.34400,6.500000,-5.080000,27.570000,-1.177799,-1.021142,11.980540,0.053818,-0.031936,0.002115,calib
167.36000,6.390000,-5.120000,27.660000,-1.198770,-1.007929,11.980222,0.053583,-0.032361,0.002115,calib
167.42200,6.470000,-5.020000,27.670000,-1.171639,-0.990597,11.918365,0.054692,-0.032564,0.002184,calib
167.45400,6.370000,-5.060000,27.670000,-1.193861,-0.993840,11.938580,0.054838,-0.032888,0.002081,calib
167.46900,6.380000,-5.080000,27.680000,-1.209090,-0.992961,11.948621,0.055178,-0.033167,0.002080,calib
167.48500,6.440000,-5.100000,27.700000,-1.195341,-0.992990,11.959067,0.055506,-0.033074,0.002081,calib
167.50000,6.530000,-4.990000,27.680000,-1.166793,-0.993327,11.959279,0.055666,-0.032987,0.002081,calib
167.56300,6.420000,-4.820000,27.890000,-1.120299,-0.902488,11.877354,0.055303,-0.033111,0.002159,calib
167.57900,6.400000,-4.780000,27.900000,-1.098174,-0.890238,11.867182,0.055221,-0.033168,0.002156,calib
167.59400,6.540000,-4.690000,27.920000,-1.054658,-0.882837,11.836574,0.055266,-0.032899,0.002039,calib
167.61000,6.590000,-4.650000,27.900000,-1.032385,-0.871203,11.816311,0.055179,-0.032576,0.002033,calib
167.62500,6.560000,-4.620000,27.920000,-1.024290,-0.858970,11.785410,0.054932,-0.032629,0.002023,calib
167.70400,6.740000,-4.390000,27.970000,-0.907890,-0.836438,11.693398,0.054907,-0.032008,0.001672,calib
167.71900,6.750000,-4.320000,27.960000,-0.893624,-0.837109,11.673048,0.055065,-0.031633,0.001664,calib
167.73500,6.750000,-4.400000,27.980000,-0.893054,-0.820400,11.652490,0.055016,-0.031731,0.001762,calib
167.73500,6.690000,-4.370000,28.020000,-0.898963,-0.791304,11.662981,0.054726,-0.031779,0.001876,calib
167.75000,6.590000,-4.360000,28.090000,-0.912459,-0.766149,11.652634,0.054573,-0.031872,0.001871,calib
167.82900,6.760000,-4.140000,28.110000,-0.816872,-0.739955,11.571157,0.054245,-0.030909,0.001635,calib
167.84400,6.680000,-4.170000,28.120000,-0.844538,-0.723136,11.571117,0.053871,-0.030998,0.001744,calib
167.86000,6.490000,-4.160000,28.200000,-0.865610,-0.701896,11.571159,0.053857,-0.031136,0.001956,calib
167.87500,6.520000,-4.170000,28.190000,-0.872432,-0.689010,11.571031,0.053783,-0.031374,0.001955,calib
167.87500,6.510000,-4.110000,28.200000,-0.857863,-0.680974,11.550467,0.053837,-0.031284,0.001840,calib
167.95400,6.460000,-3.920000,28.370000,-0.816071,-0.570870,11.469208,0.052618,-0.030791,0.002143,calib
167.96900,6.470000,-3.900000,28.360000,-0.815651,-0.562506,11.448455,0.052511,-0.030890,0.002027,calib
167.98500,6.500000,-3.910000,28.350000,-0.807547,-0.559207,11.438499,0.052201,-0.030560,0.002136,calib
168.00000,6.570000,-3.850000,28.330000,-0.793030,-0.559561,11.417984,0.052196,-0.030471,0.002129,calib
168.01600,6.620000,-3.750000,28.340000,-0.770505,-0.547609,11.397555,0.051946,-0.030434,0.002124,calib
168.07900,6.340000,-3.610000,28.530000,-0.771028,-0.402864,11.377751,0.050482,-0.030495,0.002342,calib
168.09400,6.400000,-3.530000,28.570000,-0.756111,-0.403516,11.346980,0.050309,-0.030312,0.002333,calib
168.11000,6.450000,-3.540000,28.550000,-0.755542,-0.386807,11.326421,0.050261,-0.030411,0.002431,calib
168.12500,6.350000,-3.520000,28.560000,-0.768920,-0.361996,11.295535,0.050105,-0.030316,0.002419,calib
168.14100,6.170000,-3.560000,28.610000,-0.796165,-0.336813,11.274741,0.049623,-0.030502,0.002413,calib
168.20400,6.050000,-3.450000,28.730000,-0.835968,-0.278194,11.316076,0.048554,-0.030874,0.002652,calib
168.20400,6.060000,-3.440000,28.710000,-0.850398,-0.277913,11.305605,0.048557,-0.030966,0.002646,calib
168.21900,6.000000,-3.490000,28.740000,-0.893227,-0.268949,11.295116,0.048460,-0.031145,0.002855,calib
168.23500,5.790000,-3.590000,28.800000,-0.935891,-0.259596,11.315447,0.048202,-0.031609,0.003076,calib
168.25000,5.680000,-3.580000,28.820000,-0.971661,-0.246075,11.325363,0.048137,-0.032028,0.003077,calib
168.29700,5.860000,-3.520000,28.800000,-0.958482,-0.262813,11.356367,0.048514,-0.031835,0.002980,calib
168.31300,5.740000,-3.510000,28.860000,-0.972029,-0.246049,11.346067,0.048303,-0.031928,0.003084,calib
168.32900,5.650000,-3.530000,28.900000,-0.998392,-0.204383,11.325446,0.047606,-0.032118,0.003188,calib
168.34400,5.510000,-3.430000,28.970000,-1.018131,-0.158568,11.315356,0.047269,-0.032163,0.003399,calib
168.36000,5.410000,-3.430000,29.010000,-1.030064,-0.117184,11.305205,0.046569,-0.032260,0.003508,calib
168.40700,5.450000,-3.120000,29.090000,-0.972326,0.007574,11.059232,0.045113,-0.030928,0.003535,calib
168.42200,5.340000,-3.080000,29.140000,-0.977467,0.036345,11.038763,0.044489,-0.030980,0.003639,calib
168.43800,5.220000,-3.020000,29.200000,-0.975281,0.077674,11.018354,0.043951,-0.031082,0.003743,calib
168.43800,5.160000,-3.010000,29.240000,-0.973296,0.127076,10.998062,0.043636,-0.030896,0.003737,calib
168.45400,5.120000,-2.820000,29.350000,-0.956281,0.167825,10.977868,0.042927,-0.030813,0.003844,calib
168.51600,4.720000,-2.150000,29.790000,-0.876478,0.458464,10.887649,0.039497,-0.029868,0.004057,calib
168.53200,4.700000,-2.130000,29.830000,-0.860715,0.482756,10.887987,0.039169,-0.029684,0.004062,calib
168.53200,4.800000,-2.110000,29.810000,-0.846285,0.482475,10.898458,0.039166,-0.029592,0.004067,calib
168.54700,4.900000,-2.140000,29.780000,-0.826032,0.453169,10.929425,0.039454,-0.029450,0.003971,calib
168.56300,4.990000,-2.200000,29.750000,-0.835742,0.416316,10.960176,0.040189,-0.029392,0.003976,calib
168.62500,5.030000,-2.480000,29.750000,-0.844479,0.294499,11.227452,0.042484,-0.029827,0.003739,calib
168.64100,5.200000,-2.320000,29.780000,-0.830331,0.294172,11.227642,0.042645,-0.029641,0.003738,calib
168.65700,5.360000,-2.190000,29.780000,-0.757924,0.300738,11.228424,0.042681,-0.028995,0.003636,calib
168.65700,5.450000,-2.090000,29.830000,-0.705606,0.328038,11.218776,0.042203,-0.028394,0.003427,calib
168.67200,5.390000,-1.940000,29.870000,-0.681568,0.372637,11.198856,0.041685,-0.028074,0.003640,calib
168.73500,5.590000,-2.230000,29.730000,-0.685291,0.307149,11.280924,0.042551,-0.028250,0.003557,calib
168.75000,5.710000,-2.350000,29.610000,-0.706520,0.141937,11.248810,0.043874,-0.028427,0.003427,calib
168.76600,5.760000,-2.600000,29.450000,-0.745707,0.072358,11.237839,0.044548,-0.028649,0.003522,calib
168.78200,5.700000,-2.650000,29.450000,-0.768797,0.035507,11.237440,0.044788,-0.028782,0.003519,calib
168.79700,5.610000,-2.620000,29.500000,-0.761835,0.039902,11.216819,0.044983,-0.028930,0.003616,calib
168.86000,5.360000,-1.250000,30.050000,-0.478439,0.477646,10.964594,0.039577,-0.026124,0.003904,calib
168.87500,5.260000,-1.170000,30.110000,-0.488667,0.568387,10.923870,0.038725,-0.025940,0.004001,calib
168.87500,5.140000,-1.180000,30.130000,-0.493239,0.613867,10.882842,0.038053,-0.026092,0.004205,calib
168.89100,5.120000,-1.140000,30.110000,-0.477301,0.638016,10.821207,0.037722,-0.025913,0.004184,calib
168.90700,5.320000,-1.170000,30.030000,-0.462917,0.637001,10.780319,0.037876,-0.025348,0.004168,calib
168.96900,5.380000,-1.030000,30.000000,-0.473010,0.701523,10.533204,0.036999,-0.024705,0.004185,calib
168.98500,5.270000,-0.960000,30.060000,-0.463038,0.754567,10.523495,0.036378,-0.024380,0.004295,calib
169.00000,5.240000,-0.740000,30.160000,-0.459771,0.820153,10.493119,0.035679,-0.024102,0.004396,calib
169.01600,5.210000,-0.650000,30.200000,-0.456652,0.886355,10.472834,0.034985,-0.024206,0.004501,calib
169.03200,5.040000,-0.540000,30.270000,-0.461110,0.939682,10.452653,0.034367,-0.023972,0.004605,calib
169.07900,5.470000,-0.440000,30.190000,-0.418802,0.904269,10.422298,0.034606,-0.022840,0.004383,calib
169.09400,5.490000,-0.440000,30.180000,-0.425840,0.908375,10.391398,0.034635,-0.022793,0.004477,calib
169.11000,5.330000,-0.450000,30.210000,-0.453731,0.925349,10.339640,0.034425,-0.022982,0.004563,calib
169.12500,5.220000,-0.420000,30.250000,-0.480226,0.975315,10.308931,0.033952,-0.023077,0.004874,calib
169.14100,5.080000,-0.280000,30.330000,-0.499114,1.028923,10.278280,0.033337,-0.022935,0.004974,calib
169.21900,5.130000,0.150000,30.430000,-0.447233,1.191727,10.166773,0.031492,-0.021926,0.005379,calib
169.23500,5.120000,0.130000,30.460000,-0.462320,1.175371,10.207847,0.031546,-0.021915,0.005287,calib
169.25000,5.260000,0.020000,30.450000,-0.486230,1.130455,10.238457,0.032061,-0.022045,0.005401,calib
169.26600,5.350000,-0.140000,30.380000,-0.525201,1.069655,10.258259,0.032633,-0.022551,0.005401,calib
169.26600,5.460000,-0.320000,30.340000,-0.570245,1.037562,10.257731,0.033075,-0.022821,0.005501,calib
169.32900,5.470000,0.010000,30.570000,-0.469119,1.077974,10.527232,0.033187,-0.022255,0.005399,calib
169.36000,5.960000,0.340000,30.490000,-0.375756,1.088453,10.548774,0.033578,-0.021374,0.005088,calib
169.37500,6.030000,0.410000,30.460000,-0.324592,1.099251,10.559901,0.033481,-0.020674,0.005098,calib
169.37500,5.910000,0.430000,30.490000,-0.337688,1.124107,10.539297,0.033160,-0.020673,0.005092,calib
169.39100,5.710000,0.320000,30.550000,-0.416251,1.138129,10.507785,0.032938,-0.021274,0.005397,calib
169.43800,5.640000,-1.110000,29.780000,-0.853898,0.760290,9.923508,0.034630,-0.024466,0.005769,calib
169.46900,5.740000,-1.220000,29.670000,-0.886203,0.660874,9.819559,0.035256,-0.024460,0.005722,calib
169.48500,5.690000,-1.220000,29.590000,-0.902441,0.594459,9.715735,0.035451,-0.024556,0.005572,calib
169.48500,5.720000,-1.220000,29.530000,-0.882006,0.539667,9.591671,0.035557,-0.024429,0.005418,calib
169.50000,5.750000,-1.190000,29.470000,-0.882339,0.531232,9.581438,0.035662,-0.024335,0.005520,calib
169.56300,6.020000,-0.100000,29.440000,-0.524306,0.710122,9.121512,0.033217,-0.020497,0.004528,calib
169.57900,5.820000,-0.060000,29.530000,-0.547315,0.817302,9.039528,0.031821,-0.020411,0.004720,calib
169.57900,5.210000,-0.050000,29.690000,-0.613501,0.917326,8.956999,0.030215,-0.020885,0.005019,calib
169.59400,5.080000,-0.100000,29.740000,-0.639894,0.959264,8.925930,0.029521,-0.021267,0.005117,calib
169.61000,5.040000,-0.050000,29.720000,-0.645348,0.988261,8.884730,0.029063,-0.021416,0.005212,calib
169.67200,6.240000,0.230000,29.210000,-0.326900,0.817645,8.721799,0.030626,-0.017841,0.003874,calib
169.68800,5.820000,0.150000,29.330000,-0.389931,0.839496,8.680031,0.029961,-0.018450,0.004074,calib
169.70400,5.610000,0.090000,29.390000,-0.459701,0.882350,8.648535,0.029279,-0.019102,0.004169,calib
169.70400,5.290000,0.100000,29.480000,-0.514463,0.932698,8.627895,0.028481,-0.019379,0.004486,calib
169.71900,5.210000,0.140000,29.540000,-0.526795,0.974381,8.628002,0.027949,-0.019570,0.004597,calib
169.78200,5.680000,0.420000,29.450000,-0.390971,0.975922,8.680737,0.028604,-0.018410,0.004084,calib
169.79700,5.610000,0.210000,29.460000,-0.457007,0.948379,8.690388,0.028750,-0.018912,0.004297,calib
169.81300,5.490000,-0.000000,29.440000,-0.567785,0.897450,8.699296,0.029235,-0.019971,0.004503,calib
169.82900,5.350000,-0.300000,29.450000,-0.693044,0.838413,8.697782,0.029665,-0.021122,0.004812,calib
169.82900,5.130000,-0.940000,29.330000,-0.819134,0.771283,8.696048,0.030369,-0.022270,0.004903,calib
169.89100,5.540000,-1.490000,28.910000,-1.039906,0.354575,8.681363,0.034254,-0.024178,0.005173,calib
169.90700,5.620000,-1.670000,28.840000,-1.072152,0.289897,8.711336,0.034963,-0.024828,0.005069,calib
169.92200,5.520000,-1.860000,28.870000,-1.153807,0.254596,8.762229,0.035554,-0.025319,0.005400,calib
169.93800,5.290000,-1.980000,28.900000,-1.234856,0.236712,8.812694,0.035938,-0.026385,0.005517,calib
169.95400,5.160000,-2.210000,28.860000,-1.315956,0.210436,8.863207,0.036263,-0.027450,0.005742,calib
170.01600,5.410000,-3.540000,28.270000,-1.575754,-0.172644,9.198402,0.041227,-0.030884,0.005918,calib
170.03200,5.280000,-3.770000,28.220000,-1.644670,-0.239985,9.258899,0.042090,-0.032140,0.006035,calib
170.04700,5.150000,-3.960000,28.160000,-1.712644,-0.291389,9.340465,0.042733,-0.033014,0.006271,calib
170.06300,5.080000,-4.010000,28.160000,-1.736885,-0.326611,9.422195,0.043320,-0.033903,0.006295,calib
170.07900,5.230000,-3.980000,28.270000,-1.724459,-0.342018,9.525072,0.043875,-0.034373,0.006223,calib
170.14100,5.070000,-4.390000,28.260000,-1.829108,-0.410512,10.017417,0.047065,-0.038242,0.006585,calib
170.17200,5.360000,-4.590000,28.020000,-1.847691,-0.475147,10.088822,0.048105,-0.038796,0.006494,calib
170.17200,5.430000,-4.710000,27.950000,-1.866608,-0.548218,10.149993,0.049250,-0.039255,0.006506,calib
170.18800,5.480000,-4.820000,27.860000,-1.892694,-0.599715,10.221243,0.050548,-0.040044,0.006411,calib
170.20400,5.470000,-5.020000,27.760000,-1.925307,-0.655406,10.282205,0.051487,-0.040979,0.006530,calib
170.26600,5.920000,-5.670000,27.320000,-1.994173,-0.932325,10.865646,0.058999,-0.045447,0.006244,calib
170.28200,5.950000,-5.750000,27.280000,-2.012569,-0.954138,10.967924,0.060341,-0.046572,0.006266,calib
170.29700,6.010000,-5.910000,27.190000,-2.038510,-0.980138,11.091041,0.061820,-0.047550,0.006510,calib
170.31300,6.000000,-5.970000,27.170000,-2.056875,-1.002223,11.203767,0.063160,-0.048483,0.006537,calib
170.32900,6.100000,-6.060000,27.100000,-2.067715,-1.028785,11.306150,0.064302,-0.049372,0.006456,calib
170.39100,6.310000,-6.280000,26.930000,-2.079295,-1.068972,11.571960,0.068499,-0.053246,0.006827,calib
170.40700,6.410000,-6.240000,26.900000,-2.052490,-1.084650,11.571618,0.069213,-0.053729,0.006712,calib
170.42200,6.490000,-6.260000,26.840000,-2.054765,-1.100354,11.560947,0.070095,-0.053916,0.006590,calib
170.43800,6.470000,-6.330000,26.750000,-2.056128,-1.115695,11.570917,0.070485,-0.054584,0.006803,calib
170.43800,6.460000,-6.350000,26.770000,-2.078995,-1.127148,11.560168,0.070904,-0.054909,0.006792,calib
170.51600,6.190000,-6.500000,26.740000,-2.153522,-1.095103,11.423665,0.072133,-0.058625,0.007351,calib
170.53200,6.160000,-6.470000,26.740000,-2.167561,-1.077224,11.392278,0.072096,-0.059389,0.007443,calib
170.54700,6.070000,-6.530000,26.740000,-2.182816,-1.084263,11.350486,0.072380,-0.060056,0.007528,calib
170.54700,6.080000,-6.550000,26.700000,-2.198671,-1.107740,11.318804,0.072714,-0.060817,0.007509,calib
170.56300,6.100000,-6.630000,26.510000,-2.201173,-1.148098,11.256152,0.073422,-0.061391,0.007368,calib
170.64100,6.170000,-6.880000,26.200000,-2.267851,-1.341029,11.106760,0.078364,-0.065992,0.006813,calib
170.65700,6.180000,-6.910000,26.160000,-2.277683,-1.376794,11.095720,0.079107,-0.066703,0.006799,calib
170.67200,6.200000,-6.920000,26.100000,-2.294471,-1.400335,11.064177,0.079936,-0.067175,0.006776,calib
170.68800,6.260000,-6.940000,26.020000,-2.311407,-1.423259,11.042726,0.080770,-0.068027,0.006755,calib
170.68800,6.160000,-7.030000,25.930000,-2.341942,-1.437810,11.011024,0.081334,-0.068975,0.006947,calib
170.76600,6.260000,-6.910000,25.960000,-2.260084,-1.492031,10.894418,0.085908,-0.072863,0.006199,calib
170.78200,6.310000,-6.860000,26.000000,-2.211070,-1.487341,10.894302,0.086597,-0.073211,0.005978,calib
170.79700,6.350000,-6.870000,26.010000,-2.156013,-1.486276,10.904332,0.087756,-0.073701,0.005648,calib
170.81300,6.500000,-6.810000,26.000000,-2.114356,-1.493872,10.893708,0.088360,-0.074190,0.005423,calib
170.82900,6.450000,-6.780000,26.010000,-2.071735,-1.476867,10.893655,0.088805,-0.074490,0.005204,calib
170.89100,6.720000,-6.550000,26.130000,-1.838671,-1.430388,10.831778,0.091582,-0.075276,0.004082,calib
170.90700,6.640000,-6.520000,26.170000,-1.823080,-1.388589,10.790637,0.091542,-0.075575,0.004172,calib
170.92200,6.450000,-6.430000,26.310000,-1.813050,-1.326383,10.749779,0.090985,-0.075826,0.004482,calib
170.93800,6.380000,-6.370000,26.450000,-1.796147,-1.268671,10.709001,0.090560,-0.075841,0.004683,calib
170.95400,6.430000,-6.220000,26.540000,-1.751092,-1.228150,10.627021,0.090340,-0.075676,0.004762,calib
171.01600,6.480000,-5.940000,26.810000,-1.529681,-1.081782,10.463456,0.089848,-0.075387,0.004064,calib
171.04700,6.550000,-5.820000,26.850000,-1.492473,-1.044986,10.453596,0.089770,-0.075259,0.004062,calib
171.04700,6.540000,-5.750000,26.910000,-1.462223,-1.020775,10.422971,0.089440,-0.075179,0.004055,calib
171.06300,6.530000,-5.640000,27.000000,-1.431741,-0.980100,10.402940,0.089224,-0.074908,0.004157,calib
171.07900,6.430000,-5.600000,27.070000,-1.423112,-0.942695,10.382420,0.088989,-0.075057,0.004150,calib
171.12500,6.220000,-5.560000,27.310000,-1.425607,-0.821001,10.320971,0.088191,-0.076173,0.004986,calib
171.14100,6.320000,-5.520000,27.270000,-1.411921,-0.829447,10.300235,0.088460,-0.076082,0.004761,calib
171.17200,6.360000,-5.490000,27.220000,-1.398435,-0.854628,10.279353,0.088612,-0.075991,0.004431,calib
171.17200,6.470000,-5.570000,27.150000,-1.385199,-0.871166,10.268922,0.088990,-0.075993,0.004316,calib
171.18800,6.400000,-5.570000,27.210000,-1.399480,-0.862539,10.258645,0.089052,-0.076087,0.004524,calib
171.25000,6.450000,-5.610000,27.250000,-1.390213,-0.875618,10.298897,0.091111,-0.077415,0.004407,calib
171.26600,6.480000,-5.580000,27.280000,-1.390213,-0.875618,10.298897,0.091111,-0.077415,0.004407,calib
171.28200,6.440000,-5.560000,27.300000,-1.397686,-0.862752,10.309190,0.091368,-0.077460,0.004407,calib
171.28200,6.370000,-5.550000,27.360000,-1.397633,-0.845400,10.319427,0.091491,-0.077841,0.004515,calib
171.29700,6.340000,-5.520000,27.440000,-1.405105,-0.823572,10.340007,0.091811,-0.078267,0.004732,calib
171.37500,6.340000,-5.280000,27.650000,-1.338505,-0.736615,10.299402,0.092081,-0.078343,0.004712,calib
171.39100,6.400000,-5.250000,27.680000,-1.316662,-0.724410,10.278947,0.092163,-0.078306,0.004704,calib
171.40700,6.320000,-5.240000,27.770000,-1.302211,-0.716029,10.278922,0.092221,-0.078406,0.004596,calib
171.42200,6.300000,-5.160000,27.790000,-1.287759,-0.707649,10.278897,0.092278,-0.078505,0.004488,calib
171.43800,6.320000,-5.140000,27.810000,-1.273308,-0.699268,10.278872,0.092335,-0.078605,0.004381,calib
171.50000,6.440000,-5.100000,27.970000,-1.214293,-0.734034,10.370766,0.094403,-0.079607,0.003751,calib
171.51600,6.460000,-5.110000,27.980000,-1.215692,-0.749874,10.401389,0.094789,-0.079889,0.003652,calib
171.53200,6.490000,-5.150000,27.960000,-1.217321,-0.757369,10.421682,0.095399,-0.080073,0.003438,calib
171.54700,6.560000,-5.160000,27.930000,-1.205284,-0.773011,10.442020,0.096281,-0.080357,0.003329,calib
171.56300,6.600000,-5.170000,27.900000,-1.193018,-0.805959,10.462404,0.096875,-0.080355,0.003118,calib
171.62500,6.650000,-4.960000,28.180000,-1.167366,-0.778608,10.472101,0.098553,-0.081216,0.002778,calib
171.64100,6.600000,-4.910000,28.230000,-1.152366,-0.762180,10.462014,0.098501,-0.081224,0.002882,calib
171.65700,6.650000,-4.820000,28.270000,-1.130272,-0.749658,10.441394,0.098421,-0.081473,0.002875,calib
171.67200,6.690000,-4.760000,28.300000,-1.115672,-0.741893,10.431278,0.098473,-0.081191,0.002764,calib
171.67200,6.720000,-4.750000,28.350000,-1.086221,-0.717085,10.421166,0.098478,-0.081299,0.002760,calib
171.73500,6.930000,-4.250000,28.670000,-0.926796,-0.618501,10.494463,0.099151,-0.081056,0.002143,calib
171.75000,6.920000,-4.260000,28.710000,-0.926195,-0.602064,10.484352,0.099101,-0.080963,0.002247,calib
171.76600,6.830000,-4.170000,28.780000,-0.917674,-0.573249,10.505315,0.098806,-0.080919,0.002365,calib
171.78200,6.830000,-4.150000,28.860000,-0.909865,-0.543910,10.515804,0.098846,-0.081065,0.002475,calib
171.79700,6.810000,-4.120000,28.920000,-0.901974,-0.506452,10.536692,0.098943,-0.081019,0.002481,calib
171.86000,6.990000,-3.700000,29.150000,-0.734483,-0.429877,10.620422,0.098965,-0.080349,0.001664,calib
171.87500,6.990000,-3.670000,29.180000,-0.727326,-0.425365,10.641070,0.098997,-0.080588,0.001779,calib
171.89100,6.980000,-3.690000,29.200000,-0.734548,-0.412181,10.651198,0.099091,-0.080919,0.001780,calib
171.90700,6.910000,-3.610000,29.260000,-0.726940,-0.399578,10.661540,0.099014,-0.081065,0.001785,calib
171.92200,6.900000,-3.600000,29.270000,-0.726309,-0.383413,10.661878,0.098961,-0.080780,0.001893,calib
171.96900,6.680000,-3.310000,29.560000,-0.720362,-0.250728,10.663037,0.097743,-0.081083,0.002760,calib
171.98500,6.630000,-3.250000,29.610000,-0.727088,-0.246849,10.652866,0.097605,-0.080938,0.002865,calib
172.00000,6.600000,-3.190000,29.650000,-0.718567,-0.218035,10.673829,0.097311,-0.080894,0.002984,calib
172.01600,6.680000,-3.140000,29.700000,-0.709929,-0.189565,10.674253,0.097013,-0.080661,0.003095,calib
172.03200,6.670000,-3.030000,29.710000,-0.686922,-0.169794,10.653967,0.096652,-0.080337,0.002985,calib
172.09400,6.640000,-2.790000,29.840000,-0.624049,-0.089865,10.593609,0.095383,-0.079322,0.003193,calib
172.11000,6.680000,-2.730000,29.840000,-0.624049,-0.089865,10.593609,0.095383,-0.079322,0.003193,calib
172.11000,6.730000,-2.720000,29.800000,-0.609199,-0.090744,10.573042,0.095208,-0.078946,0.002866,calib
172.12500,6.830000,-2.710000,29.780000,-0.587526,-0.095547,10.562889,0.095171,-0.078714,0.002758,calib
172.14100,6.830000,-2.640000,29.820000,-0.572697,-0.096127,10.563104,0.095000,-0.078529,0.002761,calib
172.18800,6.670000,-2.350000,29.940000,-0.537085,-0.007868,10.451064,0.093131,-0.077703,0.003168,calib
172.20400,6.680000,-2.310000,29.930000,-0.537085,-0.007868,10.451064,0.093131,-0.077703,0.003168,calib
172.23500,6.680000,-2.280000,29.920000,-0.528894,-0.004641,10.410122,0.092820,-0.077378,0.003263,calib
172.23500,6.700000,-2.250000,29.900000,-0.520369,0.007021,10.379413,0.092403,-0.077146,0.003256,calib
172.25000,6.650000,-2.250000,29.930000,-0.519970,0.006723,10.369156,0.092236,-0.077052,0.003255,calib
172.31300,6.610000,-1.810000,30.090000,-0.433589,0.098096,10.277896,0.090217,-0.075906,0.003138,calib
172.32900,6.600000,-1.680000,30.130000,-0.409499,0.151086,10.257928,0.089758,-0.075585,0.003243,calib
172.34400,6.500000,-1.470000,30.200000,-0.384497,0.220286,10.248580,0.089082,-0.075075,0.003462,calib
172.34400,6.380000,-1.310000,30.350000,-0.351574,0.301863,10.270305,0.088162,-0.074613,0.003695,calib
172.36000,6.220000,-1.030000,30.480000,-0.303651,0.399868,10.281943,0.087190,-0.074159,0.004033,calib
172.42200,6.100000,1.530000,30.920000,0.243076,0.965111,10.373547,0.081328,-0.069115,0.003730,calib
172.43800,6.010000,1.960000,30.960000,0.280995,1.001382,10.374161,0.080916,-0.068796,0.003736,calib
172.45400,5.970000,2.370000,30.980000,0.380436,1.127283,10.396663,0.079802,-0.067929,0.003868,calib
172.45400,5.810000,2.890000,31.000000,0.487515,1.240707,10.439693,0.078270,-0.067302,0.004014,calib
172.46900,5.690000,3.250000,31.020000,0.586188,1.366934,10.493156,0.077490,-0.066429,0.004155,calib
172.53200,5.210000,5.540000,30.720000,1.005841,1.901396,10.830549,0.072762,-0.063946,0.004568,calib
172.53200,5.220000,5.730000,30.580000,1.067241,1.999561,10.914362,0.072122,-0.063390,0.004610,calib
172.54700,5.190000,6.020000,30.520000,1.097431,2.040724,10.976843,0.071912,-0.063300,0.004745,calib
172.56300,5.070000,6.210000,30.480000,1.137208,2.127274,11.070498,0.071030,-0.063264,0.004792,calib
172.56300,4.950000,6.410000,30.440000,1.169163,2.201401,11.133323,0.070390,-0.063178,0.005146,calib
172.62500,4.260000,7.490000,30.140000,1.226824,2.515746,11.497462,0.066813,-0.063382,0.006397,calib
172.64100,4.040000,7.690000,30.090000,1.230856,2.598719,11.611820,0.065745,-0.063573,0.006989,calib
172.64100,3.910000,7.830000,30.040000,1.233294,2.656773,11.705247,0.065162,-0.063571,0.007246,calib
172.65700,3.920000,7.990000,29.990000,1.257172,2.693559,11.777927,0.064428,-0.063528,0.007283,calib
172.67200,3.990000,8.060000,29.870000,1.272844,2.726114,11.850638,0.064159,-0.063144,0.007209,calib
172.71900,3.630000,8.600000,29.820000,1.310897,2.770492,11.975341,0.063642,-0.062526,0.007160,calib
172.73500,3.470000,8.640000,29.870000,1.238090,2.892855,12.254616,0.061544,-0.063687,0.008465,calib
172.75000,3.420000,8.700000,29.850000,1.210901,2.909837,12.306127,0.060842,-0.063963,0.008598,calib
172.76600,3.500000,8.650000,29.810000,1.226043,2.909030,12.327072,0.060504,-0.063682,0.008612,calib
172.76600,3.620000,8.710000,29.730000,1.247909,2.895383,12.347902,0.060240,-0.063159,0.008305,calib
172.81300,3.650000,8.930000,29.550000,1.282128,2.916903,12.431401,0.057908,-0.062119,0.008047,calib
172.82900,3.500000,8.980000,29.590000,1.275618,2.929561,12.452003,0.057668,-0.062259,0.008057,calib
172.84400,3.390000,8.960000,29.620000,1.248044,2.929717,12.493328,0.057013,-0.062440,0.008402,calib
172.84400,3.430000,8.960000,29.660000,1.248437,2.912800,12.524194,0.056564,-0.062438,0.008313,calib
172.86000,3.550000,8.930000,29.630000,1.260900,2.853855,12.523890,0.056810,-0.061958,0.007777,calib
172.90700,4.140000,8.660000,29.720000,1.259768,2.581377,12.470856,0.057705,-0.060366,0.006258,calib
172.92200,4.070000,8.570000,29.800000,1.230286,2.556840,12.470520,0.057702,-0.060451,0.006257,calib
172.93800,4.120000,8.470000,29.860000,1.199870,2.507431,12.470061,0.057855,-0.060534,0.006255,calib
172.95400,4.250000,8.370000,29.900000,1.182289,2.432821,12.459142,0.058490,-0.060331,0.005924,calib
172.95400,4.490000,8.320000,29.880000,1.185898,2.336627,12.427641,0.059135,-0.059802,0.005373,calib
173.01600,5.060000,7.770000,29.990000,1.143327,2.021298,12.353018,0.062049,-0.058907,0.003926,calib
173.03200,5.010000,7.750000,30.060000,1.120238,1.984447,12.352619,0.062290,-0.059039,0.003923,calib
173.03200,5.050000,7.680000,30.090000,1.111999,1.955678,12.341938,0.062420,-0.059179,0.003810,calib
173.04700,5.160000,7.700000,30.040000,1.118307,1.917322,12.310905,0.062479,-0.058655,0.003478,calib
173.06300,5.260000,7.660000,29.970000,1.124364,1.887610,12.290323,0.062764,-0.058227,0.003362,calib
173.11000,5.180000,7.400000,30.220000,0.984469,1.820309,12.319577,0.063138,-0.059272,0.003469,calib
173.12500,5.080000,7.380000,30.270000,0.977174,1.816440,12.340250,0.063113,-0.059413,0.003692,calib
173.14100,5.160000,7.320000,30.290000,0.968501,1.796432,12.370764,0.063471,-0.059642,0.003485,calib
173.14100,5.300000,7.310000,30.250000,0.981114,1.754795,12.380940,0.063838,-0.059547,0.003380,calib
173.15700,5.380000,7.290000,30.220000,0.980514,1.738358,12.391050,0.063889,-0.059640,0.003277,calib
173.18800,5.070000,7.200000,30.400000,0.873230,1.761822,12.431585,0.063574,-0.060704,0.003823,calib
173.20400,4.930000,7.180000,30.460000,0.844996,1.770893,12.462388,0.063312,-0.061075,0.004051,calib
173.21900,4.960000,7.190000,30.460000,0.823722,1.775398,12.462285,0.063181,-0.061213,0.004158,calib
173.23500,5.090000,7.180000,30.390000,0.830113,1.754122,12.451936,0.063361,-0.060879,0.003939,calib
173.25000,5.220000,7.170000,30.340000,0.858095,1.719924,12.421035,0.063447,-0.060507,0.003715,calib
173.29700,5.150000,7.050000,30.420000,0.842648,1.678253,12.389756,0.063486,-0.060407,0.003595,calib
173.31300,5.070000,7.030000,30.460000,0.786835,1.704072,12.389532,0.062848,-0.060871,0.003919,calib
173.32900,5.050000,7.050000,30.450000,0.794109,1.708240,12.389641,0.062877,-0.060922,0.004027,calib
173.34400,5.230000,7.130000,30.360000,0.823055,1.698643,12.369311,0.062804,-0.060359,0.003808,calib
173.34400,5.290000,7.130000,30.270000,0.851971,1.689318,12.338534,0.062734,-0.059989,0.003585,calib
173.39100,5.130000,7.100000,30.320000,0.812858,1.737983,12.236033,0.061589,-0.059612,0.004198,calib
173.40700,4.960000,7.040000,30.430000,0.784711,1.746982,12.235849,0.061325,-0.059987,0.004412,calib
173.42200,4.990000,7.050000,30.440000,0.777436,1.742814,12.235740,0.061297,-0.059936,0.004305,calib
173.42200,5.090000,7.060000,30.390000,0.798227,1.721528,12.225415,0.061475,-0.059703,0.004087,calib
173.43800,5.230000,7.020000,30.340000,0.818535,1.683462,12.204662,0.061700,-0.059373,0.003758,calib
173.46900,5.300000,6.920000,30.350000,0.809198,1.629431,12.163037,0.062148,-0.059227,0.003630,calib
173.48500,5.230000,6.900000,30.400000,0.787955,1.633663,12.173381,0.062015,-0.059172,0.003742,calib
173.50000,5.220000,6.860000,30.420000,0.773074,1.625853,12.173215,0.062127,-0.059358,0.003847,calib
173.51600,5.240000,6.860000,30.420000,0.772473,1.609416,12.183325,0.062178,-0.059451,0.003744,calib
173.53200,5.370000,6.830000,30.400000,0.778582,1.588094,12.162695,0.062522,-0.059022,0.003519,calib
173.56300,5.490000,6.640000,30.420000,0.760673,1.496859,12.100156,0.063205,-0.058921,0.003382,calib
173.59400,5.400000,6.550000,30.500000,0.717243,1.489385,12.099777,0.063158,-0.059193,0.003487,calib
173.59400,5.360000,6.500000,30.530000,0.688214,1.481902,12.099422,0.063110,-0.059566,0.003592,calib
173.61000,5.350000,6.510000,30.550000,0.666940,1.486407,12.099318,0.062979,-0.059703,0.003699,calib
173.62500,5.390000,6.490000,30.550000,0.666576,1.478243,12.078637,0.063087,-0.059802,0.003797,calib
173.67200,5.400000,6.310000,30.550000,0.630546,1.440290,11.954485,0.062821,-0.059562,0.003750,calib
173.68800,5.280000,6.310000,30.650000,0.587600,1.449598,11.964535,0.062727,-0.059930,0.003966,calib
173.70400,5.200000,6.250000,30.680000,0.558720,1.450460,11.964375,0.062738,-0.060305,0.004286,calib
173.71900,5.160000,6.200000,30.700000,0.536498,1.447217,11.984589,0.062884,-0.060628,0.004183,calib
173.71900,5.290000,6.230000,30.700000,0.550046,1.430453,11.994889,0.063096,-0.060534,0.004079,calib
173.78200,5.670000,6.130000,30.620000,0.593553,1.301915,12.025036,0.064834,-0.060293,0.003327,calib
173.79700,5.560000,6.030000,30.690000,0.564124,1.294730,12.034937,0.064954,-0.060760,0.003435,calib
173.81300,5.510000,5.990000,30.740000,0.541569,1.283051,12.044918,0.065206,-0.060989,0.003434,calib
173.81300,5.520000,5.920000,30.750000,0.547391,1.254027,12.065413,0.065498,-0.060938,0.003334,calib
173.82900,5.600000,5.940000,30.740000,0.560508,1.228872,12.065235,0.065815,-0.060748,0.003010,calib
173.87500,5.830000,5.850000,30.660000,0.594769,1.190361,12.003402,0.066364,-0.060139,0.002662,calib
173.89100,5.730000,5.880000,30.710000,0.573927,1.203256,12.013776,0.066127,-0.060373,0.002989,calib
173.90700,5.720000,5.880000,30.690000,0.581534,1.206898,12.013833,0.065986,-0.060136,0.002776,calib
173.92200,5.790000,5.930000,30.660000,0.602807,1.202394,12.013936,0.066117,-0.059999,0.002669,calib
173.93800,5.920000,5.940000,30.570000,0.645723,1.193358,11.993439,0.066213,-0.059823,0.002449,calib
173.98500,5.700000,5.990000,30.590000,0.649174,1.249866,11.922034,0.065449,-0.059167,0.002643,calib
174.00000,5.580000,6.030000,30.630000,0.609895,1.333422,11.901736,0.064552,-0.059547,0.003175,calib
174.01600,5.460000,6.070000,30.650000,0.599060,1.390900,11.871463,0.063633,-0.059459,0.003708,calib
174.01600,5.370000,6.170000,30.630000,0.601994,1.448050,11.830853,0.063040,-0.059087,0.003912,calib
174.03200,5.470000,6.310000,30.490000,0.633156,1.488472,11.810848,0.062492,-0.058817,0.004019,calib
174.07900,5.340000,6.500000,30.400000,0.701896,1.657893,11.669007,0.059698,-0.057344,0.004639,calib
174.11000,5.320000,6.530000,30.450000,0.703400,1.699475,11.648573,0.059493,-0.057445,0.004738,calib
174.11000,5.280000,6.550000,30.400000,0.704799,1.715315,11.617950,0.059107,-0.057165,0.004838,calib
174.12500,5.370000,6.600000,30.350000,0.720715,1.730801,11.566811,0.058715,-0.056794,0.004931,calib
174.14100,5.340000,6.630000,30.320000,0.736966,1.754724,11.525906,0.058218,-0.056520,0.004921,calib
174.21900,4.950000,6.950000,30.290000,0.742208,1.946627,11.486783,0.054768,-0.055833,0.005798,calib
174.23500,5.120000,7.000000,30.230000,0.778394,1.949660,11.497501,0.054784,-0.055316,0.005591,calib
174.23500,5.150000,7.070000,30.150000,0.808104,1.956890,11.497882,0.054500,-0.054945,0.005489,calib
174.25000,5.120000,7.070000,30.150000,0.809782,1.989927,11.529213,0.054071,-0.054946,0.005720,calib
174.26600,4.840000,7.240000,30.220000,0.804637,2.035849,11.560415,0.053569,-0.055185,0.005951,calib
174.32900,4.910000,7.870000,29.800000,1.017426,2.203110,11.729041,0.050419,-0.052961,0.005744,calib
174.34400,4.860000,7.900000,29.800000,1.026110,2.223352,11.770539,0.049899,-0.052819,0.005660,calib
174.36000,4.760000,7.920000,29.870000,1.012788,2.239961,11.811957,0.049523,-0.052812,0.005787,calib
174.37500,4.650000,7.880000,29.920000,1.000199,2.273669,11.863637,0.048937,-0.053190,0.006026,calib
174.39100,4.560000,7.950000,29.920000,0.995137,2.327710,11.905238,0.048491,-0.053236,0.006152,calib
174.42200,4.090000,8.900000,29.520000,1.165356,2.667070,12.229218,0.043255,-0.052386,0.006878,calib
174.43800,3.990000,8.980000,29.450000,1.172943,2.671012,12.250057,0.043117,-0.052340,0.006996,calib
174.45400,3.980000,9.050000,29.440000,1.197617,2.724353,12.353896,0.042168,-0.052296,0.007155,calib
174.46900,3.890000,9.100000,29.470000,1.199874,2.774333,12.436680,0.041530,-0.052484,0.007194,calib
174.48500,3.810000,9.180000,29.490000,1.202389,2.832848,12.591915,0.040788,-0.052762,0.007477,calib
174.53200,3.330000,9.600000,29.450000,1.210989,3.025498,13.160624,0.038024,-0.053970,0.008156,calib
174.54700,3.320000,9.710000,29.460000,1.204617,3.038074,13.263929,0.037620,-0.054007,0.008201,calib
174.56300,3.240000,9.720000,29.520000,1.184181,3.068056,13.387729,0.037176,-0.054421,0.008360,calib
174.56300,3.100000,9.760000,29.580000,1.163996,3.098356,13.511365,0.036570,-0.055123,0.008520,calib
174.57900,2.990000,9.780000,29.630000,1.151232,3.123246,13.614732,0.035922,-0.055112,0.008568,calib
174.64100,2.950000,10.180000,29.370000,1.257713,3.187045,14.008484,0.033557,-0.054545,0.008544,calib
174.64100,2.900000,10.170000,29.390000,1.259235,3.195118,14.080742,0.032789,-0.054636,0.008474,calib
174.65700,2.810000,10.180000,29.410000,1.252370,3.190679,14.101607,0.032594,-0.054490,0.008699,calib
174.67200,2.810000,10.170000,29.460000,1.231542,3.186656,14.132321,0.032074,-0.054624,0.008609,calib
174.67200,2.760000,10.150000,29.490000,1.225543,3.182054,14.163250,0.031382,-0.054573,0.008522,calib
174.73500,2.720000,10.280000,29.380000,1.254101,3.214857,14.195721,0.028632,-0.053014,0.008572,calib
174.75000,2.700000,10.320000,29.350000,1.256095,3.230516,14.196110,0.027914,-0.052732,0.008688,calib
174.75000,2.640000,10.380000,29.340000,1.265613,3.241698,14.186158,0.026999,-0.052404,0.008695,calib
174.76600,2.580000,10.370000,29.340000,1.267689,3.265475,14.196946,0.026338,-0.051929,0.008708,calib
174.78200,2.600000,10.410000,29.340000,1.284082,3.281124,14.197359,0.025620,-0.051747,0.008825,calib
174.82900,2.710000,10.460000,29.210000,1.369172,3.253281,14.137185,0.022928,-0.049159,0.008308,calib
174.84400,2.710000,10.440000,29.310000,1.355802,3.244348,14.126979,0.022371,-0.048967,0.008418,calib
174.86000,2.630000,10.430000,29.320000,1.328765,3.243562,14.116727,0.021541,-0.048675,0.008422,calib
174.87500,2.620000,10.450000,29.350000,1.315758,3.242793,14.127204,0.020876,-0.048385,0.008434,calib
174.87500,2.580000,10.460000,29.350000,1.310113,3.246120,14.106802,0.020238,-0.048149,0.008541,calib
174.93800,2.940000,10.290000,29.450000,1.329986,3.088439,14.055187,0.019456,-0.046386,0.007790,calib
174.95400,2.900000,10.300000,29.460000,1.316132,3.062725,14.034554,0.018946,-0.046099,0.007789,calib
174.96900,2.900000,10.280000,29.480000,1.302649,3.061794,13.993478,0.018608,-0.045621,0.007777,calib
174.96900,2.880000,10.290000,29.480000,1.289448,3.060908,13.962686,0.018106,-0.045239,0.007771,calib
174.98500,2.890000,10.280000,29.450000,1.297951,3.063908,13.942473,0.017629,-0.044816,0.007877,calib
175.03200,2.970000,10.240000,29.480000,1.294729,3.022440,13.850147,0.015515,-0.043347,0.007548,calib
175.04700,2.950000,10.210000,29.560000,1.266046,2.997306,13.829298,0.015176,-0.043244,0.007543,calib
175.06300,2.960000,10.120000,29.600000,1.236481,2.955690,13.808277,0.015053,-0.043139,0.007429,calib
175.07900,3.040000,10.070000,29.700000,1.220982,2.905629,13.777046,0.015033,-0.043040,0.007418,calib
175.09400,3.180000,9.930000,29.720000,1.219200,2.846850,13.735527,0.015280,-0.042658,0.007187,calib
175.14100,3.240000,9.730000,29.930000,1.094024,2.700766,13.558881,0.015091,-0.041909,0.006905,calib
175.15700,3.190000,9.610000,29.990000,1.058237,2.688472,13.527622,0.014843,-0.041950,0.006894,calib
175.15700,3.120000,9.610000,30.000000,1.050346,2.651015,13.506733,0.014747,-0.041995,0.006887,calib
175.17200,3.370000,9.570000,30.020000,1.056320,2.604223,13.465466,0.014911,-0.041376,0.006658,calib
175.18800,3.480000,9.490000,29.990000,1.069850,2.561645,13.434591,0.014940,-0.040904,0.006542,calib
175.25000,3.360000,9.230000,30.280000,0.945309,2.458817,13.329922,0.014727,-0.041108,0.006391,calib
175.25000,3.380000,9.170000,30.300000,0.931077,2.442065,13.309048,0.014446,-0.041105,0.006279,calib
175.26600,3.420000,9.140000,30.300000,0.923268,2.412725,13.298559,0.014406,-0.040959,0.006169,calib
175.28200,3.510000,9.150000,30.270000,0.922851,2.387210,13.267640,0.014391,-0.040674,0.006158,calib
175.29700,3.570000,9.110000,30.270000,0.922434,2.361694,13.236722,0.014376,-0.040389,0.006148,calib
175.34400,3.290000,8.760000,30.630000,0.763767,2.322848,13.214522,0.013794,-0.041391,0.006350,calib
175.36000,3.360000,8.720000,30.660000,0.740159,2.277678,13.234633,0.014142,-0.041425,0.006140,calib
175.37500,3.490000,8.700000,30.690000,0.752721,2.227651,13.244858,0.014450,-0.041330,0.006144,calib
175.39100,3.650000,8.670000,30.640000,0.765053,2.185968,13.244751,0.014983,-0.041139,0.006033,calib
175.39100,3.780000,8.600000,30.660000,0.771275,2.156646,13.254990,0.015107,-0.040995,0.005930,calib
175.43800,3.360000,8.570000,30.850000,0.680620,2.204239,13.305927,0.013968,-0.041969,0.006169,calib
175.46900,3.490000,8.570000,30.730000,0.709515,2.186252,13.285647,0.013836,-0.041407,0.006059,calib
175.46900,3.720000,8.640000,30.660000,0.738010,2.168564,13.275622,0.013873,-0.040939,0.005951,calib
175.48500,3.700000,8.600000,30.690000,0.738127,2.168220,13.255083,0.013869,-0.040750,0.005943,calib
175.50000,3.680000,8.560000,30.760000,0.716371,2.155943,13.244551,0.013786,-0.040792,0.005939,calib
175.56300,3.680000,8.410000,30.860000,0.671859,2.115251,13.243854,0.013837,-0.041060,0.005829,calib
175.59400,3.720000,8.440000,30.840000,0.672658,2.114654,13.223342,0.013501,-0.040874,0.005825,calib
175.59400,3.670000,8.420000,30.850000,0.665984,2.126924,13.213122,0.013422,-0.040729,0.005822,calib
175.61000,3.590000,8.360000,30.900000,0.644992,2.131473,13.223301,0.013127,-0.040961,0.005935,calib
175.62500,3.490000,8.340000,30.950000,0.616444,2.131810,13.223089,0.012968,-0.041048,0.005935,calib
175.68800,4.110000,8.140000,30.970000,0.672891,1.944284,13.263700,0.014786,-0.040426,0.005298,calib
175.70400,4.070000,8.090000,31.000000,0.664402,1.924159,13.263471,0.015142,-0.040660,0.005401,calib
175.70400,3.940000,8.060000,31.060000,0.628129,1.912236,13.273454,0.015064,-0.040791,0.005404,calib
175.71900,3.860000,8.030000,31.110000,0.599550,1.912845,13.262794,0.014906,-0.041069,0.005399,calib
175.73500,3.780000,8.000000,31.120000,0.585002,1.913470,13.272861,0.014913,-0.041350,0.005402,calib
175.78200,4.180000,8.080000,30.980000,0.684202,1.877800,13.294457,0.015476,-0.040230,0.005199,calib
175.79700,4.140000,8.050000,31.000000,0.670654,1.894564,13.284158,0.015264,-0.040324,0.005303,calib
175.81300,4.030000,8.040000,31.060000,0.650315,1.923942,13.284178,0.014977,-0.040463,0.005411,calib
175.82900,3.860000,8.050000,31.090000,0.637070,1.949414,13.273664,0.014662,-0.040844,0.005408,calib
175.84400,3.820000,8.030000,31.060000,0.630678,1.961729,13.273727,0.014419,-0.040795,0.005410,calib
175.89100,4.210000,8.130000,30.900000,0.738740,1.937966,13.233462,0.014401,-0.039735,0.005189,calib
175.90700,4.140000,8.100000,30.930000,0.724362,1.946639,13.222942,0.014464,-0.039827,0.005075,calib
175.92200,4.010000,8.100000,30.990000,0.710727,1.963475,13.243629,0.014253,-0.039918,0.005192,calib
175.92200,3.940000,8.070000,31.040000,0.704135,1.968015,13.253831,0.013957,-0.040251,0.005305,calib
175.93800,3.970000,8.090000,31.010000,0.717735,1.959641,13.264082,0.014227,-0.040155,0.005093,calib
176.00000,4.320000,8.080000,30.890000,0.808879,1.886124,13.233968,0.014853,-0.038797,0.004871,calib
176.00000,4.180000,8.050000,30.930000,0.780762,1.894851,13.244233,0.014588,-0.038981,0.005090,calib
176.01600,4.150000,8.050000,30.980000,0.759791,1.908064,13.243915,0.014354,-0.039405,0.005090,calib
176.03200,4.060000,8.030000,30.980000,0.760104,1.907837,13.264645,0.014187,-0.039308,0.005100,calib
176.04700,4.260000,8.140000,30.900000,0.795925,1.902707,13.254681,0.014311,-0.038891,0.004991,calib
176.11000,4.260000,8.080000,30.930000,0.825702,1.901202,13.234572,0.013965,-0.038329,0.004990,calib
176.12500,4.240000,8.040000,30.970000,0.803147,1.889523,13.244554,0.014217,-0.038558,0.004990,calib
176.14100,4.310000,8.000000,30.950000,0.787865,1.873050,13.244358,0.014433,-0.038456,0.004880,calib
176.15700,4.340000,7.980000,30.950000,0.787048,1.847833,13.223696,0.014586,-0.038266,0.004871,calib
176.17200,4.470000,7.970000,30.920000,0.786715,1.839397,13.213462,0.014692,-0.038170,0.004974,calib
176.21900,4.230000,8.000000,30.960000,0.761911,1.913884,13.120686,0.013727,-0.038273,0.004943,calib
176.25000,4.420000,8.040000,30.900000,0.782851,1.900944,13.110556,0.013964,-0.038040,0.004939,calib
176.25000,4.490000,8.000000,30.890000,0.796747,1.875490,13.110647,0.013949,-0.037853,0.004941,calib
176.26600,4.510000,8.000000,30.860000,0.803656,1.862533,13.079789,0.014021,-0.037620,0.004929,calib
176.28200,4.480000,7.950000,30.880000,0.789226,1.862815,13.069318,0.014024,-0.037711,0.004924,calib
176.34400,4.330000,7.980000,30.930000,0.763098,1.903793,13.007619,0.013321,-0.037521,0.005012,calib
176.36000,4.530000,7.960000,30.800000,0.806023,1.885823,13.008066,0.013354,-0.036962,0.004909,calib
176.36000,4.620000,7.990000,30.800000,0.819689,1.868714,12.997827,0.013562,-0.036678,0.004798,calib
176.37500,4.630000,7.950000,30.840000,0.811933,1.856727,12.997575,0.013645,-0.036913,0.004796,calib
176.39100,4.550000,7.930000,30.880000,0.797902,1.856710,12.976847,0.013481,-0.036911,0.004789,calib
176.43800,4.560000,7.900000,30.870000,0.804246,1.818853,12.925161,0.013543,-0.036775,0.004769,calib
176.46900,4.730000,7.890000,30.760000,0.847258,1.800811,12.894621,0.013575,-0.036217,0.004654,calib
176.46900,4.820000,7.940000,30.720000,0.868316,1.787527,12.863952,0.013808,-0.035796,0.004642,calib
176.48500,4.800000,7.910000,30.720000,0.868403,1.787455,12.832966,0.013806,-0.035798,0.004630,calib
176.50000,4.640000,7.870000,30.770000,0.834033,1.816816,12.812258,0.013355,-0.035935,0.004730,calib
176.54700,4.440000,7.860000,30.880000,0.800796,1.862976,12.791557,0.012526,-0.036362,0.004941,calib
176.56300,4.620000,7.890000,30.750000,0.821766,1.849764,12.791874,0.012761,-0.035938,0.004942,calib
176.56300,4.750000,7.920000,30.710000,0.856623,1.820033,12.771339,0.013043,-0.035710,0.004827,calib
176.57900,4.860000,7.880000,30.710000,0.855858,1.803206,12.750628,0.013254,-0.035519,0.004710,calib
176.59400,4.710000,7.770000,30.800000,0.827029,1.803498,12.740134,0.013260,-0.035511,0.004704,calib
176.65700,4.590000,7.750000,30.840000,0.784854,1.795329,12.667551,0.012710,-0.035696,0.004786,calib
176.67200,4.900000,7.770000,30.700000,0.826221,1.752939,12.626414,0.013232,-0.035328,0.004661,calib
176.67200,4.990000,7.700000,30.690000,0.839952,1.727097,12.595685,0.013378,-0.034857,0.004650,calib
176.68800,4.960000,7.650000,30.710000,0.832314,1.714765,12.574894,0.013457,-0.034903,0.004640,calib
176.70400,4.880000,7.660000,30.770000,0.811461,1.727633,12.554038,0.013220,-0.035138,0.004633,calib
176.76600,4.990000,7.600000,30.690000,0.810849,1.702001,12.481850,0.013368,-0.034762,0.004604,calib
176.78200,5.000000,7.630000,30.670000,0.818092,1.697479,12.461226,0.013334,-0.034623,0.004489,calib
176.78200,4.920000,7.570000,30.710000,0.804662,1.713900,12.430388,0.013119,-0.034527,0.004586,calib
176.79700,4.730000,7.590000,30.770000,0.771056,1.760087,12.430391,0.012456,-0.034855,0.004803,calib
176.81300,4.570000,7.610000,30.840000,0.737568,1.805930,12.409855,0.011790,-0.034994,0.005014,calib
176.87500,4.850000,7.890000,30.520000,0.893753,1.887947,12.371088,0.010854,-0.033098,0.005019,calib
176.89100,4.800000,7.940000,30.500000,0.909917,1.920902,12.371456,0.010422,-0.033202,0.005238,calib
176.90700,4.700000,7.960000,30.540000,0.890824,1.974926,12.392329,0.009812,-0.033246,0.005358,calib
176.92200,4.420000,8.070000,30.610000,0.879036,2.032846,12.423760,0.009228,-0.033149,0.005589,calib
176.92200,4.340000,8.150000,30.580000,0.881446,2.074020,12.455068,0.008526,-0.033152,0.005716,calib
176.98500,4.470000,8.450000,30.340000,1.028093,2.222509,12.571375,0.005749,-0.031724,0.005908,calib
177.00000,4.170000,8.620000,30.340000,1.033766,2.321612,12.623715,0.004131,-0.031922,0.006266,calib
177.01600,3.940000,8.800000,30.310000,1.045742,2.399511,12.696693,0.002694,-0.031785,0.006417,calib
177.03200,3.920000,8.960000,30.240000,1.085586,2.477326,12.769857,0.001749,-0.031557,0.006564,calib
177.04700,3.860000,9.040000,30.170000,1.125679,2.546498,12.832570,0.000578,-0.031236,0.006496,calib
177.09400,3.510000,9.610000,29.830000,1.268587,2.867131,13.146675,-0.005450,-0.029233,0.007122,calib
177.11000,3.240000,9.720000,29.820000,1.259141,2.941189,13.219355,-0.007076,-0.029231,0.007167,calib
177.12500,2.970000,9.860000,29.730000,1.256605,3.011251,13.271462,-0.008566,-0.029377,0.007416,calib
177.14100,2.920000,9.950000,29.700000,1.253951,3.072696,13.333822,-0.010116,-0.029330,0.007457,calib
177.14100,2.850000,9.980000,29.620000,1.265393,3.125423,13.396420,-0.011564,-0.029096,0.007605,calib
177.20400,2.580000,10.200000,29.520000,1.279730,3.278947,13.676874,-0.016928,-0.028236,0.007670,calib
177.21900,2.560000,10.260000,29.500000,1.288140,3.265400,13.728771,-0.017685,-0.027903,0.007702,calib
177.23500,2.630000,10.230000,29.480000,1.296236,3.243119,13.749652,-0.018338,-0.027282,0.007506,calib
177.25000,2.680000,10.240000,29.490000,1.297260,3.242367,13.780856,-0.018839,-0.026994,0.007525,calib
177.25000,2.640000,10.260000,29.490000,1.291892,3.253929,13.812123,-0.019584,-0.026658,0.007547,calib
177.31300,2.270000,10.470000,29.370000,1.312573,3.368830,13.876086,-0.024566,-0.025295,0.007845,calib
177.32900,2.490000,10.490000,29.260000,1.349454,3.354485,13.866388,-0.025003,-0.024593,0.007851,calib
177.34400,2.540000,10.490000,29.260000,1.365113,3.353036,13.856538,-0.025512,-0.024028,0.007855,calib
177.34400,2.520000,10.460000,29.280000,1.359436,3.347673,13.815403,-0.026212,-0.023601,0.007741,calib
177.36000,2.450000,10.460000,29.300000,1.325577,3.359773,13.805022,-0.027115,-0.023547,0.007745,calib
177.40700,2.080000,10.490000,29.280000,1.251345,3.439449,13.753847,-0.032003,-0.023068,0.007667,calib
177.43800,2.110000,10.560000,29.220000,1.281834,3.437419,13.744212,-0.032684,-0.022318,0.007675,calib
177.43800,2.190000,10.570000,29.200000,1.312343,3.444052,13.724080,-0.033303,-0.021759,0.007570,calib
177.45400,2.160000,10.560000,29.170000,1.328402,3.442304,13.703974,-0.033981,-0.021098,0.007573,calib
177.46900,2.140000,10.560000,29.220000,1.308490,3.437341,13.693636,-0.034840,-0.020857,0.007471,calib
177.53200,2.240000,10.450000,29.350000,1.296721,3.350739,13.642252,-0.036937,-0.019713,0.007266,calib
177.53200,2.330000,10.470000,29.370000,1.295230,3.283070,13.631959,-0.036917,-0.019043,0.007159,calib
177.54700,2.430000,10.370000,29.470000,1.272487,3.228569,13.611067,-0.036967,-0.018700,0.007045,calib
177.56300,2.380000,10.320000,29.530000,1.235196,3.174693,13.600242,-0.037010,-0.018638,0.006934,calib
177.57900,2.320000,10.180000,29.690000,1.198208,3.129525,13.589203,-0.037157,-0.018863,0.006716,calib
177.62500,2.690000,9.970000,29.840000,1.149791,2.937052,13.485289,-0.036687,-0.017893,0.006569,calib
177.64100,2.710000,9.980000,29.820000,1.156217,2.907314,13.444003,-0.036568,-0.017562,0.006446,calib
177.65700,2.780000,9.950000,29.800000,1.149290,2.894457,13.433686,-0.036823,-0.017418,0.006446,calib
177.67200,2.660000,9.900000,29.940000,1.120607,2.869323,13.412837,-0.037162,-0.017315,0.006441,calib
177.67200,2.630000,9.850000,29.970000,1.091828,2.853196,13.402030,-0.037436,-0.017593,0.006331,calib
177.73500,2.950000,9.650000,30.090000,1.058580,2.685197,13.267443,-0.036963,-0.016441,0.006172,calib
177.75000,2.980000,9.600000,30.090000,1.050806,2.647395,13.226016,-0.037064,-0.016299,0.006158,calib
177.75000,3.010000,9.500000,30.180000,1.021494,2.630906,13.205093,-0.037011,-0.016193,0.006041,calib
177.76600,2.940000,9.460000,30.230000,0.984908,2.619209,13.194346,-0.036923,-0.016420,0.006033,calib
177.78200,2.900000,9.420000,30.310000,0.955676,2.586029,13.183559,-0.037153,-0.016410,0.005817,calib
177.82900,3.340000,9.000000,30.500000,0.918611,2.378912,13.037627,-0.035464,-0.016302,0.005531,calib
177.84400,3.250000,9.010000,30.540000,0.876032,2.379231,13.016687,-0.035788,-0.016386,0.005523,calib
177.86000,3.140000,8.960000,30.590000,0.833106,2.388240,13.005955,-0.035885,-0.016564,0.005409,calib
177.87500,3.070000,8.980000,30.620000,0.819639,2.388314,13.005791,-0.036378,-0.016753,0.005414,calib
177.89100,3.110000,8.970000,30.610000,0.826860,2.375130,12.995664,-0.036472,-0.016421,0.005413,calib
177.95400,3.160000,8.790000,30.760000,0.775455,2.304158,12.943426,-0.036800,-0.016167,0.005181,calib
177.96900,3.220000,8.770000,30.750000,0.767730,2.291898,12.953622,-0.036719,-0.016212,0.005185,calib
177.98500,3.340000,8.700000,30.770000,0.781374,2.266127,12.953879,-0.036572,-0.015737,0.005186,calib
178.00000,3.470000,8.730000,30.700000,0.816491,2.227779,12.954122,-0.036516,-0.015412,0.005190,calib
178.01600,3.600000,8.740000,30.670000,0.844223,2.202225,12.933673,-0.036204,-0.015135,0.005181,calib
178.07900,3.630000,8.430000,30.890000,0.747642,2.116629,12.921887,-0.035965,-0.015528,0.004849,calib
178.09400,3.720000,8.430000,30.830000,0.775352,2.082413,12.911934,-0.035714,-0.015059,0.004954,calib
178.11000,3.830000,8.430000,30.820000,0.795778,2.052963,12.880928,-0.035428,-0.014923,0.004833,calib
178.12500,3.830000,8.370000,30.840000,0.781015,2.044809,12.860223,-0.035319,-0.014920,0.004930,calib
178.14100,3.740000,8.320000,30.920000,0.745244,2.049368,12.859853,-0.035448,-0.014956,0.004715,calib
178.20400,4.060000,8.000000,31.010000,0.701860,1.872178,12.827463,-0.034041,-0.015267,0.004582,calib
178.21900,4.150000,7.930000,31.060000,0.693088,1.843047,12.806666,-0.033584,-0.015024,0.004462,calib
178.23500,4.000000,7.910000,31.080000,0.658138,1.864633,12.785572,-0.033924,-0.015445,0.004347,calib
178.25000,3.840000,7.870000,31.180000,0.609272,1.903009,12.774883,-0.034309,-0.015863,0.004341,calib
178.26600,3.620000,7.910000,31.200000,0.589302,1.932360,12.754199,-0.034762,-0.016101,0.004443,calib
178.32900,4.010000,7.820000,31.120000,0.637198,1.876806,12.630897,-0.033841,-0.015312,0.004604,calib
178.34400,3.880000,7.790000,31.170000,0.594575,1.894523,12.619950,-0.034041,-0.015777,0.004383,calib
178.36000,3.740000,7.760000,31.220000,0.566760,1.902996,12.619714,-0.034474,-0.015865,0.004278,calib
178.37500,3.810000,7.730000,31.210000,0.573302,1.899027,12.619846,-0.034172,-0.015914,0.004490,calib
178.39100,3.920000,7.770000,31.160000,0.601998,1.898074,12.609968,-0.034018,-0.015447,0.004487,calib
178.45400,3.850000,7.610000,31.240000,0.551654,1.895341,12.567831,-0.034196,-0.016150,0.004360,calib
178.46900,3.800000,7.580000,31.280000,0.529446,1.874973,12.567605,-0.034170,-0.016286,0.004466,calib
178.48500,3.860000,7.560000,31.260000,0.542348,1.849999,12.546940,-0.033687,-0.016195,0.004455,calib
178.50000,3.930000,7.500000,31.230000,0.548524,1.828905,12.516105,-0.033341,-0.015959,0.004547,calib
178.51600,4.060000,7.500000,31.210000,0.540604,1.816528,12.485032,-0.033097,-0.015910,0.004532,calib
178.57900,3.840000,7.420000,31.320000,0.476194,1.822240,12.453106,-0.033379,-0.016608,0.004302,calib
178.59400,3.940000,7.360000,31.300000,0.482985,1.809627,12.442786,-0.033303,-0.016563,0.004298,calib
178.61000,3.940000,7.380000,31.290000,0.482985,1.809627,12.442786,-0.033303,-0.016563,0.004298,calib
178.62500,3.900000,7.400000,31.310000,0.475409,1.805713,12.453177,-0.033164,-0.016608,0.004515,calib
178.64100,3.820000,7.310000,31.380000,0.454038,1.810262,12.452830,-0.033295,-0.016744,0.004300,calib
178.68800,3.870000,7.350000,31.300000,0.492279,1.829926,12.391402,-0.033990,-0.016719,0.004499,calib
178.71900,3.890000,7.380000,31.270000,0.514522,1.841832,12.360691,-0.034075,-0.016587,0.004489,calib
178.73500,3.820000,7.410000,31.250000,0.516026,1.883414,12.340256,-0.034280,-0.016688,0.004589,calib
178.75000,3.640000,7.400000,31.280000,0.503211,1.908315,12.329934,-0.034765,-0.016783,0.004588,calib
178.76600,3.610000,7.400000,31.300000,0.497441,1.945730,12.309390,-0.034998,-0.016833,0.004581,calib
178.82900,3.440000,7.330000,31.300000,0.428086,2.004372,12.133721,-0.035409,-0.017022,0.004723,calib
178.84400,3.330000,7.240000,31.410000,0.390869,1.976510,12.122636,-0.035269,-0.017534,0.004607,calib
178.86000,3.400000,7.190000,31.410000,0.389452,1.934856,12.112084,-0.035065,-0.017437,0.004495,calib
178.87500,3.510000,7.140000,31.400000,0.401472,1.893400,12.091248,-0.034367,-0.017343,0.004374,calib
178.87500,3.670000,7.130000,31.350000,0.421144,1.847151,12.070761,-0.033868,-0.017014,0.004471,calib
178.93800,3.610000,7.010000,31.320000,0.439918,1.775968,11.905474,-0.033053,-0.016793,0.004507,calib
178.95400,3.740000,7.020000,31.300000,0.439949,1.775696,11.915921,-0.033055,-0.016601,0.004512,calib
178.96900,3.860000,7.040000,31.240000,0.481464,1.741652,11.874979,-0.032474,-0.016234,0.004600,calib
178.98500,4.050000,7.010000,31.180000,0.522980,1.707608,11.834037,-0.031893,-0.015867,0.004689,calib
178.98500,4.100000,6.970000,31.110000,0.551281,1.698764,11.793030,-0.031630,-0.015689,0.004780,calib
179.04700,3.820000,6.960000,31.200000,0.524927,1.715087,11.679351,-0.032506,-0.015887,0.004849,calib
179.06300,4.110000,6.970000,31.070000,0.559384,1.685655,11.669072,-0.032056,-0.015754,0.004735,calib
179.07900,4.340000,6.930000,31.030000,0.614093,1.617748,11.638692,-0.031220,-0.015006,0.004936,calib
179.09400,4.480000,6.860000,30.980000,0.640491,1.567620,11.628376,-0.030584,-0.014821,0.004929,calib
179.11000,4.470000,6.780000,31.010000,0.625126,1.543029,11.617781,-0.030424,-0.014911,0.004922,calib
179.17200,4.330000,6.450000,31.130000,0.510433,1.383975,11.491529,-0.029212,-0.015876,0.004533,calib
179.18800,4.560000,6.330000,31.120000,0.535102,1.292420,11.449931,-0.028206,-0.015692,0.004403,calib
179.18800,4.780000,6.200000,31.080000,0.523579,1.197060,11.428715,-0.027222,-0.015442,0.004172,calib
179.20400,4.950000,5.800000,31.110000,0.482684,1.094716,11.375966,-0.026117,-0.015856,0.004032,calib
179.21900,4.880000,5.640000,31.140000,0.421502,1.030139,11.323188,-0.025241,-0.016408,0.003891,calib
179.28200,4.620000,5.710000,31.030000,0.352742,1.097001,11.064792,-0.025761,-0.016701,0.003893,calib
179.29700,4.570000,5.800000,31.020000,0.362488,1.150200,11.003366,-0.026218,-0.016476,0.003979,calib
179.31300,4.300000,5.900000,30.960000,0.366094,1.216032,10.941838,-0.027081,-0.016490,0.004069,calib
179.31300,4.200000,5.910000,30.960000,0.360810,1.253076,10.880051,-0.027483,-0.016448,0.004048,calib
179.32900,4.190000,5.930000,30.910000,0.368941,1.281656,10.818476,-0.027451,-0.016219,0.004130,calib
179.39100,4.480000,6.120000,30.640000,0.518028,1.376517,10.573392,-0.027971,-0.014677,0.004690,calib
179.40700,4.240000,6.160000,30.680000,0.485859,1.464059,10.563165,-0.028841,-0.014912,0.004690,calib
179.42200,3.810000,6.280000,30.730000,0.461334,1.555743,10.532342,-0.029848,-0.015297,0.004790,calib
179.42200,3.730000,6.330000,30.730000,0.456897,1.617731,10.501665,-0.030405,-0.015254,0.004782,calib
179.43800,3.790000,6.360000,30.680000,0.479970,1.637730,10.471175,-0.030764,-0.015126,0.004989,calib
179.48500,4.300000,6.410000,30.470000,0.623192,1.592737,10.369378,-0.030441,-0.014035,0.005172,calib
179.50000,4.130000,6.370000,30.530000,0.616467,1.596616,10.359207,-0.030579,-0.013892,0.005277,calib
179.50000,3.910000,6.360000,30.600000,0.582313,1.634756,10.369272,-0.031133,-0.014313,0.005283,calib
179.51600,3.720000,6.370000,30.670000,0.534062,1.681614,10.379098,-0.031788,-0.014920,0.005180,calib
179.53200,3.580000,6.370000,30.710000,0.499960,1.728145,10.389114,-0.032283,-0.015340,0.005078,calib
179.57900,3.530000,6.500000,30.640000,0.533163,1.784958,10.420858,-0.033706,-0.015261,0.005322,calib
179.59400,3.540000,6.460000,30.650000,0.539267,1.755980,10.451636,-0.033578,-0.015305,0.005227,calib
179.61000,3.580000,6.420000,30.690000,0.529920,1.702482,10.502805,-0.033289,-0.015437,0.005138,calib
179.62500,3.660000,6.320000,30.750000,0.520624,1.657374,10.553926,-0.032941,-0.015568,0.004941,calib
179.64100,3.720000,6.240000,30.820000,0.504486,1.616489,10.615415,-0.032728,-0.015745,0.004856,calib
179.68800,3.300000,6.350000,31.000000,0.400038,1.689721,10.934422,-0.034339,-0.016783,0.004562,calib
179.70400,3.260000,6.410000,31.010000,0.409035,1.718697,11.006936,-0.034961,-0.016927,0.004705,calib
179.71900,3.300000,6.580000,30.920000,0.467920,1.734099,11.059275,-0.035355,-0.016657,0.004841,calib
179.71900,3.510000,6.610000,30.870000,0.540136,1.723956,11.091142,-0.035436,-0.016011,0.004968,calib
179.73500,3.720000,6.670000,30.770000,0.604678,1.709944,11.133156,-0.035377,-0.015407,0.004990,calib
179.78200,3.460000,6.790000,30.840000,0.646475,1.804223,11.289056,-0.037195,-0.015367,0.005288,calib
179.79700,3.310000,6.840000,30.880000,0.653801,1.816781,11.289116,-0.037108,-0.015418,0.005286,calib
179.81300,3.200000,6.930000,30.830000,0.642232,1.866329,11.299648,-0.037916,-0.015417,0.005297,calib
179.81300,3.150000,6.980000,30.800000,0.658782,1.916110,11.310200,-0.038394,-0.015616,0.005305,calib
179.82900,3.130000,7.050000,30.770000,0.667820,1.944282,11.300368,-0.038860,-0.015289,0.005414,calib
179.87500,3.150000,7.170000,30.680000,0.714899,2.000190,11.229224,-0.039799,-0.014649,0.005613,calib
179.89100,3.150000,7.100000,30.700000,0.706742,1.979540,11.228943,-0.039612,-0.014597,0.005397,calib
179.90700,3.200000,6.950000,30.770000,0.691409,1.954676,11.228796,-0.039455,-0.014494,0.005396,calib
179.92200,3.280000,6.950000,30.760000,0.689592,1.913321,11.228501,-0.039083,-0.014490,0.005285,calib
179.92200,3.350000,6.910000,30.770000,0.695481,1.875562,11.228506,-0.038854,-0.014251,0.005285,calib
179.96900,3.300000,6.930000,30.790000,0.674401,1.871223,11.259386,-0.039211,-0.014098,0.005194,calib
179.98500,3.190000,6.950000,30.810000,0.674401,1.871223,11.259386,-0.039211,-0.014098,0.005194,calib
180.00000,3.110000,7.000000,30.840000,0.654425,1.908764,11.280087,-0.039606,-0.014140,0.005204,calib
180.00000,3.100000,7.020000,30.860000,0.648850,1.946296,11.300812,-0.040002,-0.014283,0.005215,calib
180.01600,3.020000,7.070000,30.850000,0.636065,1.970925,11.300938,-0.040489,-0.014186,0.005219,calib
180.06300,3.100000,7.240000,30.750000,0.734962,2.072188,11.405855,-0.041773,-0.013499,0.005387,calib
180.07900,3.140000,7.350000,30.700000,0.772722,2.091478,11.448000,-0.042304,-0.012986,0.005627,calib
180.09400,3.210000,7.490000,30.600000,0.824480,2.102095,11.490140,-0.042732,-0.012285,0.005654,calib
180.11000,3.340000,7.650000,30.550000,0.883801,2.133544,11.501548,-0.043015,-0.011638,0.005880,calib
180.12500,3.340000,7.760000,30.480000,0.951159,2.177026,11.523491,-0.043546,-0.010852,0.006114,calib
180.17200,2.600000,8.750000,29.820000,1.209559,2.647344,11.550788,-0.050697,-0.007827,0.007070,calib
180.18800,2.780000,8.840000,29.750000,1.291582,2.665047,11.541861,-0.051577,-0.006857,0.007298,calib
180.20400,2.960000,8.860000,29.670000,1.393575,2.653400,11.553619,-0.052004,-0.005651,0.007424,calib
180.21900,3.210000,8.940000,29.560000,1.472710,2.621366,11.575572,-0.052075,-0.004384,0.007658,calib
180.21900,3.460000,8.910000,29.510000,1.508569,2.582220,11.596737,-0.052355,-0.003677,0.007675,calib
180.28200,2.570000,9.050000,29.700000,1.346588,2.800141,11.855009,-0.059063,-0.003386,0.007088,calib
180.29700,2.560000,9.140000,29.680000,1.348182,2.816098,11.865655,-0.059613,-0.003196,0.007206,calib
180.31300,2.560000,9.160000,29.660000,1.344276,2.861087,11.948547,-0.060782,-0.003049,0.007144,calib
180.32900,2.450000,9.220000,29.690000,1.341000,2.897432,12.031514,-0.062343,-0.002903,0.007194,calib
180.34400,2.300000,9.240000,29.690000,1.344792,2.929399,12.155830,-0.063934,-0.002611,0.007155,calib
180.40700,1.970000,9.690000,29.640000,1.395890,3.120514,12.788656,-0.072998,-0.000597,0.007194,calib
180.42200,1.850000,9.690000,29.660000,1.384724,3.144210,12.850998,-0.074317,-0.000209,0.007234,calib
180.43800,1.830000,9.720000,29.690000,1.380535,3.164344,12.923345,-0.075660,-0.000253,0.007170,calib
180.45400,1.770000,9.710000,29.710000,1.376213,3.183817,12.975319,-0.076844,0.000179,0.007097,calib
180.46900,1.750000,9.740000,29.700000,1.385644,3.195072,12.996352,-0.077758,0.000508,0.007117,calib
180.51600,1.580000,9.570000,29.870000,1.270920,3.162399,12.934217,-0.081778,0.001629,0.006707,calib
180.54700,1.590000,9.580000,29.890000,1.271830,3.144840,12.934288,-0.082397,0.001915,0.006609,calib
180.56300,1.670000,9.610000,29.870000,1.293548,3.122640,12.914141,-0.082558,0.002527,0.006714,calib
180.57900,1.780000,9.600000,29.840000,1.315634,3.100413,12.873290,-0.082884,0.003040,0.006812,calib
180.57900,1.840000,9.640000,29.790000,1.330908,3.082138,12.853255,-0.083346,0.003699,0.007027,calib
180.65700,1.680000,9.400000,29.930000,1.257584,3.048975,12.657241,-0.086222,0.005180,0.006554,calib
180.67200,1.780000,9.370000,29.950000,1.241921,2.998525,12.595189,-0.086081,0.005563,0.006529,calib
180.68800,1.860000,9.280000,29.990000,1.240323,2.939629,12.522926,-0.085835,0.005941,0.006608,calib
180.68800,1.990000,9.200000,30.050000,1.209830,2.889758,12.460660,-0.085522,0.006139,0.006580,calib
180.70400,1.920000,9.120000,30.090000,1.179953,2.848369,12.418909,-0.085480,0.006147,0.006456,calib
180.78200,2.110000,8.760000,30.340000,1.081308,2.643857,12.242034,-0.085255,0.006986,0.005958,calib
180.79700,2.180000,8.760000,30.280000,1.081773,2.634824,12.211288,-0.085485,0.007268,0.006057,calib
180.81300,2.130000,8.810000,30.260000,1.090298,2.646487,12.180579,-0.085902,0.007500,0.006050,calib
180.82900,2.090000,8.800000,30.250000,1.091430,2.654325,12.170299,-0.086343,0.007592,0.005943,calib
180.82900,2.100000,8.800000,30.280000,1.084903,2.641170,12.149726,-0.086766,0.007830,0.005941,calib
180.90700,2.280000,8.210000,30.560000,0.955860,2.413063,12.013567,-0.086206,0.008207,0.005453,calib
180.92200,2.260000,8.120000,30.640000,0.911573,2.380618,11.950848,-0.086098,0.007933,0.005210,calib
180.92200,2.280000,8.090000,30.650000,0.880672,2.339980,11.877893,-0.085554,0.007652,0.005066,calib
180.93800,2.380000,7.940000,30.680000,0.870119,2.261031,11.825863,-0.084787,0.007896,0.004932,calib
180.95400,2.830000,7.640000,30.800000,0.850424,2.137129,11.783762,-0.083671,0.007811,0.004906,calib
181.03200,2.890000,7.090000,31.140000,0.708167,1.842553,11.862833,-0.081582,0.006549,0.004271,calib
181.04700,2.910000,7.150000,31.100000,0.738027,1.858128,11.863409,-0.081808,0.006919,0.004383,calib
181.04700,2.990000,7.270000,31.040000,0.775249,1.877799,11.833108,-0.082007,0.007236,0.004590,calib
181.06300,3.010000,7.270000,31.010000,0.790828,1.902002,11.823407,-0.082170,0.007513,0.004910,calib
181.07900,2.960000,7.350000,30.980000,0.792582,1.934940,11.792521,-0.082601,0.007508,0.004794,calib
181.14100,2.850000,7.340000,30.920000,0.804569,2.020707,11.658966,-0.083658,0.007818,0.004751,calib
181.15700,2.960000,7.370000,30.850000,0.840554,2.006798,11.628756,-0.083597,0.008424,0.005064,calib
181.17200,2.970000,7.390000,30.830000,0.862345,2.010612,11.608349,-0.083574,0.008462,0.005164,calib
181.18800,2.910000,7.380000,30.810000,0.856071,2.022583,11.587874,-0.083821,0.008699,0.005159,calib
181.20400,2.790000,7.350000,30.830000,0.842707,2.039437,11.587613,-0.084196,0.008511,0.004946,calib
181.26600,3.170000,7.000000,30.990000,0.814560,1.844033,11.679865,-0.083413,0.008970,0.005090,calib
181.28200,3.180000,7.040000,31.050000,0.820619,1.823282,11.669569,-0.083064,0.009015,0.005190,calib
181.29700,3.210000,6.930000,31.050000,0.805337,1.806809,11.669373,-0.082847,0.009117,0.005080,calib
181.31300,3.210000,6.850000,31.080000,0.790025,1.790608,11.658730,-0.082629,0.009029,0.004966,calib
181.32900,3.160000,6.840000,31.090000,0.759979,1.765982,11.637829,-0.082303,0.009135,0.004953,calib
181.37500,3.270000,6.400000,31.220000,0.644526,1.657849,11.552747,-0.080237,0.008080,0.004246,calib
181.40700,3.250000,6.400000,31.260000,0.607079,1.638332,11.531331,-0.079873,0.007663,0.004016,calib
181.42200,3.290000,6.290000,31.290000,0.584722,1.609619,11.530910,-0.079906,0.007529,0.003908,calib
181.43800,3.300000,6.300000,31.300000,0.590499,1.588823,11.510331,-0.079393,0.007670,0.004003,calib
181.43800,3.490000,6.270000,31.240000,0.604283,1.580332,11.489839,-0.079124,0.007761,0.004100,calib
181.50000,2.890000,6.360000,31.310000,0.504126,1.769156,11.406391,-0.080928,0.006677,0.003427,calib
181.53200,2.950000,6.400000,31.220000,0.526205,1.789634,11.355145,-0.080788,0.006711,0.003620,calib
181.54700,3.030000,6.450000,31.150000,0.562694,1.801168,11.324866,-0.080714,0.007029,0.003931,calib
181.54700,3.140000,6.470000,31.140000,0.606025,1.808479,11.284220,-0.080504,0.007391,0.004130,calib
181.56300,3.230000,6.530000,31.030000,0.620462,1.824816,11.253568,-0.080228,0.007574,0.004223,calib
181.62500,2.880000,6.460000,31.090000,0.564890,1.859327,11.108210,-0.080807,0.006716,0.004057,calib
181.64100,2.990000,6.460000,31.060000,0.599962,1.829207,11.067380,-0.080529,0.007131,0.004256,calib
181.65700,3.140000,6.450000,30.990000,0.634835,1.816121,11.036952,-0.079966,0.007451,0.004563,calib
181.67200,3.210000,6.450000,31.000000,0.641627,1.803508,11.026633,-0.079890,0.007497,0.004559,calib
181.67200,3.150000,6.440000,31.020000,0.627509,1.803563,11.036892,-0.080053,0.007502,0.004564,calib
181.75000,3.180000,6.240000,31.050000,0.603418,1.725765,11.056596,-0.079932,0.006894,0.004464,calib
181.76600,3.220000,6.290000,31.030000,0.617935,1.725411,11.036081,-0.079937,0.006983,0.004456,calib
181.78200,3.150000,6.280000,31.000000,0.625928,1.745672,11.005541,-0.079963,0.007214,0.004659,calib
181.79700,3.040000,6.260000,31.000000,0.605460,1.775367,10.994870,-0.080247,0.006885,0.004440,calib
181.81300,2.800000,6.210000,31.100000,0.570793,1.796998,10.984058,-0.080752,0.006369,0.004330,calib
181.87500,3.030000,6.330000,30.860000,0.649465,1.815401,10.768762,-0.079649,0.007515,0.004774,calib
181.89100,3.040000,6.310000,30.900000,0.634917,1.816027,10.778829,-0.079642,0.007234,0.004777,calib
181.90700,2.940000,6.170000,30.970000,0.620169,1.799917,10.788750,-0.079752,0.006954,0.004674,calib
181.92200,2.930000,6.160000,30.990000,0.619665,1.774473,10.788818,-0.079766,0.007242,0.004676,calib
181.93800,3.020000,6.160000,30.960000,0.647458,1.757337,10.799550,-0.079394,0.007521,0.004894,calib
182.00000,3.150000,6.140000,30.960000,0.688650,1.705922,10.769319,-0.078771,0.008366,0.005203,calib
182.01600,3.060000,6.070000,30.970000,0.646339,1.723412,10.779102,-0.079138,0.007999,0.004992,calib
182.03200,3.060000,6.060000,30.980000,0.646287,1.715022,10.779151,-0.079197,0.007999,0.005101,calib
182.04700,3.150000,6.090000,30.960000,0.673988,1.689740,10.748254,-0.078883,0.008084,0.005087,calib
182.04700,3.530000,6.070000,30.850000,0.700688,1.639152,10.686655,-0.078252,0.008453,0.005382,calib
182.12500,3.240000,5.720000,30.870000,0.602596,1.621842,10.395628,-0.076219,0.007464,0.004697,calib
182.14100,3.380000,5.710000,30.790000,0.615800,1.596408,10.323682,-0.075740,0.007740,0.004987,calib
182.15700,3.540000,5.740000,30.750000,0.635664,1.575830,10.282397,-0.075062,0.007684,0.005072,calib
182.17200,3.530000,5.670000,30.740000,0.628056,1.563226,10.272054,-0.074985,0.007830,0.005067,calib
182.18800,3.420000,5.610000,30.840000,0.591568,1.551692,10.302333,-0.075059,0.007513,0.004756,calib
182.25000,3.470000,5.420000,30.900000,0.553512,1.465909,10.445625,-0.075485,0.006730,0.004496,calib
182.26600,3.430000,5.430000,30.930000,0.539446,1.474354,10.455836,-0.075589,0.006736,0.004392,calib
182.28200,3.250000,5.430000,30.940000,0.512448,1.508045,10.476262,-0.076174,0.006458,0.004296,calib
182.29700,3.170000,5.410000,31.000000,0.477827,1.546257,10.506788,-0.076562,0.006137,0.003987,calib
182.31300,2.990000,5.340000,31.020000,0.435516,1.563747,10.516571,-0.076928,0.005770,0.003776,calib
182.37500,3.360000,5.300000,30.960000,0.458954,1.455229,10.433941,-0.075382,0.006335,0.003840,calib
182.39100,3.270000,5.240000,30.960000,0.445510,1.488774,10.423544,-0.075476,0.006242,0.003727,calib
182.40700,3.220000,5.290000,30.970000,0.439087,1.501361,10.413159,-0.075717,0.006099,0.003724,calib
182.42200,3.200000,5.280000,30.970000,0.467389,1.492517,10.372152,-0.075454,0.006278,0.003814,calib
182.43800,3.400000,5.290000,30.900000,0.508633,1.458454,10.352158,-0.074708,0.006740,0.004232,calib
182.50000,3.490000,5.220000,30.860000,0.506264,1.425436,10.248789,-0.073786,0.006830,0.004289,calib
182.51600,3.280000,5.080000,31.010000,0.442946,1.455639,10.278907,-0.074390,0.006425,0.003765,calib
182.53200,3.220000,5.120000,31.010000,0.429132,1.464402,10.288952,-0.074657,0.006143,0.003663,calib
182.54700,3.330000,5.100000,30.990000,0.450902,1.459554,10.279042,-0.074694,0.006372,0.003876,calib
182.54700,3.480000,5.190000,30.880000,0.500605,1.445888,10.248829,-0.074303,0.006879,0.004186,calib
182.61000,3.290000,5.250000,30.900000,0.489664,1.537154,10.197631,-0.074820,0.006872,0.004275,calib
182.62500,3.200000,5.210000,30.950000,0.454249,1.558812,10.196998,-0.074993,0.006550,0.003843,calib
182.64100,3.220000,5.170000,30.950000,0.440100,1.559139,10.196809,-0.075154,0.006363,0.003844,calib
182.65700,3.280000,5.200000,30.910000,0.453884,1.550648,10.176317,-0.074885,0.006452,0.003941,calib
182.67200,3.530000,5.150000,30.820000,0.481252,1.516931,10.135186,-0.074466,0.006632,0.004030,calib
182.71900,3.430000,4.930000,30.980000,0.405483,1.419270,10.226603,-0.074146,0.006004,0.003739,calib
182.73500,3.330000,4.910000,31.050000,0.370241,1.432382,10.277735,-0.074543,0.005782,0.003439,calib
182.75000,3.280000,4.940000,31.080000,0.348731,1.428613,10.308423,-0.074731,0.005650,0.003345,calib
182.75000,3.370000,4.960000,31.060000,0.362880,1.428286,10.308612,-0.074570,0.005836,0.003345,calib
182.76600,3.480000,4.890000,31.020000,0.377206,1.411224,10.319181,-0.074691,0.005927,0.003567,calib
182.81300,3.470000,4.890000,31.030000,0.390108,1.386251,10.298516,-0.074208,0.006018,0.003555,calib
182.82900,3.320000,4.870000,31.090000,0.362227,1.403459,10.318771,-0.074578,0.005742,0.003350,calib
182.84400,3.280000,4.890000,31.120000,0.342051,1.424264,10.339326,-0.075090,0.005703,0.003254,calib
182.86000,3.300000,4.890000,31.110000,0.321194,1.445323,10.359856,-0.075270,0.005662,0.003155,calib
182.87500,3.270000,4.890000,31.130000,0.321215,1.453985,10.349359,-0.075209,0.005471,0.003042,calib
182.93800,3.460000,5.040000,31.110000,0.387521,1.464537,10.505456,-0.075802,0.006176,0.003439,calib
182.95400,3.470000,5.110000,31.100000,0.424287,1.484306,10.526845,-0.075833,0.006594,0.003665,calib
182.96900,3.490000,5.230000,31.090000,0.447355,1.512495,10.537741,-0.076135,0.006919,0.003781,calib
182.96900,3.500000,5.300000,31.120000,0.455876,1.541309,10.558703,-0.076429,0.006964,0.003900,calib
182.98500,3.390000,5.300000,31.150000,0.443026,1.574673,10.579319,-0.076854,0.006872,0.003803,calib
183.06300,3.000000,6.450000,30.950000,0.688619,2.097006,10.895069,-0.084785,0.008779,0.004557,calib
183.07900,2.660000,6.890000,30.860000,0.740530,2.235496,10.958554,-0.087290,0.009327,0.004718,calib
183.09400,2.400000,7.100000,30.820000,0.756285,2.370888,11.062550,-0.089975,0.009463,0.004464,calib
183.11000,2.010000,7.370000,30.810000,0.771968,2.489227,11.177091,-0.092781,0.009790,0.004432,calib
183.12500,1.970000,7.530000,30.750000,0.821707,2.569264,11.240543,-0.094870,0.010630,0.004699,calib
183.18800,2.030000,8.030000,30.500000,0.971553,2.782808,11.410401,-0.101656,0.013907,0.005176,calib
183.20400,1.920000,8.070000,30.500000,0.975259,2.823249,11.451965,-0.103024,0.014096,0.004993,calib
183.21900,1.830000,8.110000,30.480000,0.986284,2.850460,11.483644,-0.104488,0.014614,0.005131,calib
183.23500,1.900000,8.170000,30.460000,1.011308,2.869000,11.515318,-0.105849,0.015322,0.005055,calib
183.25000,1.980000,8.270000,30.440000,1.028356,2.883923,11.567638,-0.106903,0.015890,0.005198,calib
183.29700,1.560000,8.580000,30.530000,1.015454,3.020595,12.117005,-0.117003,0.017966,0.004784,calib
183.31300,1.600000,8.540000,30.560000,1.017472,3.019363,12.168965,-0.118003,0.018349,0.004818,calib
183.34400,1.620000,8.540000,30.610000,1.011764,3.005871,12.231121,-0.118922,0.018689,0.004855,calib
183.34400,1.710000,8.500000,30.640000,1.006455,2.992081,12.283020,-0.120009,0.019123,0.004890,calib
183.36000,1.700000,8.520000,30.680000,0.993807,2.982857,12.355300,-0.121063,0.019419,0.004717,calib
183.40700,1.770000,8.480000,30.800000,0.984169,2.903429,12.500746,-0.124262,0.021052,0.004820,calib
183.43800,1.840000,8.430000,30.760000,0.991287,2.873465,12.490716,-0.124474,0.021382,0.005035,calib
183.43800,1.930000,8.440000,30.770000,0.991182,2.847722,12.480527,-0.124655,0.021764,0.005035,calib
183.45400,2.000000,8.360000,30.830000,0.961899,2.806152,12.469789,-0.124943,0.021774,0.004927,calib
183.46900,1.930000,8.290000,30.920000,0.925362,2.769075,12.448444,-0.125199,0.021643,0.004599,calib
183.53200,2.320000,7.850000,31.030000,0.836675,2.541529,12.167985,-0.122991,0.021900,0.004358,calib
183.54700,2.400000,7.750000,30.990000,0.826698,2.495908,12.054274,-0.121991,0.022136,0.004410,calib
183.54700,2.460000,7.700000,30.960000,0.809350,2.455125,11.950496,-0.120956,0.022041,0.004249,calib
183.56300,2.460000,7.510000,31.080000,0.771462,2.426984,11.846592,-0.120324,0.021809,0.004091,calib
183.57900,2.390000,7.400000,31.110000,0.718929,2.399513,11.752512,-0.119686,0.021298,0.003613,calib
183.68800,2.750000,6.900000,31.220000,0.626750,2.114938,11.336974,-0.116392,0.021072,0.003091,calib
183.70400,2.690000,6.870000,31.240000,0.612289,2.115491,11.316054,-0.116386,0.020788,0.003081,calib
183.71900,2.820000,6.870000,31.200000,0.626022,2.098610,11.295611,-0.116177,0.020878,0.003287,calib
183.71900,2.940000,6.800000,31.150000,0.646997,2.077208,11.254542,-0.116001,0.021105,0.003379,calib
183.73500,2.970000,6.830000,31.140000,0.660478,2.060009,11.234264,-0.115629,0.021482,0.003583,calib
183.79700,2.930000,6.550000,31.290000,0.571362,1.995289,11.191504,-0.115245,0.021036,0.003129,calib
183.81300,2.970000,6.570000,31.280000,0.570848,1.978780,11.170628,-0.115196,0.020939,0.003013,calib
183.82900,3.130000,6.510000,31.230000,0.583699,1.945416,11.150012,-0.114771,0.021031,0.003109,calib
183.84400,3.260000,6.390000,31.190000,0.596163,1.895227,11.119211,-0.114300,0.021216,0.003417,calib
183.84400,3.410000,6.370000,31.220000,0.608680,1.853427,11.088362,-0.113769,0.021402,0.003616,calib
183.89100,3.360000,6.210000,31.280000,0.585420,1.799568,11.098265,-0.113648,0.021461,0.003512,calib
183.90700,3.360000,6.250000,31.290000,0.592443,1.803419,11.098539,-0.113457,0.021698,0.003618,calib
183.92200,3.470000,6.250000,31.280000,0.606539,1.794702,11.098777,-0.113355,0.021884,0.003726,calib
183.93800,3.560000,6.230000,31.270000,0.627577,1.781716,11.088890,-0.113119,0.022115,0.004044,calib
183.93800,3.690000,6.210000,31.200000,0.641027,1.764790,11.058164,-0.112745,0.022299,0.004244,calib
184.03200,3.760000,5.950000,31.200000,0.620718,1.640809,10.881809,-0.111138,0.022298,0.004158,calib
184.04700,4.210000,5.790000,31.130000,0.647110,1.573855,10.871833,-0.110620,0.022481,0.004690,calib
184.06300,4.290000,5.730000,31.120000,0.658657,1.515645,10.871799,-0.109873,0.022672,0.004792,calib
184.06300,4.300000,5.670000,31.150000,0.643293,1.491054,10.861204,-0.109713,0.022582,0.004786,calib
184.07900,4.190000,5.620000,31.220000,0.607405,1.495957,10.881372,-0.109839,0.022358,0.004578,calib
184.14100,4.610000,5.430000,31.130000,0.644174,1.337646,10.902030,-0.108475,0.022737,0.005009,calib
184.15700,4.720000,5.380000,31.100000,0.656573,1.296191,10.891719,-0.107941,0.022734,0.005216,calib
184.17200,4.730000,5.290000,31.120000,0.626743,1.280344,10.901591,-0.107717,0.022557,0.005108,calib
184.18800,4.500000,5.130000,31.260000,0.583283,1.273349,10.931546,-0.107924,0.022003,0.004582,calib
184.20400,4.320000,5.040000,31.360000,0.518719,1.278906,10.940811,-0.108206,0.021501,0.004047,calib
184.26600,4.450000,5.010000,31.390000,0.532753,1.253370,11.023606,-0.108385,0.021792,0.004085,calib
184.28200,4.340000,4.950000,31.440000,0.504755,1.270922,11.064399,-0.108752,0.021327,0.003888,calib
184.29700,4.330000,4.960000,31.460000,0.498495,1.274936,11.074549,-0.109219,0.021281,0.003682,calib
184.31300,4.440000,5.040000,31.400000,0.512772,1.274292,11.085430,-0.109060,0.021659,0.004009,calib
184.32900,4.660000,5.070000,31.290000,0.562756,1.260672,11.065499,-0.108833,0.022069,0.004324,calib
184.39100,4.300000,4.910000,31.400000,0.490890,1.304504,10.961017,-0.108518,0.021226,0.003734,calib
184.40700,4.210000,4.930000,31.400000,0.456045,1.342871,10.939826,-0.108740,0.020805,0.003401,calib
184.42200,4.270000,4.990000,31.380000,0.462888,1.338648,10.929458,-0.108605,0.020851,0.003289,calib
184.43800,4.480000,4.960000,31.320000,0.497007,1.308763,10.909549,-0.107829,0.021364,0.003813,calib
184.45400,4.720000,4.940000,31.230000,0.537287,1.250100,10.878984,-0.106925,0.021638,0.004225,calib
184.51600,4.480000,4.610000,31.400000,0.391743,1.212093,10.907334,-0.107170,0.020358,0.003156,calib
184.53200,4.590000,4.650000,31.360000,0.419988,1.203048,10.907760,-0.106907,0.020731,0.003263,calib
184.54700,4.750000,4.660000,31.300000,0.454722,1.181644,10.908368,-0.106401,0.021053,0.003691,calib
184.56300,4.860000,4.680000,31.250000,0.489826,1.160214,10.888271,-0.106061,0.021278,0.004111,calib
184.57900,4.850000,4.710000,31.270000,0.489943,1.159870,10.867732,-0.106065,0.021468,0.004104,calib
184.64100,4.860000,4.610000,31.170000,0.480266,1.148509,10.691740,-0.104825,0.021123,0.004017,calib
184.67200,5.030000,4.520000,31.120000,0.492522,1.115327,10.640111,-0.104070,0.021213,0.004098,calib
184.67200,5.000000,4.510000,31.120000,0.477210,1.099126,10.629468,-0.103851,0.021123,0.003983,calib
184.68800,4.880000,4.410000,31.170000,0.440148,1.096436,10.618238,-0.103534,0.020613,0.003542,calib
184.70400,4.790000,4.320000,31.240000,0.404066,1.101222,10.597138,-0.103496,0.020481,0.003316,calib
184.76600,5.000000,4.230000,31.150000,0.379163,1.065187,10.493254,-0.102260,0.020150,0.003259,calib
184.78200,4.920000,4.240000,31.170000,0.372222,1.069455,10.503378,-0.102394,0.020106,0.003049,calib
184.79700,4.770000,4.230000,31.210000,0.344111,1.095008,10.513302,-0.102542,0.019926,0.002730,calib
184.81300,4.670000,4.270000,31.250000,0.330999,1.112180,10.512876,-0.103079,0.019452,0.002518,calib
184.82900,4.620000,4.200000,31.240000,0.338022,1.116030,10.513151,-0.102889,0.019688,0.002624,calib
184.89100,4.820000,4.260000,31.080000,0.371659,1.137089,10.317557,-0.101099,0.019803,0.003063,calib
184.90700,4.710000,4.280000,31.100000,0.336191,1.150356,10.316973,-0.101331,0.019481,0.002740,calib
184.92200,4.640000,4.160000,31.150000,0.328856,1.146732,10.295968,-0.101355,0.019147,0.002623,calib
184.92200,4.760000,4.240000,31.120000,0.349893,1.133747,10.286081,-0.101119,0.019378,0.002941,calib
184.93800,4.930000,4.250000,31.020000,0.391870,1.107821,10.266064,-0.100647,0.019841,0.003254,calib
185.00000,4.790000,4.160000,31.030000,0.375965,1.109165,10.120955,-0.099812,0.019262,0.003183,calib
185.01600,4.690000,4.100000,31.040000,0.368609,1.096879,10.110447,-0.099897,0.019119,0.003180,calib
185.03200,4.810000,4.070000,31.000000,0.374334,1.067692,10.089917,-0.099442,0.019260,0.003383,calib
185.04700,5.060000,4.060000,30.920000,0.414977,1.017193,10.080033,-0.098646,0.019630,0.003697,calib
185.04700,5.230000,4.040000,30.800000,0.448162,0.962435,10.060001,-0.097714,0.020146,0.004221,calib
185.11000,4.940000,3.860000,30.850000,0.345468,0.982683,9.872019,-0.096735,0.018831,0.003265,calib
185.12500,4.920000,3.920000,30.820000,0.339184,1.003588,9.830599,-0.096919,0.018684,0.003141,calib
185.14100,4.910000,3.960000,30.790000,0.353139,1.012105,9.799805,-0.096531,0.018582,0.003339,calib
185.15700,5.160000,3.980000,30.680000,0.366620,0.994907,9.779527,-0.096159,0.018957,0.003544,calib
185.17200,5.240000,3.910000,30.670000,0.372195,0.957375,9.758802,-0.095763,0.019099,0.003533,calib
185.23500,5.110000,3.490000,30.850000,0.239171,0.843614,9.932107,-0.096042,0.018405,0.002850,calib
185.25000,5.260000,3.530000,30.790000,0.246296,0.839437,9.932022,-0.096072,0.018354,0.002743,calib
185.25000,5.480000,3.530000,30.690000,0.309505,0.800643,9.943387,-0.095526,0.018956,0.003392,calib
185.26600,5.660000,3.550000,30.650000,0.344885,0.787448,9.974958,-0.095293,0.019280,0.003728,calib
185.28200,5.660000,3.560000,30.640000,0.330820,0.795894,9.985168,-0.095397,0.019286,0.003625,calib
185.34400,5.390000,3.640000,30.720000,0.306330,0.879322,9.964189,-0.096626,0.018809,0.003195,calib
185.36000,5.480000,3.650000,30.660000,0.341936,0.874374,9.933739,-0.096336,0.019130,0.003397,calib
185.37500,5.490000,3.670000,30.630000,0.356602,0.882365,9.913418,-0.096283,0.019216,0.003604,calib
185.39100,5.390000,3.690000,30.690000,0.335905,0.920405,9.892416,-0.096344,0.018982,0.003271,calib
185.40700,5.140000,3.690000,30.780000,0.295313,0.979295,9.902251,-0.097082,0.018613,0.002848,calib
185.46900,5.310000,4.010000,30.610000,0.443145,1.075412,9.853396,-0.097256,0.019792,0.003804,calib
185.48500,5.320000,3.970000,30.620000,0.450055,1.071416,9.832823,-0.097120,0.019643,0.004009,calib
185.50000,5.260000,3.960000,30.670000,0.427757,1.067711,9.791230,-0.096814,0.019600,0.003880,calib
185.51600,5.090000,3.890000,30.700000,0.398421,1.077281,9.769804,-0.096577,0.019133,0.003436,calib
185.51600,5.090000,3.860000,30.710000,0.362338,1.082067,9.748704,-0.096540,0.019001,0.003210,calib
185.59400,5.390000,3.860000,30.520000,0.429596,0.998413,9.604755,-0.094826,0.019255,0.003892,calib
185.59400,5.380000,3.820000,30.530000,0.421277,0.986335,9.583939,-0.094414,0.019210,0.003878,calib
185.61000,5.270000,3.750000,30.540000,0.399260,0.982675,9.552628,-0.094272,0.019074,0.003755,calib
185.62500,5.230000,3.690000,30.560000,0.377177,0.987750,9.541808,-0.094068,0.018746,0.003531,calib
185.64100,5.190000,3.670000,30.570000,0.369560,0.984081,9.510521,-0.093928,0.018509,0.003409,calib
185.70400,5.510000,3.470000,30.530000,0.379673,0.858962,9.582783,-0.093318,0.018898,0.003760,calib
185.71900,5.530000,3.460000,30.500000,0.378600,0.825771,9.613695,-0.093220,0.018904,0.003880,calib
185.73500,5.530000,3.490000,30.500000,0.385683,0.804268,9.634602,-0.093371,0.019237,0.004000,calib
185.75000,5.560000,3.490000,30.500000,0.392336,0.783337,9.655318,-0.093353,0.019284,0.004116,calib
185.76600,5.620000,3.460000,30.480000,0.413137,0.762078,9.676223,-0.093174,0.019519,0.004233,calib
185.82900,5.660000,3.410000,30.500000,0.413477,0.728369,9.820876,-0.093903,0.019627,0.004409,calib
185.84400,5.740000,3.450000,30.540000,0.435278,0.723249,9.821414,-0.093942,0.020049,0.004626,calib
185.86000,5.900000,3.500000,30.460000,0.470433,0.710208,9.801269,-0.093543,0.020273,0.004939,calib
185.86000,6.070000,3.470000,30.380000,0.491009,0.689104,9.770457,-0.093199,0.020408,0.005032,calib
185.87500,6.080000,3.390000,30.340000,0.490081,0.680850,9.729211,-0.092763,0.020501,0.005119,calib
186.03200,6.000000,3.140000,30.370000,0.363526,0.622401,9.674981,-0.091833,0.019259,0.004112,calib
186.04700,6.150000,3.120000,30.290000,0.377570,0.605293,9.675267,-0.091790,0.019445,0.004328,calib
186.06300,6.330000,3.120000,30.240000,0.405163,0.571421,9.685853,-0.091536,0.019725,0.004440,calib
186.07900,6.330000,3.040000,30.240000,0.397017,0.550797,9.716802,-0.091348,0.019779,0.004558,calib
186.09400,6.300000,2.950000,30.300000,0.360876,0.530574,9.736872,-0.091650,0.019555,0.004354,calib
186.15700,6.090000,3.060000,30.390000,0.349991,0.613846,9.798760,-0.092550,0.019370,0.003955,calib
186.17200,6.200000,3.160000,30.340000,0.379369,0.621601,9.799194,-0.092664,0.019454,0.004173,calib
186.18800,6.120000,3.150000,30.370000,0.372977,0.633916,9.799256,-0.092908,0.019504,0.004175,calib
186.20400,6.030000,3.110000,30.430000,0.345548,0.659216,9.809206,-0.093387,0.019321,0.003859,calib
186.20400,5.780000,3.050000,30.530000,0.303622,0.693532,9.829174,-0.093801,0.018859,0.003438,calib
186.28200,5.840000,3.140000,30.550000,0.292745,0.743060,9.911744,-0.095102,0.018771,0.003161,calib
186.29700,5.770000,3.100000,30.620000,0.242822,0.756137,9.952570,-0.095334,0.018745,0.002855,calib
186.29700,5.660000,3.030000,30.650000,0.199341,0.740480,9.993022,-0.095601,0.018384,0.002442,calib
186.31300,5.630000,2.860000,30.720000,0.163113,0.720329,10.044079,-0.095901,0.018162,0.002249,calib
186.32900,5.730000,2.770000,30.740000,0.140012,0.675049,10.126189,-0.095883,0.018134,0.002068,calib
186.39100,6.240000,1.290000,30.640000,-0.137482,0.200102,10.450593,-0.093878,0.016379,0.000671,calib
186.40700,6.290000,1.090000,30.570000,-0.175356,0.155603,10.491053,-0.093687,0.015969,0.000469,calib
186.42200,6.350000,0.960000,30.550000,-0.213762,0.110741,10.521397,-0.093170,0.015942,0.000261,calib
186.43800,6.430000,0.930000,30.520000,-0.236636,0.082670,10.551771,-0.093031,0.015525,0.000163,calib
186.45400,6.460000,0.920000,30.550000,-0.243577,0.086938,10.561895,-0.093165,0.015480,-0.000047,calib
186.51600,6.140000,1.470000,30.830000,-0.165594,0.354140,10.687859,-0.096422,0.015876,-0.000072,calib
186.53200,6.080000,1.690000,30.880000,-0.111161,0.439486,10.678895,-0.097154,0.016472,0.000256,calib
186.54700,6.020000,2.010000,30.910000,-0.064715,0.521189,10.659349,-0.097580,0.016927,0.000469,calib
186.56300,5.950000,2.090000,30.930000,-0.039692,0.599052,10.639504,-0.098195,0.017246,0.000574,calib
186.56300,5.910000,2.180000,30.980000,-0.014699,0.677187,10.609212,-0.098808,0.017371,0.000675,calib
186.64100,6.200000,2.360000,30.730000,0.171508,0.707104,10.343894,-0.096979,0.018520,0.002385,calib
186.65700,6.220000,2.030000,30.690000,0.101547,0.596777,10.311442,-0.095926,0.018120,0.002037,calib
186.67200,6.250000,1.730000,30.640000,0.022570,0.466941,10.278326,-0.094347,0.017201,0.001467,calib
186.68800,6.360000,1.330000,30.510000,-0.071475,0.320244,10.224719,-0.092555,0.016571,0.001101,calib
186.68800,6.740000,0.600000,30.100000,-0.151335,0.164757,10.140363,-0.090662,0.016124,0.000831,calib
186.75000,7.440000,-1.350000,28.970000,-0.614253,-0.462181,9.747412,-0.080624,0.011773,-0.001925,calib
186.76600,7.530000,-1.480000,28.860000,-0.638336,-0.498552,9.726257,-0.079885,0.011544,-0.001942,calib
186.78200,7.500000,-1.600000,28.790000,-0.669672,-0.530429,9.694497,-0.079113,0.011174,-0.002180,calib
186.79700,7.540000,-1.660000,28.760000,-0.693335,-0.558436,9.652589,-0.078481,0.010847,-0.002313,calib
186.81300,7.540000,-1.680000,28.740000,-0.702655,-0.586653,9.652139,-0.077851,0.010615,-0.002428,calib
186.87500,8.600000,-3.310000,27.040000,-0.830759,-1.128031,9.616614,-0.071382,0.009071,-0.002506,calib
186.89100,8.770000,-3.580000,26.690000,-0.851256,-1.234184,9.646697,-0.069809,0.008611,-0.002403,calib
186.90700,8.860000,-3.780000,26.480000,-0.884825,-1.332372,9.707747,-0.068838,0.008254,-0.002388,calib
186.92200,8.970000,-4.230000,26.110000,-0.924519,-1.401075,9.799584,-0.068154,0.007660,-0.002575,calib
186.92200,8.950000,-4.400000,26.020000,-0.977910,-1.461359,9.880926,-0.067740,0.006975,-0.002872,calib
186.98500,9.890000,-5.560000,24.350000,-0.999337,-1.862530,10.466928,-0.063095,0.005633,-0.002249,calib
187.00000,9.870000,-5.760000,24.270000,-1.044895,-1.910365,10.610330,-0.062924,0.004902,-0.002517,calib
187.01600,9.800000,-5.920000,24.160000,-1.069429,-1.954061,10.764287,-0.062395,0.004214,-0.002678,calib
187.03200,9.890000,-6.030000,23.990000,-1.093897,-2.006491,10.897753,-0.061928,0.003713,-0.002737,calib
187.04700,9.940000,-6.200000,23.790000,-1.104863,-2.067457,11.000445,-0.061029,0.003399,-0.002705,calib
187.09400,10.160000,-7.140000,22.500000,-1.262869,-2.358532,11.614608,-0.055919,-0.000422,-0.003276,calib
187.12500,10.330000,-7.310000,22.100000,-1.260901,-2.435783,11.717369,-0.054475,-0.000837,-0.003035,calib
187.14100,10.490000,-7.360000,21.840000,-1.251459,-2.501090,11.810099,-0.052948,-0.000919,-0.002798,calib
187.15700,10.580000,-7.420000,21.640000,-1.233620,-2.545457,11.871715,-0.051771,-0.001344,-0.002677,calib
187.15700,10.680000,-7.550000,21.400000,-1.244733,-2.580998,11.984761,-0.050528,-0.001754,-0.002647,calib
187.23500,10.880000,-8.000000,20.390000,-1.272524,-2.799188,12.404568,-0.044269,-0.004971,-0.002659,calib
187.25000,10.970000,-8.050000,20.100000,-1.284143,-2.834620,12.455615,-0.042696,-0.005385,-0.002657,calib
187.26600,10.930000,-8.140000,19.970000,-1.323792,-2.852228,12.537007,-0.041488,-0.006457,-0.002858,calib
187.28200,10.790000,-8.320000,19.950000,-1.369048,-2.840993,12.618391,-0.040738,-0.007480,-0.003269,calib
187.28200,10.720000,-8.370000,19.980000,-1.392015,-2.826288,12.669355,-0.040133,-0.008374,-0.003260,calib
187.36000,10.930000,-8.350000,19.770000,-1.296896,-2.815327,12.668502,-0.033950,-0.010537,-0.002903,calib
187.37500,10.800000,-8.360000,19.970000,-1.304156,-2.768128,12.647501,-0.033452,-0.011157,-0.003029,calib
187.39100,10.770000,-8.340000,20.060000,-1.318454,-2.716823,12.595599,-0.032925,-0.011731,-0.003061,calib
187.40700,10.740000,-8.330000,20.150000,-1.318634,-2.665573,12.533438,-0.032236,-0.012311,-0.003097,calib
187.42200,10.740000,-8.260000,20.270000,-1.311705,-2.610544,12.440566,-0.031357,-0.012656,-0.003040,calib
187.48500,10.350000,-7.740000,21.810000,-1.272183,-2.023552,11.833361,-0.032383,-0.014139,-0.002977,calib
187.50000,10.320000,-7.680000,21.990000,-1.232784,-1.928809,11.761970,-0.032717,-0.014021,-0.002788,calib
187.51600,10.380000,-7.570000,22.030000,-1.187497,-1.871823,11.690583,-0.032822,-0.013665,-0.002600,calib
187.53200,10.440000,-7.340000,22.230000,-1.142588,-1.805877,11.618957,-0.032698,-0.013594,-0.002523,calib
187.53200,10.480000,-7.290000,22.340000,-1.104145,-1.744669,11.557938,-0.032937,-0.013284,-0.002222,calib
187.61000,10.140000,-6.640000,23.600000,-0.950284,-1.295296,11.231225,-0.035103,-0.012964,-0.001586,calib
187.62500,10.200000,-6.590000,23.690000,-0.913011,-1.267234,11.200875,-0.035243,-0.012647,-0.001487,calib
187.64100,10.210000,-6.490000,23.680000,-0.890849,-1.238638,11.160027,-0.035047,-0.012420,-0.001398,calib
187.65700,10.200000,-6.490000,23.790000,-0.868271,-1.209335,11.149835,-0.035174,-0.012765,-0.001294,calib
187.67200,10.150000,-6.490000,23.910000,-0.867337,-1.184462,11.149959,-0.035330,-0.012767,-0.001293,calib
187.71900,10.110000,-6.240000,24.270000,-0.805952,-1.085786,11.099430,-0.035804,-0.012704,-0.000987,calib
187.73500,10.050000,-6.190000,24.320000,-0.797945,-1.073481,11.099516,-0.036050,-0.012756,-0.000984,calib
187.75000,9.970000,-6.200000,24.410000,-0.811840,-1.048028,11.099425,-0.036034,-0.012944,-0.000986,calib
187.76600,9.930000,-6.190000,24.480000,-0.810937,-1.022883,11.089100,-0.036188,-0.013137,-0.000990,calib
187.78200,9.890000,-6.160000,24.530000,-0.810885,-1.014493,11.089052,-0.036130,-0.013136,-0.001099,calib
187.84400,10.000000,-5.890000,24.760000,-0.722606,-0.975250,11.007908,-0.036200,-0.012415,-0.000696,calib
187.86000,9.980000,-5.820000,24.800000,-0.728325,-0.929446,10.987315,-0.036374,-0.012463,-0.000812,calib
187.87500,9.870000,-5.820000,24.910000,-0.733931,-0.891642,10.997592,-0.036768,-0.012797,-0.000806,calib
187.87500,9.800000,-5.820000,25.040000,-0.739420,-0.854182,10.987331,-0.037166,-0.012942,-0.000808,calib
187.89100,9.740000,-5.750000,25.110000,-0.723938,-0.829935,10.977387,-0.037329,-0.012663,-0.000809,calib
187.95400,9.890000,-5.560000,25.060000,-0.638746,-0.839804,10.823523,-0.036423,-0.012134,-0.000445,calib
187.98500,9.730000,-5.530000,25.220000,-0.673043,-0.793390,10.792270,-0.036754,-0.012461,-0.000566,calib
187.98500,9.610000,-5.500000,25.410000,-0.699101,-0.718208,10.771698,-0.037216,-0.012649,-0.000574,calib
188.00000,9.530000,-5.460000,25.540000,-0.689724,-0.664982,10.730977,-0.037507,-0.012325,-0.000481,calib
188.01600,9.650000,-5.210000,25.630000,-0.638102,-0.645320,10.700698,-0.037707,-0.012109,-0.000273,calib
188.07900,9.510000,-4.860000,25.980000,-0.559139,-0.490725,10.475712,-0.038624,-0.011118,0.000184,calib
188.09400,9.420000,-4.810000,26.080000,-0.565642,-0.461448,10.455191,-0.038584,-0.011168,0.000281,calib
188.11000,9.420000,-4.740000,26.050000,-0.572178,-0.440860,10.413936,-0.038606,-0.011026,0.000157,calib
188.12500,9.460000,-4.680000,26.010000,-0.536202,-0.445835,10.362781,-0.038482,-0.010805,0.000352,calib
188.12500,9.610000,-4.620000,25.980000,-0.500309,-0.443081,10.291204,-0.038140,-0.010108,0.000431,calib
188.18800,9.260000,-4.050000,26.480000,-0.457355,-0.258453,9.880052,-0.038516,-0.009456,0.000910,calib
188.21900,9.340000,-4.050000,26.410000,-0.444648,-0.283543,9.818118,-0.037870,-0.009272,0.000880,calib
188.21900,9.690000,-4.080000,26.040000,-0.425770,-0.346347,9.766473,-0.037157,-0.008946,0.000856,calib
188.23500,9.800000,-4.110000,25.860000,-0.393560,-0.425733,9.704639,-0.036068,-0.008622,0.001039,calib
188.25000,9.890000,-4.090000,25.760000,-0.381619,-0.492458,9.621732,-0.035548,-0.008535,0.000896,calib
188.31300,9.510000,-3.530000,26.430000,-0.365387,-0.274306,9.396413,-0.036838,-0.007955,0.001350,calib
188.32900,9.470000,-3.400000,26.500000,-0.334536,-0.233657,9.355678,-0.037219,-0.007781,0.001446,calib
188.34400,9.440000,-3.240000,26.590000,-0.296411,-0.188841,9.315052,-0.037572,-0.007659,0.001649,calib
188.36000,9.380000,-3.140000,26.690000,-0.279960,-0.148183,9.274293,-0.037952,-0.007385,0.001745,calib
188.37500,9.240000,-3.070000,26.800000,-0.270953,-0.119739,9.254013,-0.038415,-0.007251,0.001849,calib
188.43800,9.370000,-3.570000,26.400000,-0.366769,-0.340829,9.240921,-0.036811,-0.008254,0.001182,calib
188.45400,9.170000,-3.570000,26.500000,-0.408763,-0.331757,9.230049,-0.037403,-0.008720,0.001073,calib
188.45400,9.050000,-3.500000,26.670000,-0.414651,-0.293998,9.230044,-0.037633,-0.008960,0.001073,calib
188.46900,9.020000,-3.400000,26.750000,-0.391131,-0.257718,9.230634,-0.038043,-0.008540,0.001079,calib
188.48500,9.230000,-3.140000,26.790000,-0.324849,-0.221874,9.221421,-0.038132,-0.008040,0.001402,calib
188.54700,9.050000,-2.400000,27.310000,-0.153573,0.071550,9.184433,-0.040232,-0.006213,0.002380,calib
188.56300,8.930000,-2.430000,27.420000,-0.180259,0.105014,9.225589,-0.040985,-0.006395,0.002295,calib
188.57900,8.860000,-2.520000,27.480000,-0.194161,0.113849,9.266620,-0.041250,-0.006673,0.002205,calib
188.59400,9.070000,-2.500000,27.380000,-0.166523,0.071748,9.318280,-0.041216,-0.006484,0.002122,calib
188.59400,9.220000,-2.600000,27.250000,-0.118448,0.000225,9.370163,-0.040897,-0.006158,0.002253,calib
188.65700,9.320000,-2.390000,27.240000,-0.045627,-0.010072,9.464272,-0.041307,-0.005508,0.002731,calib
188.67200,8.920000,-2.320000,27.660000,-0.070875,0.073709,9.505484,-0.042202,-0.005978,0.002645,calib
188.68800,8.900000,-2.260000,27.760000,-0.081930,0.139765,9.536892,-0.043059,-0.005882,0.002772,calib
188.70400,8.980000,-2.150000,27.750000,-0.051454,0.163822,9.557984,-0.043555,-0.005701,0.002787,calib
188.70400,9.180000,-2.110000,27.660000,-0.001193,0.158437,9.589721,-0.043434,-0.005190,0.003018,calib
188.76600,8.970000,-2.260000,27.800000,-0.027150,0.208788,9.796265,-0.044559,-0.005454,0.003110,calib
188.78200,8.980000,-2.360000,27.810000,-0.070569,0.201549,9.867898,-0.044767,-0.005814,0.002923,calib
188.79700,9.020000,-2.410000,27.770000,-0.079469,0.173294,9.960434,-0.044465,-0.006037,0.002850,calib
188.79700,9.320000,-2.590000,27.580000,-0.088872,0.119596,10.053038,-0.044177,-0.005974,0.002778,calib
188.81300,9.400000,-2.680000,27.500000,-0.076202,0.069757,10.135518,-0.044030,-0.005968,0.002812,calib
188.87500,9.530000,-3.010000,27.350000,-0.162359,-0.089289,10.484533,-0.043305,-0.006611,0.002300,calib
188.89100,9.720000,-3.060000,27.210000,-0.170537,-0.118602,10.494749,-0.043180,-0.006365,0.002197,calib
188.90700,9.710000,-3.160000,27.110000,-0.187634,-0.167469,10.504544,-0.042528,-0.006641,0.002193,calib
188.92200,9.790000,-3.210000,27.030000,-0.211606,-0.220802,10.503973,-0.042072,-0.006774,0.002081,calib
188.93800,9.740000,-3.300000,26.960000,-0.256747,-0.252851,10.503201,-0.041630,-0.007040,0.001859,calib
188.98500,9.190000,-3.440000,27.340000,-0.533237,-0.134472,10.479238,-0.043075,-0.009485,0.000873,calib
189.01600,9.120000,-3.610000,27.350000,-0.605131,-0.124322,10.540114,-0.043322,-0.010123,0.000465,calib
189.01600,9.060000,-3.770000,27.360000,-0.678128,-0.147092,10.621453,-0.043468,-0.010948,0.000172,calib
189.03200,8.990000,-4.180000,27.160000,-0.753192,-0.211534,10.702663,-0.043081,-0.011482,-0.000233,calib
189.04700,9.140000,-4.290000,26.980000,-0.778622,-0.305716,10.773887,-0.042579,-0.011986,-0.000423,calib
189.11000,10.050000,-5.110000,25.600000,-0.898149,-0.878152,11.027644,-0.037480,-0.012501,-0.001117,calib
189.12500,9.770000,-5.570000,25.370000,-0.980913,-0.954382,11.067167,-0.037009,-0.013466,-0.001540,calib
189.14100,9.700000,-5.770000,25.260000,-1.071033,-1.018089,11.096445,-0.036286,-0.014286,-0.001970,calib
189.14100,9.670000,-5.860000,25.170000,-1.146204,-1.073759,11.115685,-0.035673,-0.015113,-0.002189,calib
189.15700,9.710000,-5.940000,25.020000,-1.207849,-1.154856,11.155721,-0.034909,-0.015655,-0.002398,calib
189.21900,9.920000,-7.270000,23.430000,-1.585173,-1.719233,11.662436,-0.028383,-0.021067,-0.003785,calib
189.23500,9.890000,-7.460000,23.180000,-1.616002,-1.751219,11.692674,-0.027941,-0.021433,-0.003994,calib
189.25000,9.990000,-7.650000,22.900000,-1.680466,-1.863697,11.814738,-0.026402,-0.022727,-0.004073,calib
189.26600,10.070000,-7.790000,22.540000,-1.745642,-1.984611,11.916043,-0.024592,-0.023829,-0.004377,calib
189.26600,10.120000,-7.910000,22.300000,-1.810817,-2.096564,12.027634,-0.022719,-0.025315,-0.004464,calib
189.31300,10.170000,-8.580000,21.430000,-2.040356,-2.392733,12.670281,-0.014985,-0.032109,-0.005066,calib
189.32900,10.150000,-8.550000,21.480000,-2.048464,-2.378880,12.731908,-0.014553,-0.032625,-0.005049,calib
189.36000,10.180000,-8.560000,21.570000,-2.048741,-2.327025,12.793528,-0.014021,-0.033479,-0.005034,calib
189.37500,10.120000,-8.510000,21.740000,-2.047424,-2.259213,12.865794,-0.014038,-0.034144,-0.004902,calib
189.37500,10.060000,-8.450000,21.970000,-2.030938,-2.166927,12.907385,-0.014052,-0.034627,-0.004782,calib
189.45400,10.410000,-8.080000,22.160000,-1.807632,-1.980015,12.827310,-0.011449,-0.034856,-0.003874,calib
189.46900,10.440000,-8.140000,22.050000,-1.839897,-2.020146,12.754304,-0.010240,-0.035133,-0.004026,calib
189.48500,10.380000,-8.170000,21.950000,-1.879013,-2.047119,12.670721,-0.009103,-0.035839,-0.004183,calib
189.50000,10.340000,-8.200000,21.960000,-1.917849,-2.074047,12.597420,-0.008131,-0.036640,-0.004335,calib
189.50000,10.260000,-8.250000,21.850000,-1.963778,-2.097070,12.534653,-0.007131,-0.037200,-0.004375,calib
189.57900,10.270000,-8.220000,21.700000,-2.106639,-2.120240,11.973697,-0.000839,-0.040627,-0.004260,calib
189.59400,10.300000,-8.020000,21.990000,-2.061782,-2.062684,11.902120,-0.000774,-0.040557,-0.004075,calib
189.61000,10.380000,-7.840000,22.220000,-1.964819,-1.943876,11.810955,-0.000617,-0.040079,-0.003575,calib
189.62500,10.510000,-7.560000,22.480000,-1.845073,-1.830695,11.709855,-0.001000,-0.039086,-0.003177,calib
189.62500,10.600000,-7.280000,22.770000,-1.731466,-1.680074,11.608916,-0.001451,-0.038044,-0.002780,calib
189.70400,10.300000,-5.910000,24.910000,-1.349589,-0.878460,11.205435,-0.007794,-0.035025,-0.000832,calib
189.71900,10.370000,-5.900000,24.760000,-1.307340,-0.904367,11.164470,-0.007487,-0.034659,-0.000848,calib
189.73500,10.490000,-5.940000,24.620000,-1.288247,-0.958391,11.143596,-0.006877,-0.034614,-0.000967,calib
189.75000,10.500000,-6.010000,24.510000,-1.297501,-0.995342,11.122656,-0.006309,-0.034659,-0.000981,calib
189.76600,10.450000,-6.070000,24.530000,-1.334436,-1.023158,11.121854,-0.006333,-0.035265,-0.001091,calib
189.82900,10.420000,-6.100000,24.610000,-1.403697,-1.038872,11.254176,-0.004939,-0.037181,-0.001277,calib
189.84400,10.350000,-6.150000,24.680000,-1.417762,-1.021465,11.274672,-0.004980,-0.037559,-0.001164,calib
189.86000,10.230000,-6.170000,24.740000,-1.453649,-1.007601,11.305126,-0.005041,-0.038165,-0.001155,calib
189.87500,10.190000,-6.200000,24.810000,-1.474967,-0.985699,11.315017,-0.005049,-0.038683,-0.001262,calib
189.89100,10.120000,-6.220000,24.890000,-1.489032,-0.968293,11.335512,-0.005089,-0.039059,-0.001148,calib
189.93800,10.280000,-6.090000,24.950000,-1.454508,-0.937408,11.428317,-0.004211,-0.039873,-0.001015,calib
189.95400,10.210000,-6.170000,24.930000,-1.461900,-0.941232,11.448747,-0.004236,-0.040011,-0.001115,calib
189.96900,10.170000,-6.190000,24.850000,-1.507307,-0.972320,11.478605,-0.003785,-0.040849,-0.001326,calib
189.98500,10.110000,-6.410000,24.770000,-1.553018,-1.012116,11.508677,-0.003230,-0.041400,-0.001431,calib
189.98500,10.110000,-6.420000,24.700000,-1.584812,-1.068703,11.528344,-0.002629,-0.041957,-0.001645,calib
190.04700,10.220000,-6.340000,24.590000,-1.578577,-1.148823,11.393089,0.000442,-0.042818,-0.001627,calib
190.06300,10.110000,-6.300000,24.730000,-1.598742,-1.119590,11.331136,0.000152,-0.042963,-0.001544,calib
190.07900,9.970000,-6.230000,24.850000,-1.610248,-1.053223,11.259110,-0.000375,-0.043067,-0.001463,calib
190.09400,9.870000,-6.150000,25.100000,-1.615362,-0.999171,11.187021,-0.000658,-0.043220,-0.001384,calib
190.09400,9.880000,-6.090000,25.110000,-1.599587,-0.966450,11.104851,-0.000763,-0.043139,-0.001201,calib
190.15700,9.920000,-5.740000,25.220000,-1.552556,-0.869126,10.652022,-0.000597,-0.042443,-0.000741,calib
190.17200,9.620000,-5.820000,25.430000,-1.587365,-0.830260,10.610179,-0.000815,-0.043248,-0.000761,calib
190.18800,9.630000,-5.840000,25.490000,-1.593618,-0.800666,10.589492,-0.000937,-0.043585,-0.000663,calib
190.20400,9.630000,-5.780000,25.520000,-1.557062,-0.788697,10.589791,-0.001023,-0.043550,-0.000660,calib
190.21900,9.720000,-5.650000,25.560000,-1.484588,-0.781904,10.580369,-0.000985,-0.043099,-0.000445,calib
190.26600,9.890000,-5.230000,25.830000,-1.330291,-0.680282,10.685711,-0.001116,-0.042526,0.000035,calib
190.28200,9.840000,-5.250000,25.890000,-1.351014,-0.658563,10.726614,-0.001455,-0.043042,-0.000056,calib
190.29700,9.770000,-5.320000,25.970000,-1.351250,-0.657875,10.767691,-0.001448,-0.043421,-0.000040,calib
190.29700,9.890000,-5.310000,25.870000,-1.337702,-0.674639,10.777991,-0.001237,-0.043326,-0.000144,calib
190.31300,10.030000,-5.270000,25.790000,-1.295940,-0.700176,10.778269,-0.000760,-0.043051,-0.000146,calib
190.36000,9.830000,-5.100000,25.960000,-1.272557,-0.646449,10.592703,-0.000722,-0.043223,-0.000115,calib
190.37500,9.740000,-5.100000,26.040000,-1.286104,-0.629685,10.582404,-0.000933,-0.043317,-0.000011,calib
190.39100,9.700000,-5.080000,26.070000,-1.286048,-0.629485,10.540969,-0.000932,-0.043512,-0.000028,calib
190.40700,9.780000,-5.070000,26.030000,-1.258035,-0.654993,10.530802,-0.000785,-0.043331,-0.000031,calib
190.40700,9.950000,-5.040000,25.900000,-1.202489,-0.697982,10.500302,-0.000104,-0.042582,-0.000151,calib
190.45400,9.830000,-4.720000,26.180000,-1.119522,-0.587653,10.357472,-0.000172,-0.042106,0.000437,calib
190.46900,9.770000,-4.680000,26.290000,-1.110832,-0.550793,10.357847,-0.000411,-0.041872,0.000440,calib
190.50000,9.820000,-4.560000,26.330000,-1.073625,-0.513997,10.347987,-0.000489,-0.041744,0.000438,calib
190.51600,9.920000,-4.430000,26.330000,-1.021661,-0.494834,10.348887,-0.000857,-0.041239,0.000661,calib
190.51600,9.980000,-4.390000,26.310000,-0.964083,-0.487688,10.349455,-0.000650,-0.040780,0.000555,calib
190.59400,9.900000,-4.150000,26.570000,-0.830462,-0.399454,10.310011,-0.001207,-0.039879,0.000660,calib
190.61000,9.970000,-4.040000,26.570000,-0.822469,-0.379193,10.279471,-0.001233,-0.039647,0.000863,calib
190.62500,9.950000,-3.970000,26.590000,-0.806049,-0.338263,10.228265,-0.001611,-0.039566,0.000953,calib
190.62500,9.890000,-3.950000,26.660000,-0.810670,-0.276364,10.187549,-0.002004,-0.039431,0.001261,calib
190.64100,9.750000,-3.890000,26.740000,-0.821099,-0.193398,10.156964,-0.002909,-0.039628,0.001469,calib
190.70400,9.340000,-3.200000,27.390000,-0.762388,0.142822,9.923027,-0.005692,-0.038359,0.002474,calib
190.71900,9.310000,-3.230000,27.380000,-0.754878,0.146303,9.882059,-0.005670,-0.038032,0.002566,calib
190.73500,9.350000,-3.200000,27.350000,-0.768888,0.154948,9.850835,-0.005773,-0.038222,0.002445,calib
190.75000,9.210000,-3.320000,27.410000,-0.796866,0.171994,9.830064,-0.005981,-0.038407,0.002544,calib
190.76600,9.090000,-3.310000,27.480000,-0.811132,0.172665,9.850414,-0.006139,-0.038783,0.002552,calib
190.81300,9.760000,-3.560000,26.830000,-0.667262,-0.152351,9.849549,-0.002817,-0.038137,0.001892,calib
190.82900,9.890000,-3.550000,26.660000,-0.641542,-0.219377,9.787535,-0.001970,-0.037764,0.001755,calib
190.84400,9.840000,-3.730000,26.480000,-0.657701,-0.260523,9.745782,-0.001597,-0.037856,0.001627,calib
190.86000,9.680000,-3.830000,26.500000,-0.702985,-0.275336,9.713978,-0.000869,-0.038412,0.001495,calib
190.87500,9.580000,-3.950000,26.430000,-0.747639,-0.298794,9.682250,-0.000531,-0.038973,0.001476,calib
190.92200,9.910000,-4.520000,25.760000,-0.845289,-0.451232,9.803459,0.002549,-0.040341,0.000949,calib
190.93800,9.910000,-4.560000,25.720000,-0.869418,-0.478608,9.906037,0.003191,-0.040845,0.000874,calib
190.95400,9.960000,-4.700000,25.630000,-0.894348,-0.539157,10.018578,0.003765,-0.041441,0.000590,calib
190.96900,10.030000,-5.090000,25.330000,-0.891781,-0.624572,10.151747,0.004659,-0.042138,0.000313,calib
190.98500,10.330000,-5.210000,25.050000,-0.862371,-0.743832,10.305681,0.006138,-0.042360,-0.000173,calib
191.03200,10.600000,-6.700000,23.580000,-1.144470,-1.379549,11.419951,0.013330,-0.049451,-0.002608,calib
191.04700,10.490000,-6.870000,23.410000,-1.207020,-1.450509,11.583336,0.014335,-0.050840,-0.002881,calib
191.06300,10.550000,-7.050000,23.260000,-1.249317,-1.550775,11.777687,0.015629,-0.052087,-0.003249,calib
191.07900,10.740000,-7.120000,22.910000,-1.263314,-1.659885,11.931031,0.017186,-0.053155,-0.003526,calib
191.09400,10.970000,-7.110000,22.690000,-1.263110,-1.760931,12.084515,0.018962,-0.054036,-0.003913,calib
191.14100,11.100000,-8.300000,20.700000,-1.521304,-2.445609,12.970454,0.031589,-0.062429,-0.006288,calib
191.15700,11.130000,-8.400000,20.380000,-1.556546,-2.524933,13.072076,0.033356,-0.063736,-0.006485,calib
191.17200,11.170000,-8.540000,20.080000,-1.632422,-2.639281,13.244992,0.036704,-0.065443,-0.006995,calib
191.18800,11.170000,-8.610000,19.810000,-1.698639,-2.716206,13.397492,0.039321,-0.067589,-0.007185,calib
191.20400,11.100000,-8.810000,19.520000,-1.778157,-2.767858,13.580912,0.041623,-0.069923,-0.007362,calib
191.26600,11.270000,-9.090000,18.890000,-1.873771,-2.915300,14.296423,0.052371,-0.078041,-0.007757,calib
191.28200,11.260000,-9.130000,18.800000,-1.867726,-2.918925,14.306568,0.052841,-0.078184,-0.007865,calib
191.29700,11.300000,-9.140000,18.700000,-1.887716,-2.956696,14.398200,0.054733,-0.079497,-0.007961,calib
191.31300,11.310000,-9.180000,18.610000,-1.913128,-2.965741,14.459081,0.056164,-0.080767,-0.007958,calib
191.32900,11.250000,-9.280000,18.630000,-1.937258,-2.958602,14.509877,0.057213,-0.081946,-0.007847,calib
191.39100,11.420000,-9.020000,19.000000,-1.782234,-2.763126,14.324777,0.061372,-0.083924,-0.007223,calib
191.40700,11.360000,-9.020000,19.090000,-1.780241,-2.688143,14.273648,0.061401,-0.084030,-0.006925,calib
191.42200,11.330000,-8.990000,19.210000,-1.763932,-2.630251,14.201857,0.061307,-0.084046,-0.006740,calib
191.43800,11.350000,-8.910000,19.460000,-1.733505,-2.572413,14.119808,0.061376,-0.084067,-0.006559,calib
191.45400,11.430000,-8.840000,19.470000,-1.681857,-2.536432,14.027625,0.061453,-0.083569,-0.006595,calib
191.51600,11.410000,-8.650000,19.770000,-1.561733,-2.365814,13.472679,0.062285,-0.082141,-0.006180,calib
191.53200,11.360000,-8.550000,20.080000,-1.551632,-2.295724,13.370208,0.061946,-0.082113,-0.005683,calib
191.53200,11.320000,-8.550000,20.280000,-1.533924,-2.221991,13.267795,0.061466,-0.081849,-0.005398,calib
191.54700,11.340000,-8.410000,20.410000,-1.501247,-2.140520,13.134561,0.060871,-0.081402,-0.005230,calib
191.56300,11.330000,-8.280000,20.610000,-1.482538,-2.050648,13.011781,0.060173,-0.080949,-0.004843,calib
191.62500,11.170000,-7.840000,21.720000,-1.339010,-1.640258,12.480798,0.056400,-0.078077,-0.003189,calib
191.64100,11.300000,-7.660000,21.780000,-1.287050,-1.604503,12.409346,0.056311,-0.077482,-0.003214,calib
191.64100,11.320000,-7.570000,21.830000,-1.220778,-1.568686,12.368903,0.056221,-0.076984,-0.003226,calib
191.65700,11.400000,-7.480000,21.930000,-1.182023,-1.516666,12.318329,0.055752,-0.076194,-0.003131,calib
191.67200,11.380000,-7.390000,22.100000,-1.142846,-1.447321,12.257288,0.055239,-0.075884,-0.002935,calib
191.71900,11.140000,-6.920000,23.070000,-1.018475,-1.125165,12.034482,0.052019,-0.074305,-0.001593,calib
191.73500,11.200000,-6.880000,23.120000,-1.010719,-1.113178,12.034734,0.051937,-0.074069,-0.001592,calib
191.75000,11.260000,-6.810000,23.090000,-0.967506,-1.114484,12.004340,0.052085,-0.073513,-0.001602,calib
191.76600,11.320000,-6.770000,23.030000,-0.924674,-1.140599,11.963158,0.052061,-0.073147,-0.001935,calib
191.76600,11.350000,-6.790000,22.960000,-0.904195,-1.161658,11.932103,0.052405,-0.073010,-0.002164,calib
191.82900,11.190000,-6.830000,23.010000,-0.962570,-1.210935,11.735307,0.052393,-0.073392,-0.001924,calib
191.84400,11.190000,-6.850000,23.040000,-0.947484,-1.203541,11.683948,0.052275,-0.073021,-0.002049,calib
191.84400,11.250000,-6.700000,23.050000,-0.931700,-1.179754,11.622722,0.052107,-0.072557,-0.001748,calib
191.86000,11.280000,-6.640000,23.140000,-0.929763,-1.155894,11.550807,0.051610,-0.072185,-0.001771,calib
191.87500,11.160000,-6.590000,23.330000,-0.934897,-1.110505,11.489215,0.051266,-0.072146,-0.001579,calib
191.93800,10.960000,-6.060000,24.020000,-0.825811,-0.899242,11.018353,0.047592,-0.069338,-0.000862,calib
191.95400,10.900000,-5.910000,24.190000,-0.808982,-0.867545,10.977835,0.046983,-0.068779,-0.000656,calib
191.96900,10.850000,-5.810000,24.350000,-0.783406,-0.798788,10.896257,0.046136,-0.068181,-0.000464,calib
191.98500,10.820000,-5.770000,24.500000,-0.765244,-0.742516,10.845606,0.045204,-0.067529,-0.000258,calib
192.00000,10.710000,-5.590000,24.680000,-0.747994,-0.702455,10.784334,0.044488,-0.067069,-0.000166,calib
192.06300,10.750000,-5.210000,24.960000,-0.587981,-0.589299,10.560401,0.042441,-0.064624,-0.000007,calib
192.07900,10.680000,-5.190000,25.030000,-0.578943,-0.561127,10.550568,0.041976,-0.064296,0.000102,calib
192.09400,10.670000,-5.180000,25.110000,-0.586068,-0.556950,10.550654,0.042006,-0.064247,0.000209,calib
192.11000,10.670000,-5.200000,25.070000,-0.579912,-0.577538,10.581383,0.042192,-0.064292,0.000005,calib
192.12500,10.740000,-5.250000,24.980000,-0.575003,-0.622772,10.591258,0.042701,-0.064431,-0.000210,calib
192.18800,10.900000,-5.390000,24.650000,-0.586129,-0.853392,10.630222,0.045054,-0.064783,-0.001394,calib
192.20400,11.000000,-5.440000,24.490000,-0.581303,-0.915706,10.619413,0.045443,-0.064732,-0.001722,calib
192.21900,11.010000,-5.490000,24.410000,-0.604824,-0.960948,10.608537,0.045790,-0.064769,-0.001945,calib
192.23500,11.010000,-5.540000,24.340000,-0.628144,-0.989454,10.597807,0.046253,-0.064808,-0.002062,calib
192.25000,10.990000,-5.590000,24.350000,-0.664899,-1.009197,10.607648,0.046286,-0.065224,-0.001954,calib
192.31300,11.020000,-5.690000,24.160000,-0.706977,-1.102754,10.606272,0.047949,-0.065532,-0.002510,calib
192.32900,11.110000,-5.650000,24.110000,-0.699734,-1.107276,10.585647,0.047916,-0.065392,-0.002624,calib
192.34400,11.060000,-5.650000,24.150000,-0.714015,-1.098648,10.575371,0.047978,-0.065486,-0.002416,calib
192.34400,11.000000,-5.650000,24.240000,-0.726962,-1.065447,10.554961,0.047716,-0.065487,-0.002208,calib
192.36000,10.890000,-5.660000,24.320000,-0.761331,-1.027125,10.544539,0.047328,-0.066006,-0.001891,calib
192.40700,10.950000,-5.460000,24.400000,-0.685899,-0.971671,10.432339,0.046712,-0.065187,-0.001710,calib
192.42200,11.030000,-5.430000,24.390000,-0.678907,-0.976509,10.411881,0.046841,-0.064760,-0.001825,calib
192.43800,10.960000,-5.490000,24.410000,-0.678938,-0.976237,10.401433,0.046843,-0.064953,-0.001830,calib
192.45400,10.860000,-5.480000,24.480000,-0.699791,-0.963369,10.380577,0.046605,-0.065188,-0.001838,calib
192.46900,10.760000,-5.540000,24.570000,-0.727619,-0.937977,10.360001,0.046455,-0.065376,-0.001526,calib
192.51600,10.780000,-5.130000,24.880000,-0.633115,-0.792890,10.259441,0.044811,-0.063903,-0.000899,calib
192.53200,10.870000,-5.110000,24.870000,-0.610959,-0.780912,10.259716,0.044727,-0.063767,-0.000897,calib
192.54700,10.790000,-5.110000,24.920000,-0.617803,-0.776689,10.270084,0.044592,-0.063812,-0.000785,calib
192.56300,10.780000,-5.130000,24.970000,-0.624712,-0.763732,10.300942,0.044520,-0.064046,-0.000773,calib
192.56300,10.680000,-5.180000,25.020000,-0.646103,-0.758883,10.321378,0.044392,-0.064374,-0.000658,calib
192.61000,10.900000,-5.070000,24.810000,-0.577738,-0.834756,10.300596,0.045338,-0.063815,-0.001313,calib
192.64100,10.920000,-5.120000,24.760000,-0.570947,-0.847370,10.290277,0.045414,-0.063770,-0.001317,calib
192.64100,10.860000,-5.140000,24.800000,-0.585863,-0.846717,10.321048,0.045586,-0.063952,-0.001308,calib
192.65700,10.800000,-5.180000,24.840000,-0.607567,-0.841642,10.320753,0.045626,-0.064377,-0.001204,calib
192.67200,10.740000,-5.210000,24.910000,-0.636031,-0.824226,10.341226,0.045587,-0.064653,-0.001091,calib
192.71900,10.890000,-5.060000,24.890000,-0.578325,-0.808228,10.403553,0.045694,-0.064474,-0.001279,calib
192.73500,10.840000,-5.140000,24.930000,-0.585450,-0.804050,10.403638,0.045723,-0.064424,-0.001172,calib
192.75000,10.730000,-5.190000,24.960000,-0.607189,-0.790513,10.434281,0.045823,-0.064844,-0.001164,calib
192.76600,10.700000,-5.210000,24.970000,-0.650504,-0.781179,10.465035,0.045895,-0.065114,-0.000941,calib
192.76600,10.650000,-5.300000,25.020000,-0.672325,-0.775759,10.485279,0.045937,-0.065726,-0.000829,calib
192.81300,10.790000,-5.160000,24.940000,-0.644660,-0.801540,10.475034,0.046248,-0.065255,-0.001155,calib
192.82900,10.670000,-5.180000,25.020000,-0.658208,-0.784776,10.464735,0.046036,-0.065349,-0.001051,calib
192.84400,10.560000,-5.180000,25.090000,-0.678548,-0.755398,10.464755,0.045749,-0.065488,-0.000943,calib
192.86000,10.550000,-5.210000,25.140000,-0.699338,-0.734113,10.475080,0.045571,-0.065723,-0.000725,calib
192.87500,10.550000,-5.220000,25.160000,-0.699456,-0.733769,10.495619,0.045575,-0.065911,-0.000718,calib
192.92200,10.630000,-5.510000,24.810000,-0.772302,-0.875704,10.555399,0.047402,-0.066870,-0.001252,calib
192.93800,10.570000,-5.570000,24.830000,-0.808523,-0.870275,10.575620,0.047446,-0.067382,-0.001141,calib
192.95400,10.480000,-5.600000,24.880000,-0.859261,-0.864492,10.616355,0.047495,-0.067983,-0.001023,calib
192.96900,10.420000,-5.660000,24.950000,-0.895481,-0.859064,10.636576,0.047539,-0.068494,-0.000911,calib
192.98500,10.410000,-5.690000,24.930000,-0.911332,-0.883284,10.667224,0.047868,-0.068676,-0.000903,calib
193.04700,10.420000,-6.390000,24.400000,-1.174812,-1.143126,11.125315,0.052051,-0.073771,-0.001429,calib
193.06300,10.360000,-6.570000,24.290000,-1.182968,-1.154815,11.135319,0.052302,-0.074100,-0.001429,calib
193.07900,10.410000,-6.680000,24.110000,-1.247646,-1.266904,11.277679,0.053845,-0.075582,-0.001822,calib
193.09400,10.550000,-6.850000,23.770000,-1.307296,-1.399763,11.409638,0.056232,-0.076727,-0.002442,calib
193.11000,10.770000,-7.160000,23.150000,-1.375337,-1.543623,11.592679,0.058877,-0.078579,-0.003046,calib
193.17200,10.580000,-8.410000,22.050000,-1.882739,-2.062473,12.897632,0.073879,-0.093731,-0.004354,calib
193.18800,10.670000,-8.400000,21.930000,-1.863334,-2.148863,13.102047,0.076751,-0.095516,-0.005056,calib
193.20400,10.790000,-8.400000,21.770000,-1.850460,-2.231256,13.337561,0.079322,-0.097250,-0.005636,calib
193.21900,10.910000,-8.640000,21.490000,-1.855095,-2.336132,13.623853,0.082898,-0.099924,-0.006210,calib
193.23500,10.910000,-8.730000,21.290000,-1.879488,-2.429968,13.848594,0.085889,-0.101884,-0.006801,calib
193.29700,10.910000,-9.360000,20.380000,-2.085156,-2.804687,14.724303,0.100854,-0.113408,-0.008475,calib
193.31300,10.900000,-9.390000,20.340000,-2.090146,-2.826030,14.805848,0.102693,-0.114729,-0.008467,calib
193.32900,10.920000,-9.500000,20.340000,-2.108635,-2.805067,14.928717,0.104501,-0.116330,-0.008337,calib
193.34400,10.850000,-9.530000,20.430000,-2.119768,-2.796626,15.061831,0.106057,-0.118077,-0.008200,calib
193.34400,10.850000,-9.620000,20.460000,-2.115622,-2.780674,15.184855,0.107331,-0.119544,-0.008170,calib
193.40700,11.080000,-9.670000,20.450000,-2.025911,-2.729394,15.615462,0.115469,-0.124521,-0.008423,calib
193.43800,11.060000,-9.710000,20.550000,-2.026768,-2.685522,15.635914,0.116276,-0.125572,-0.008000,calib
193.43800,10.980000,-9.750000,20.620000,-2.019104,-2.621796,15.667042,0.116723,-0.126194,-0.007674,calib
193.45400,11.050000,-9.670000,20.900000,-1.981525,-2.551256,15.647027,0.116882,-0.126259,-0.007471,calib
193.46900,11.110000,-9.530000,21.060000,-1.936554,-2.476892,15.606582,0.117066,-0.126187,-0.007167,calib
193.51600,11.180000,-9.070000,22.200000,-1.708260,-1.980613,15.334212,0.114722,-0.124560,-0.004891,calib
193.54700,11.230000,-9.000000,22.290000,-1.685817,-1.951971,15.303647,0.114753,-0.124429,-0.004796,calib
193.56300,11.260000,-8.960000,22.380000,-1.639935,-1.895167,15.263273,0.114318,-0.124072,-0.004591,calib
193.57900,11.310000,-8.900000,22.490000,-1.595218,-1.854891,15.212444,0.114262,-0.123615,-0.004502,calib
193.57900,11.360000,-8.800000,22.670000,-1.543206,-1.801784,15.151229,0.114295,-0.123402,-0.004418,calib
193.65700,11.210000,-8.580000,23.480000,-1.507469,-1.569082,15.008801,0.114100,-0.123732,-0.002978,calib
193.67200,11.230000,-8.520000,23.660000,-1.491816,-1.518865,14.998841,0.114120,-0.124028,-0.002663,calib
193.68800,11.220000,-8.400000,23.780000,-1.461334,-1.478190,14.978810,0.113905,-0.123756,-0.002560,calib
193.68800,11.320000,-8.350000,23.920000,-1.423727,-1.441693,14.958694,0.113659,-0.123534,-0.002564,calib
193.70400,11.350000,-8.100000,24.160000,-1.393276,-1.400746,14.928215,0.113446,-0.123455,-0.002466,calib
193.76600,11.170000,-7.780000,25.050000,-1.347523,-1.139075,14.827175,0.112133,-0.124219,-0.000892,calib
193.78200,11.190000,-7.670000,25.160000,-1.332523,-1.122648,14.817088,0.112081,-0.124227,-0.000788,calib
193.79700,11.240000,-7.600000,25.280000,-1.324627,-1.093380,14.796590,0.112120,-0.124377,-0.000690,calib
193.81300,11.190000,-7.570000,25.360000,-1.316700,-1.064384,14.786541,0.112156,-0.124333,-0.000588,calib
193.82900,11.200000,-7.470000,25.480000,-1.308605,-1.043190,14.765926,0.111974,-0.124771,-0.000381,calib
193.89100,11.110000,-7.210000,26.030000,-1.302430,-0.960718,14.806883,0.113217,-0.126348,0.000043,calib
193.90700,11.110000,-7.160000,26.100000,-1.309733,-0.955652,14.806612,0.113254,-0.126870,0.000148,calib
193.92200,11.090000,-7.190000,26.180000,-1.324531,-0.946383,14.827130,0.113488,-0.127246,0.000366,calib
193.93800,11.030000,-7.180000,26.220000,-1.339360,-0.936841,14.837201,0.113723,-0.127815,0.000579,calib
193.93800,11.020000,-7.140000,26.290000,-1.347980,-0.939497,14.877952,0.114204,-0.128426,0.000481,calib
194.00000,11.160000,-7.080000,26.270000,-1.378931,-1.037816,14.957933,0.116996,-0.130446,-0.000274,calib
194.01600,11.000000,-7.140000,26.400000,-1.422952,-1.027185,14.947114,0.117408,-0.131486,0.000248,calib
194.03200,10.950000,-7.060000,26.530000,-1.466578,-1.008662,14.967423,0.117710,-0.132236,0.000677,calib
194.04700,10.890000,-7.100000,26.590000,-1.481473,-0.990386,14.997984,0.118008,-0.132991,0.000789,calib
194.04700,10.880000,-7.000000,26.680000,-1.482419,-0.989173,15.028588,0.118349,-0.133560,0.000796,calib
194.11000,11.020000,-6.610000,26.860000,-1.478891,-0.956149,15.069029,0.120237,-0.135130,0.000892,calib
194.12500,10.930000,-6.610000,26.930000,-1.500593,-0.942113,15.079019,0.120340,-0.135936,0.001213,calib
194.14100,10.850000,-6.490000,27.050000,-1.508748,-0.944840,15.099310,0.120655,-0.136649,0.001430,calib
194.14100,10.870000,-6.400000,27.080000,-1.502651,-0.931114,15.119692,0.121248,-0.137173,0.001430,calib
194.15700,10.930000,-6.300000,27.090000,-1.489450,-0.939189,15.140199,0.121686,-0.137172,0.001219,calib
194.20400,10.780000,-5.490000,27.520000,-1.414188,-0.788215,15.120379,0.121911,-0.138353,0.001848,calib
194.21900,10.800000,-5.350000,27.580000,-1.406914,-0.784047,15.120488,0.121939,-0.138404,0.001955,calib
194.23500,10.820000,-5.190000,27.640000,-1.377150,-0.759466,15.131106,0.121778,-0.138415,0.001962,calib
194.25000,10.860000,-5.050000,27.660000,-1.348647,-0.742406,15.141312,0.122060,-0.138708,0.001748,calib
194.26600,10.880000,-4.900000,27.670000,-1.305596,-0.725971,15.141451,0.122336,-0.138721,0.001532,calib
194.29700,10.850000,-4.230000,27.710000,-1.239629,-0.679988,15.100245,0.122320,-0.139370,0.001408,calib
194.31300,10.800000,-4.210000,27.770000,-1.246785,-0.675539,15.089883,0.122352,-0.139512,0.001510,calib
194.32900,10.810000,-4.080000,27.760000,-1.232246,-0.667230,15.058871,0.122408,-0.139616,0.001389,calib
194.34400,10.840000,-4.020000,27.720000,-1.210173,-0.663370,15.048748,0.122267,-0.139674,0.001495,calib
194.36000,10.780000,-3.890000,27.750000,-1.195205,-0.655632,15.017927,0.122153,-0.139490,0.001378,calib
194.42200,10.660000,-3.240000,27.830000,-1.157750,-0.509904,14.803496,0.120352,-0.138298,0.002278,calib
194.43800,10.630000,-3.160000,27.880000,-1.163075,-0.481224,14.772988,0.119892,-0.138257,0.002699,calib
194.43800,10.550000,-3.050000,27.900000,-1.146973,-0.456686,14.742174,0.119400,-0.138364,0.002692,calib
194.45400,10.530000,-2.880000,27.910000,-1.124648,-0.436661,14.721862,0.119371,-0.138038,0.002578,calib
194.46900,10.570000,-2.750000,27.880000,-1.094850,-0.429503,14.691256,0.119086,-0.137670,0.002464,calib
194.53200,10.300000,-2.180000,28.030000,-1.039885,-0.252332,14.436332,0.116344,-0.135919,0.003575,calib
194.56300,10.350000,-2.050000,27.990000,-1.016392,-0.232931,14.374803,0.115814,-0.135506,0.003451,calib
194.56300,10.360000,-1.930000,27.980000,-0.971478,-0.218651,14.303287,0.115409,-0.134572,0.003216,calib
194.57900,10.380000,-1.820000,27.990000,-0.940281,-0.195653,14.242058,0.114737,-0.133924,0.003202,calib
194.59400,10.400000,-1.740000,27.980000,-0.915809,-0.168776,14.170659,0.113927,-0.133130,0.003292,calib
194.65700,10.200000,-1.260000,28.120000,-0.844670,-0.011620,13.854518,0.110376,-0.129768,0.003965,calib
194.67200,10.220000,-1.020000,28.120000,-0.812956,0.010736,13.762494,0.109533,-0.128835,0.003941,calib
194.68800,10.200000,-0.920000,28.170000,-0.780329,0.049302,13.681091,0.108473,-0.127713,0.004031,calib
194.70400,10.120000,-0.700000,28.250000,-0.746389,0.112741,13.610336,0.107091,-0.126689,0.004450,calib
194.71900,10.020000,-0.570000,28.340000,-0.719553,0.189021,13.529170,0.105801,-0.125808,0.004863,calib
194.78200,9.300000,1.350000,28.990000,-0.348594,0.830068,12.902996,0.093850,-0.116279,0.007883,calib
194.79700,9.170000,1.600000,29.050000,-0.331800,0.870227,12.893416,0.093302,-0.115716,0.007994,calib
194.81300,9.080000,1.850000,29.150000,-0.266614,0.991168,12.823341,0.091493,-0.114612,0.008632,calib
194.81300,8.870000,2.210000,29.270000,-0.192359,1.140009,12.753882,0.089217,-0.112989,0.009385,calib
194.82900,8.720000,2.540000,29.370000,-0.167922,1.184309,12.723706,0.088531,-0.112575,0.009596,calib
194.89100,8.130000,4.360000,29.400000,0.287713,1.734043,12.322391,0.079081,-0.104897,0.011178,calib
194.90700,8.010000,4.620000,29.320000,0.373172,1.825379,12.262500,0.077558,-0.103460,0.011391,calib
194.92200,7.830000,5.150000,29.270000,0.458399,1.900252,12.192016,0.075920,-0.102214,0.011494,calib
194.92200,7.730000,5.400000,29.170000,0.514182,1.966934,12.090521,0.074556,-0.100770,0.011688,calib
194.93800,7.600000,5.600000,29.180000,0.577403,2.038174,12.019955,0.073061,-0.099662,0.012003,calib
195.00000,6.670000,6.790000,28.970000,0.773232,2.399384,11.573675,0.064638,-0.094424,0.013971,calib
195.01600,6.480000,6.850000,28.970000,0.786750,2.484083,11.492541,0.062913,-0.093733,0.014602,calib
195.01600,6.300000,7.030000,28.930000,0.771537,2.569028,11.401156,0.061192,-0.093034,0.015549,calib
195.03200,5.790000,7.240000,28.960000,0.741257,2.646279,11.340347,0.059586,-0.092517,0.016291,calib
195.04700,5.520000,7.420000,29.020000,0.704073,2.728298,11.269011,0.057850,-0.092429,0.017136,calib
195.11000,3.200000,7.790000,29.430000,0.244616,3.216661,11.209192,0.048942,-0.097431,0.024135,calib
195.12500,2.800000,7.910000,29.450000,0.179964,3.342500,11.209941,0.046860,-0.098672,0.025757,calib
195.14100,1.910000,8.200000,29.390000,0.101077,3.468738,11.241488,0.044618,-0.100097,0.027393,calib
195.15700,1.630000,8.280000,29.400000,0.033088,3.545916,11.334489,0.043355,-0.101608,0.028722,calib
195.17200,1.420000,8.350000,29.480000,-0.037559,3.573619,11.395744,0.042737,-0.103114,0.029389,calib
195.23500,0.190000,8.150000,29.990000,-0.491078,3.646747,11.885982,0.041520,-0.112256,0.032875,calib
195.25000,0.030000,8.190000,30.010000,-0.498070,3.651586,11.906441,0.041391,-0.112683,0.032991,calib
195.26600,-0.100000,8.210000,30.000000,-0.526820,3.670261,11.978325,0.041364,-0.113721,0.033444,calib
195.26600,-0.190000,8.230000,30.010000,-0.548195,3.676115,12.039672,0.041081,-0.114713,0.033575,calib
195.28200,-0.270000,8.280000,30.000000,-0.563213,3.678116,12.131894,0.041102,-0.115750,0.033609,calib
195.32900,-1.060000,8.090000,30.260000,-0.815046,3.652609,12.622195,0.042305,-0.123169,0.034940,calib
195.34400,-1.120000,8.060000,30.310000,-0.829712,3.653579,12.652801,0.042316,-0.123638,0.034950,calib
195.36000,-1.170000,8.050000,30.370000,-0.881587,3.643865,12.755224,0.042590,-0.124807,0.035304,calib
195.37500,-1.310000,8.060000,30.380000,-0.925767,3.646684,12.837003,0.042785,-0.126122,0.035651,calib
195.39100,-1.440000,7.990000,30.390000,-0.969496,3.657594,12.908478,0.042872,-0.127344,0.035887,calib
195.43800,-1.800000,8.020000,30.400000,-1.041930,3.672065,13.113218,0.042500,-0.130746,0.036819,calib
195.46900,-1.860000,8.040000,30.380000,-1.063920,3.669437,13.154049,0.042487,-0.131549,0.037047,calib
195.46900,-2.130000,7.960000,30.440000,-1.100258,3.675210,13.194808,0.042534,-0.132250,0.037166,calib
195.48500,-2.230000,7.900000,30.440000,-1.150278,3.681238,13.214917,0.042255,-0.133238,0.037601,calib
195.50000,-2.340000,7.850000,30.460000,-1.193660,3.683459,13.276184,0.042114,-0.134366,0.037944,calib
195.54700,-2.820000,7.710000,30.490000,-1.322113,3.705475,13.346848,0.041301,-0.137288,0.039039,calib
195.56300,-2.910000,7.740000,30.480000,-1.336230,3.714491,13.367393,0.041202,-0.137666,0.039261,calib
195.57900,-2.950000,7.730000,30.470000,-1.357800,3.720228,13.387471,0.041082,-0.138565,0.039374,calib
195.59400,-3.080000,7.660000,30.500000,-1.386234,3.721524,13.428414,0.040767,-0.139319,0.039713,calib
195.59400,-3.100000,7.650000,30.490000,-1.400899,3.722494,13.459020,0.040778,-0.139789,0.039723,calib
195.65700,-3.430000,7.560000,30.460000,-1.484890,3.741737,13.458187,0.039604,-0.141490,0.040477,calib
195.67200,-3.570000,7.550000,30.450000,-1.533880,3.763631,13.468377,0.039104,-0.142099,0.041019,calib
195.68800,-3.730000,7.470000,30.430000,-1.575262,3.798130,13.488910,0.038527,-0.142854,0.041565,calib
195.68800,-3.850000,7.480000,30.370000,-1.610283,3.811624,13.488647,0.038131,-0.143467,0.041887,calib
195.70400,-3.990000,7.450000,30.370000,-1.624580,3.812567,13.498549,0.037976,-0.144035,0.041890,calib
195.76600,-4.250000,7.340000,30.430000,-1.708988,3.806294,13.466798,0.036788,-0.145452,0.042635,calib
195.78200,-4.390000,7.320000,30.390000,-1.736387,3.815268,13.456436,0.036194,-0.146022,0.043171,calib
195.78200,-4.440000,7.310000,30.350000,-1.741979,3.835947,13.446271,0.035679,-0.146169,0.043386,calib
195.79700,-4.460000,7.300000,30.350000,-1.740498,3.844058,13.436070,0.035075,-0.146365,0.043603,calib
195.81300,-4.420000,7.340000,30.350000,-1.732025,3.847330,13.405410,0.034599,-0.146135,0.043704,calib
195.86000,-4.500000,7.160000,30.610000,-1.792779,3.750695,13.413650,0.034595,-0.147829,0.043382,calib
195.87500,-4.540000,7.150000,30.620000,-1.800535,3.738707,13.413398,0.034678,-0.148064,0.043380,calib
195.89100,-4.560000,7.140000,30.620000,-1.800337,3.721673,13.402995,0.034392,-0.147970,0.043273,calib
195.90700,-4.570000,7.130000,30.630000,-1.785169,3.721338,13.372058,0.034057,-0.148074,0.043265,calib
195.92200,-4.590000,7.170000,30.610000,-1.776762,3.733344,13.361888,0.033644,-0.148032,0.043266,calib
195.96900,-4.830000,7.030000,30.670000,-1.833218,3.702314,13.339855,0.032446,-0.149739,0.043371,calib
195.98500,-4.860000,6.960000,30.720000,-1.834182,3.677713,13.329284,0.032604,-0.149929,0.043366,calib
196.00000,-4.830000,6.980000,30.740000,-1.842487,3.657679,13.339094,0.032796,-0.150258,0.043152,calib
196.01600,-4.840000,6.970000,30.770000,-1.835444,3.645383,13.328609,0.032710,-0.150500,0.043149,calib
196.01600,-4.860000,6.930000,30.780000,-1.842801,3.633097,13.318100,0.032624,-0.150642,0.043146,calib
196.06300,-5.050000,6.860000,30.850000,-1.864322,3.597606,13.337603,0.031887,-0.152115,0.043159,calib
196.07900,-5.020000,6.840000,30.900000,-1.857479,3.593383,13.327235,0.032021,-0.152069,0.043046,calib
196.09400,-4.900000,6.900000,30.940000,-1.837288,3.555660,13.327021,0.032250,-0.151929,0.042724,calib
196.11000,-4.880000,6.810000,30.980000,-1.823803,3.530478,13.306138,0.032402,-0.151837,0.042394,calib
196.12500,-4.900000,6.800000,31.010000,-1.832077,3.510172,13.326396,0.032592,-0.151973,0.042185,calib
196.15700,-4.970000,6.730000,31.060000,-1.822704,3.488971,13.284885,0.031286,-0.152510,0.042291,calib
196.17200,-4.920000,6.750000,31.070000,-1.808735,3.480571,13.274431,0.031390,-0.152514,0.042072,calib
196.18800,-4.860000,6.740000,31.130000,-1.780702,3.454763,13.243482,0.031535,-0.152141,0.041740,calib
196.20400,-4.800000,6.750000,31.160000,-1.767186,3.429310,13.233047,0.031685,-0.151858,0.041414,calib
196.21900,-4.770000,6.710000,31.180000,-1.760456,3.408279,13.191547,0.031700,-0.151814,0.041184,calib
196.26600,-4.920000,6.660000,31.170000,-1.758156,3.399647,13.150073,0.030483,-0.152302,0.041288,calib
196.29700,-4.820000,6.680000,31.220000,-1.744157,3.390974,13.150067,0.030586,-0.152113,0.041074,calib
196.31300,-4.790000,6.670000,31.280000,-1.737396,3.378633,13.129300,0.030663,-0.152260,0.041065,calib
196.31300,-4.840000,6.640000,31.270000,-1.758819,3.374792,13.129001,0.030474,-0.152396,0.040958,calib
196.32900,-4.920000,6.570000,31.290000,-1.779775,3.370880,13.108242,0.030119,-0.152633,0.041167,calib
196.39100,-4.930000,6.600000,31.330000,-1.756753,3.375808,13.138890,0.029328,-0.153644,0.041294,calib
196.40700,-4.910000,6.610000,31.360000,-1.756785,3.367119,13.118157,0.029266,-0.153453,0.041073,calib
196.40700,-4.870000,6.550000,31.400000,-1.756985,3.359345,13.128296,0.029212,-0.153835,0.041184,calib
196.42200,-4.950000,6.460000,31.410000,-1.771133,3.359672,13.128107,0.029052,-0.154023,0.041185,calib
196.43800,-5.020000,6.450000,31.430000,-1.792555,3.364792,13.138094,0.028926,-0.154541,0.041295,calib
196.48500,-4.940000,6.460000,31.480000,-1.754617,3.360107,13.127685,0.027898,-0.154989,0.041196,calib
196.50000,-4.940000,6.470000,31.510000,-1.754617,3.360107,13.127685,0.027898,-0.154989,0.041196,calib
196.50000,-5.020000,6.440000,31.500000,-1.754366,3.360425,13.127519,0.027736,-0.155275,0.041197,calib
196.51600,-5.080000,6.370000,31.490000,-1.775388,3.365247,13.127250,0.027443,-0.155700,0.041306,calib
196.53200,-5.110000,6.370000,31.500000,-1.789136,3.374237,13.127091,0.027178,-0.156175,0.041521,calib
196.57900,-5.190000,6.270000,31.610000,-1.797405,3.339061,13.167052,0.026937,-0.157648,0.041215,calib
196.59400,-5.170000,6.240000,31.650000,-1.818827,3.335220,13.166754,0.026748,-0.157784,0.041108,calib
196.61000,-5.230000,6.190000,31.630000,-1.832575,3.344210,13.166594,0.026483,-0.158260,0.041323,calib
196.62500,-5.270000,6.160000,31.610000,-1.868114,3.349385,13.186840,0.026195,-0.158773,0.041439,calib
196.64100,-5.390000,6.080000,31.650000,-1.904105,3.346469,13.217392,0.026016,-0.159381,0.041664,calib
196.68800,-5.400000,5.750000,31.900000,-1.996537,3.219223,13.327500,0.026632,-0.162099,0.040835,calib
196.70400,-5.480000,5.730000,31.890000,-2.003894,3.206937,13.316991,0.026547,-0.162241,0.040832,calib
196.71900,-5.490000,5.660000,31.920000,-2.025465,3.203712,13.326784,0.026363,-0.162759,0.040728,calib
196.73500,-5.520000,5.690000,31.900000,-2.032391,3.199816,13.326752,0.026172,-0.162997,0.040944,calib
196.73500,-5.460000,5.680000,31.930000,-2.024866,3.195340,13.316410,0.025974,-0.162953,0.040835,calib
196.81300,-5.500000,5.680000,31.960000,-2.007746,3.195062,13.254207,0.024649,-0.163638,0.040825,calib
196.82900,-5.550000,5.610000,32.000000,-2.007946,3.187287,13.264346,0.024595,-0.164020,0.040936,calib
196.82900,-5.590000,5.620000,32.020000,-1.993665,3.178660,13.274622,0.024533,-0.163928,0.040728,calib
196.84400,-5.580000,5.600000,32.030000,-1.979067,3.161616,13.264243,0.024247,-0.163932,0.040621,calib
196.86000,-5.530000,5.650000,32.080000,-1.957512,3.157157,13.274629,0.024213,-0.163890,0.040520,calib
196.90700,-5.650000,5.420000,32.120000,-1.999568,3.141965,13.242597,0.023287,-0.165028,0.040406,calib
196.92200,-5.690000,5.420000,32.120000,-2.006442,3.146460,13.242518,0.023155,-0.165266,0.040513,calib
196.93800,-5.740000,5.400000,32.130000,-1.998687,3.133638,13.242506,0.022734,-0.165318,0.040519,calib
196.95400,-5.630000,5.400000,32.140000,-1.984037,3.124985,13.232078,0.022506,-0.165323,0.040304,calib
196.95400,-5.630000,5.390000,32.170000,-1.970351,3.116539,13.211343,0.022775,-0.165232,0.040079,calib
197.03200,-5.730000,5.240000,32.230000,-1.997183,3.092811,13.220678,0.021294,-0.166565,0.040096,calib
197.04700,-5.720000,5.210000,32.220000,-1.989710,3.079944,13.210384,0.021037,-0.166520,0.040096,calib
197.06300,-5.660000,5.280000,32.270000,-1.975742,3.071544,13.199931,0.021142,-0.166524,0.039877,calib
197.06300,-5.600000,5.230000,32.270000,-1.954418,3.050621,13.199722,0.020993,-0.166674,0.039666,calib
197.07900,-5.610000,5.200000,32.280000,-1.954168,3.041977,13.189271,0.020767,-0.166578,0.039450,calib
197.14100,-5.620000,5.050000,32.330000,-1.968958,2.994624,13.218341,0.019947,-0.168480,0.038823,calib
197.17200,-5.500000,5.050000,32.360000,-1.954360,2.977580,13.207962,0.019660,-0.168485,0.038716,calib
197.17200,-5.510000,5.020000,32.370000,-1.947265,2.973674,13.197428,0.019632,-0.168728,0.038605,calib
197.18800,-5.530000,5.000000,32.330000,-1.960681,2.982138,13.197216,0.019198,-0.168915,0.038501,calib
197.20400,-5.560000,4.980000,32.340000,-1.974547,2.982511,13.207309,0.018873,-0.169198,0.038507,calib
197.25000,-5.330000,4.930000,32.440000,-1.897706,2.870438,13.216090,0.018412,-0.170121,0.037234,calib
197.28200,-5.270000,4.850000,32.500000,-1.891265,2.832744,13.205430,0.018312,-0.170073,0.036911,calib
197.28200,-5.320000,4.830000,32.510000,-1.912770,2.820784,13.194732,0.018066,-0.170402,0.036908,calib
197.29700,-5.400000,4.740000,32.480000,-1.940697,2.821412,13.173650,0.017578,-0.170874,0.036902,calib
197.31300,-5.490000,4.710000,32.440000,-1.960407,2.842146,13.173744,0.016900,-0.171015,0.037123,calib
197.37500,-5.280000,4.760000,32.440000,-1.892705,2.811121,13.111732,0.015187,-0.171190,0.036693,calib
197.39100,-5.350000,4.660000,32.460000,-1.921484,2.794994,13.100926,0.014912,-0.171468,0.036583,calib
197.39100,-5.420000,4.560000,32.440000,-1.957537,2.783660,13.100296,0.014673,-0.172078,0.036582,calib
197.40700,-5.460000,4.510000,32.430000,-1.972295,2.776484,13.089272,0.014626,-0.172741,0.036361,calib
197.42200,-5.470000,4.510000,32.440000,-1.979919,2.756196,13.099108,0.014486,-0.173071,0.036152,calib
197.46900,-5.290000,4.540000,32.510000,-1.949454,2.704495,13.026486,0.013127,-0.172897,0.035498,calib
197.48500,-5.370000,4.520000,32.490000,-1.962834,2.704497,12.995336,0.012632,-0.173088,0.035490,calib
197.50000,-5.340000,4.500000,32.470000,-1.976214,2.704499,12.964186,0.012138,-0.173281,0.035482,calib
197.51600,-5.380000,4.480000,32.470000,-1.968623,2.691288,12.933354,0.011878,-0.173047,0.035474,calib
197.53200,-5.190000,4.520000,32.520000,-1.939026,2.681710,12.902602,0.011475,-0.172677,0.035255,calib
197.57900,-3.940000,5.030000,32.750000,-1.416668,2.575629,12.393796,0.010798,-0.162667,0.033294,calib
197.59400,-3.700000,5.220000,32.770000,-1.336805,2.559362,12.333088,0.010668,-0.160931,0.032959,calib
197.61000,-3.130000,5.470000,32.780000,-1.156000,2.531167,12.180792,0.010768,-0.157609,0.032380,calib
197.62500,-2.600000,5.690000,32.780000,-0.954292,2.489534,12.039018,0.011100,-0.153669,0.031484,calib
197.62500,-2.050000,5.880000,32.760000,-0.746541,2.410504,11.896840,0.011500,-0.149777,0.030266,calib
197.68800,2.140000,6.260000,32.260000,0.154218,1.811412,11.263505,0.017714,-0.132471,0.021902,calib
197.70400,2.730000,6.400000,32.050000,0.330331,1.709929,11.151134,0.018955,-0.129516,0.020362,calib
197.71900,3.400000,6.470000,31.800000,0.484734,1.612749,11.069569,0.020229,-0.126405,0.018617,calib
197.73500,4.260000,6.570000,31.460000,0.631695,1.512316,11.018767,0.021483,-0.123814,0.017099,calib
197.75000,4.850000,6.590000,31.240000,0.749428,1.421434,10.978013,0.022975,-0.121692,0.015793,calib
197.79700,9.070000,6.110000,29.000000,1.172166,0.868276,11.037922,0.031594,-0.115000,0.008159,calib
197.81300,9.590000,6.050000,28.590000,1.260020,0.771287,11.068441,0.033216,-0.113911,0.006661,calib
197.82900,10.080000,5.960000,28.170000,1.333193,0.683223,11.098941,0.035068,-0.113008,0.005374,calib
197.84400,10.610000,5.940000,27.720000,1.414752,0.598504,11.129766,0.036445,-0.111871,0.004201,calib
197.86000,11.540000,5.800000,26.700000,1.489637,0.526053,11.150373,0.037744,-0.110591,0.003024,calib
197.92200,13.590000,5.530000,23.920000,1.897791,0.270154,11.182998,0.043489,-0.103742,-0.001702,calib
197.93800,13.790000,5.470000,23.590000,1.925235,0.243784,11.183366,0.043960,-0.102791,-0.002024,calib
197.95400,13.950000,5.380000,23.300000,1.959374,0.213807,11.183457,0.044570,-0.102175,-0.002456,calib
197.96900,14.080000,5.360000,23.100000,1.978996,0.184184,11.204064,0.045186,-0.101649,-0.002880,calib
197.98500,14.260000,5.300000,22.940000,1.990826,0.151035,11.255357,0.045945,-0.101355,-0.003402,calib
198.03200,15.080000,5.050000,21.560000,2.181671,0.024323,11.451232,0.049497,-0.099362,-0.005920,calib
198.04700,15.120000,5.030000,21.370000,2.188145,0.020126,11.461569,0.049797,-0.099219,-0.006026,calib
198.06300,15.220000,5.040000,21.210000,2.209168,0.015305,11.461838,0.050090,-0.098793,-0.006134,calib
198.07900,15.260000,5.010000,21.130000,2.208281,0.007012,11.503052,0.050363,-0.098595,-0.006334,calib
198.09400,15.330000,4.940000,21.100000,2.206630,-0.009145,11.533840,0.050912,-0.098588,-0.006435,calib
198.14100,16.030000,4.430000,19.750000,2.268683,-0.303557,11.706679,0.055288,-0.097259,-0.009511,calib
198.17200,16.110000,4.340000,19.740000,2.236239,-0.350994,11.787836,0.056120,-0.098092,-0.010134,calib
198.18800,16.130000,4.240000,19.740000,2.203611,-0.398522,11.858955,0.057117,-0.098832,-0.010441,calib
198.18800,16.200000,4.210000,19.710000,2.193368,-0.451377,11.930393,0.057742,-0.099150,-0.010848,calib
198.20400,16.340000,4.090000,19.330000,2.210959,-0.513006,11.981285,0.058797,-0.099189,-0.011481,calib
198.28200,16.610000,3.860000,18.880000,2.163350,-0.611122,12.298916,0.062423,-0.100410,-0.012470,calib
198.29700,16.670000,3.780000,18.590000,2.174816,-0.652434,12.329527,0.063289,-0.100213,-0.012895,calib
198.31300,16.720000,3.720000,18.390000,2.215050,-0.702455,12.339451,0.064090,-0.100026,-0.013539,calib
198.31300,16.830000,3.730000,18.190000,2.255894,-0.744974,12.360210,0.064778,-0.099363,-0.013963,calib
198.32900,16.860000,3.710000,18.010000,2.268012,-0.761458,12.380662,0.065652,-0.099072,-0.014392,calib
198.39100,17.000000,3.670000,17.560000,2.349066,-0.820700,12.473776,0.067541,-0.097930,-0.015225,calib
198.40700,17.020000,3.660000,17.400000,2.383656,-0.842585,12.463562,0.068042,-0.097222,-0.015767,calib
198.42200,17.110000,3.620000,17.330000,2.396953,-0.859667,12.474027,0.068416,-0.096839,-0.015872,calib
198.43800,17.110000,3.580000,17.370000,2.374449,-0.862956,12.483960,0.068727,-0.097069,-0.015981,calib
198.45400,17.120000,3.620000,17.480000,2.316736,-0.844650,12.524976,0.068865,-0.097620,-0.015542,calib
198.53200,17.230000,3.580000,17.300000,2.343260,-0.837080,12.608045,0.070071,-0.096563,-0.015948,calib
198.54700,17.240000,3.560000,17.300000,2.320587,-0.848416,12.638565,0.070326,-0.096981,-0.015941,calib
198.56300,17.260000,3.470000,17.470000,2.290841,-0.847183,12.669122,0.070671,-0.097349,-0.015935,calib
198.56300,17.300000,3.430000,17.540000,2.253339,-0.857938,12.699427,0.071098,-0.097953,-0.015931,calib
198.57900,17.290000,3.450000,17.500000,2.252205,-0.874738,12.699420,0.071475,-0.097665,-0.016041,calib
198.65700,17.320000,3.400000,17.820000,2.094663,-0.795919,12.791986,0.071721,-0.098853,-0.014734,calib
198.67200,17.350000,3.390000,17.870000,2.058407,-0.782028,12.843145,0.071825,-0.099361,-0.014719,calib
198.68800,17.310000,3.370000,17.830000,2.057608,-0.781431,12.863658,0.072161,-0.099549,-0.014715,calib
198.68800,17.380000,3.390000,17.750000,2.064365,-0.785582,12.884276,0.072297,-0.099500,-0.014815,calib
198.70400,17.370000,3.370000,17.700000,2.078513,-0.785909,12.884465,0.072457,-0.099313,-0.014815,calib
198.78200,17.330000,3.420000,17.960000,1.994514,-0.709836,12.915863,0.072175,-0.099577,-0.013842,calib
198.79700,17.320000,3.410000,17.960000,1.995083,-0.702088,12.885020,0.072063,-0.099294,-0.013960,calib
198.79700,17.340000,3.440000,17.980000,2.002992,-0.698907,12.833795,0.071917,-0.098873,-0.013870,calib
198.81300,17.310000,3.460000,17.990000,1.997666,-0.679188,12.793001,0.071392,-0.098448,-0.013665,calib
198.82900,17.290000,3.500000,18.090000,1.992023,-0.642090,12.783148,0.071156,-0.098308,-0.013346,calib
198.89100,17.240000,3.580000,18.280000,1.968082,-0.543583,12.774260,0.070195,-0.097739,-0.012376,calib
198.90700,17.260000,3.560000,18.200000,1.974925,-0.547806,12.763893,0.070330,-0.097694,-0.012489,calib
198.92200,17.290000,3.540000,18.250000,1.968199,-0.543927,12.753722,0.070192,-0.097550,-0.012384,calib
198.92200,17.240000,3.540000,18.340000,1.940232,-0.526854,12.764181,0.069985,-0.097735,-0.011951,calib
198.93800,17.250000,3.550000,18.430000,1.905011,-0.505287,12.764035,0.069811,-0.098060,-0.011738,calib
199.00000,17.240000,3.560000,18.470000,1.891212,-0.488840,12.753901,0.069761,-0.097866,-0.011635,calib
199.01600,17.210000,3.580000,18.520000,1.878612,-0.464327,12.723284,0.069273,-0.097775,-0.011321,calib
199.01600,17.180000,3.610000,18.650000,1.844422,-0.426893,12.713219,0.068878,-0.097721,-0.011002,calib
199.03200,17.140000,3.650000,18.900000,1.810180,-0.388888,12.713488,0.068488,-0.098049,-0.010357,calib
199.04700,17.150000,3.640000,19.020000,1.775473,-0.350812,12.734218,0.068264,-0.098278,-0.010028,calib
199.09400,17.250000,3.650000,18.820000,1.816867,-0.367153,12.806268,0.068808,-0.098376,-0.010432,calib
199.11000,17.230000,3.650000,18.810000,1.816867,-0.367153,12.806268,0.068808,-0.098376,-0.010432,calib
199.11000,17.210000,3.610000,18.870000,1.787720,-0.374292,12.826452,0.068763,-0.098938,-0.010319,calib
199.12500,17.230000,3.650000,19.010000,1.752018,-0.360545,12.826162,0.068700,-0.099549,-0.010001,calib
199.14100,17.150000,3.620000,19.180000,1.702597,-0.347041,12.825876,0.068306,-0.100062,-0.009679,calib
199.18800,17.200000,3.590000,19.200000,1.700679,-0.371200,12.877008,0.068799,-0.100243,-0.009986,calib
199.20400,17.260000,3.600000,18.970000,1.728257,-0.396908,12.897750,0.069111,-0.099769,-0.010299,calib
199.21900,17.250000,3.550000,18.960000,1.734552,-0.409178,12.897444,0.069355,-0.099816,-0.010623,calib
199.23500,17.250000,3.540000,19.010000,1.712027,-0.421130,12.917872,0.069605,-0.099853,-0.010619,calib
199.25000,17.200000,3.540000,19.050000,1.682598,-0.428314,12.927774,0.069725,-0.100319,-0.010512,calib
199.29700,17.250000,3.430000,19.050000,1.672026,-0.481948,12.937571,0.070672,-0.100068,-0.010946,calib
199.31300,17.280000,3.410000,19.000000,1.686091,-0.499355,12.917075,0.070712,-0.099692,-0.011059,calib
199.32900,17.280000,3.450000,18.990000,1.685861,-0.491010,12.906744,0.070935,-0.099596,-0.011174,calib
199.32900,17.250000,3.440000,19.040000,1.671493,-0.482311,12.927454,0.070999,-0.099686,-0.010953,calib
199.34400,17.230000,3.440000,19.100000,1.642946,-0.473013,12.937527,0.070903,-0.100155,-0.010736,calib
199.39100,17.250000,3.390000,19.150000,1.590554,-0.466236,13.060723,0.071623,-0.100936,-0.010593,calib
199.42200,17.250000,3.430000,19.100000,1.604672,-0.466291,13.050464,0.071786,-0.100941,-0.010598,calib
199.42200,17.270000,3.380000,19.100000,1.597428,-0.470731,13.060803,0.071755,-0.100698,-0.010701,calib
199.43800,17.220000,3.370000,19.110000,1.590324,-0.457891,13.050392,0.071846,-0.100840,-0.010707,calib
199.45400,17.240000,3.410000,19.130000,1.583912,-0.445278,13.071237,0.071606,-0.100982,-0.010375,calib
199.50000,17.300000,3.430000,19.130000,1.583725,-0.419048,13.163937,0.071794,-0.101547,-0.010343,calib
199.51600,17.300000,3.420000,19.110000,1.597474,-0.419076,13.174383,0.072122,-0.101454,-0.010341,calib
199.53200,17.260000,3.420000,19.090000,1.611139,-0.436185,13.164144,0.072330,-0.101171,-0.010453,calib
199.54700,17.300000,3.400000,19.070000,1.603865,-0.440352,13.164034,0.072302,-0.101121,-0.010560,calib
199.54700,17.290000,3.380000,19.130000,1.596591,-0.435559,13.174211,0.072337,-0.101452,-0.010451,calib
199.61000,17.340000,3.400000,19.030000,1.622048,-0.476050,13.307896,0.073212,-0.101727,-0.010834,calib
199.62500,17.390000,3.350000,18.970000,1.641491,-0.504785,13.328145,0.073835,-0.101774,-0.011260,calib
199.64100,17.440000,3.280000,18.860000,1.639640,-0.537678,13.358788,0.074266,-0.101766,-0.011466,calib
199.64100,17.440000,3.320000,18.840000,1.631397,-0.549295,13.399779,0.074518,-0.102092,-0.011454,calib
199.65700,17.440000,3.300000,18.890000,1.616050,-0.548073,13.430359,0.074861,-0.102561,-0.011448,calib
199.71900,17.540000,3.280000,18.660000,1.682425,-0.605067,13.584543,0.076607,-0.102747,-0.012259,calib
199.73500,17.540000,3.310000,18.630000,1.674751,-0.608937,13.594691,0.076746,-0.102790,-0.012364,calib
199.75000,17.570000,3.260000,18.680000,1.673900,-0.616730,13.615252,0.077023,-0.102979,-0.012252,calib
199.76600,17.520000,3.250000,18.710000,1.658866,-0.615734,13.666563,0.077199,-0.103349,-0.012236,calib
199.76600,17.580000,3.250000,18.750000,1.636127,-0.618335,13.717572,0.077517,-0.103956,-0.012329,calib
199.84400,17.700000,3.150000,18.430000,1.691981,-0.736421,13.891527,0.079994,-0.104561,-0.013462,calib
199.86000,17.750000,3.130000,18.470000,1.677034,-0.735497,13.911851,0.080169,-0.104934,-0.013458,calib
199.87500,17.750000,3.090000,18.530000,1.654962,-0.730395,13.932261,0.080374,-0.105260,-0.013347,calib
199.87500,17.730000,3.100000,18.570000,1.640244,-0.737816,13.962915,0.080325,-0.105730,-0.013229,calib
199.89100,17.700000,3.100000,18.600000,1.632653,-0.733567,13.983462,0.080522,-0.105580,-0.013438,calib
199.95400,17.720000,3.110000,18.550000,1.655197,-0.731083,13.891183,0.080367,-0.104881,-0.013362,calib
199.96900,17.710000,3.100000,18.560000,1.648123,-0.718515,13.891220,0.080456,-0.104831,-0.013364,calib
199.98500,17.720000,3.120000,18.550000,1.662922,-0.718823,13.880987,0.080286,-0.104839,-0.013366,calib
200.00000,17.740000,3.130000,18.550000,1.677269,-0.736185,13.870774,0.080162,-0.104556,-0.013473,calib
200.01600,17.730000,3.110000,18.460000,1.697860,-0.749397,13.860566,0.080561,-0.104035,-0.013801,calib
200.06300,17.740000,3.140000,18.590000,1.692770,-0.721405,13.788980,0.080094,-0.103615,-0.013395,calib
200.07900,17.740000,3.210000,18.590000,1.700526,-0.709417,13.789232,0.080011,-0.103381,-0.013394,calib
200.09400,17.750000,3.190000,18.510000,1.729873,-0.710351,13.768932,0.079835,-0.103105,-0.013397,calib
200.11000,17.780000,3.230000,18.430000,1.780114,-0.715790,13.738209,0.079954,-0.102597,-0.013836,calib
200.12500,17.770000,3.250000,18.330000,1.822896,-0.725487,13.697338,0.080209,-0.101944,-0.014066,calib
200.17200,17.750000,3.230000,18.540000,1.818437,-0.681329,13.626090,0.079689,-0.101239,-0.013552,calib
200.20400,17.740000,3.270000,18.510000,1.833154,-0.673908,13.595436,0.079737,-0.100768,-0.013670,calib
200.21900,17.740000,3.290000,18.400000,1.869426,-0.670946,13.575167,0.079752,-0.100256,-0.013890,calib
200.23500,17.760000,3.320000,18.380000,1.891136,-0.659403,13.534339,0.079993,-0.099741,-0.013907,calib
200.23500,17.750000,3.270000,18.370000,1.898808,-0.664495,13.513906,0.079790,-0.099317,-0.014018,calib
200.29700,17.750000,3.250000,18.510000,1.840130,-0.670791,13.544351,0.080086,-0.100058,-0.013585,calib
200.31300,17.720000,3.310000,18.490000,1.840330,-0.663016,13.534211,0.080139,-0.099678,-0.013697,calib
200.32900,17.710000,3.290000,18.480000,1.862204,-0.651083,13.524205,0.080219,-0.099446,-0.013700,calib
200.34400,17.730000,3.330000,18.470000,1.877602,-0.643916,13.493576,0.079935,-0.098977,-0.013815,calib
200.36000,17.710000,3.310000,18.440000,1.885394,-0.640390,13.462890,0.079792,-0.098745,-0.013717,calib
200.42200,17.630000,3.310000,18.640000,1.831662,-0.583344,13.381264,0.078873,-0.098172,-0.012884,calib
200.43800,17.700000,3.330000,18.620000,1.838623,-0.587911,13.350358,0.079004,-0.097937,-0.013004,calib
200.43800,17.720000,3.300000,18.580000,1.837940,-0.596619,13.340046,0.079272,-0.097554,-0.013225,calib
200.45400,17.710000,3.320000,18.590000,1.837576,-0.604783,13.319365,0.079380,-0.097651,-0.013127,calib
200.46900,17.700000,3.320000,18.600000,1.830451,-0.600606,13.319450,0.079410,-0.097601,-0.013021,calib
200.53200,17.680000,3.290000,18.610000,1.816039,-0.618753,13.226844,0.079445,-0.096648,-0.013163,calib
200.54700,17.640000,3.260000,18.630000,1.816157,-0.619097,13.206305,0.079441,-0.096459,-0.013171,calib
200.56300,17.650000,3.300000,18.630000,1.802222,-0.628120,13.175535,0.079213,-0.096076,-0.013073,calib
200.57900,17.660000,3.280000,18.640000,1.780268,-0.623362,13.175406,0.079414,-0.096212,-0.012969,calib
200.57900,17.680000,3.270000,18.680000,1.766068,-0.631425,13.175265,0.079195,-0.096399,-0.012860,calib
200.65700,17.690000,3.220000,18.620000,1.768701,-0.685478,13.154161,0.080796,-0.095674,-0.013635,calib
200.67200,17.690000,3.210000,18.660000,1.761806,-0.689645,13.164578,0.080603,-0.095721,-0.013414,calib
200.68800,17.660000,3.190000,18.690000,1.733407,-0.680963,13.164560,0.080502,-0.095808,-0.013200,calib
200.70400,17.690000,3.210000,18.760000,1.719290,-0.680908,13.174819,0.080339,-0.095803,-0.013195,calib
200.71900,17.710000,3.220000,18.690000,1.733859,-0.672871,13.154255,0.080393,-0.095714,-0.013311,calib
200.78200,17.660000,3.200000,18.700000,1.753487,-0.685876,13.133739,0.081289,-0.095097,-0.013648,calib
200.79700,17.730000,3.180000,18.680000,1.759792,-0.698119,13.164663,0.081534,-0.095141,-0.013638,calib
200.81300,17.740000,3.200000,18.640000,1.758961,-0.706211,13.164442,0.081808,-0.095140,-0.013855,calib
200.82900,17.730000,3.190000,18.610000,1.758162,-0.705614,13.184955,0.082143,-0.095326,-0.013852,calib
200.84400,17.740000,3.190000,18.620000,1.764637,-0.709810,13.195291,0.082444,-0.095182,-0.013957,calib
200.90700,17.710000,3.220000,18.770000,1.723870,-0.660152,13.175250,0.081969,-0.094987,-0.013320,calib
200.92200,17.740000,3.210000,18.770000,1.722952,-0.668172,13.206016,0.082244,-0.094980,-0.013525,calib
200.93800,17.730000,3.190000,18.720000,1.728514,-0.688579,13.205733,0.082762,-0.095026,-0.013745,calib
200.95400,17.720000,3.210000,18.690000,1.742062,-0.705343,13.216032,0.082973,-0.094933,-0.013849,calib
200.96900,17.750000,3.160000,18.650000,1.734506,-0.709556,13.205641,0.083109,-0.094786,-0.013962,calib
201.03200,17.730000,3.230000,18.840000,1.694687,-0.652149,13.165282,0.082357,-0.094405,-0.013114,calib
201.04700,17.720000,3.250000,18.760000,1.723255,-0.652785,13.144712,0.082514,-0.094127,-0.013444,calib
201.06300,17.730000,3.220000,18.720000,1.730195,-0.666014,13.124302,0.082584,-0.093700,-0.013451,calib
201.07900,17.680000,3.230000,18.690000,1.744311,-0.675031,13.103758,0.082683,-0.093323,-0.013672,calib
201.09400,17.700000,3.220000,18.690000,1.744029,-0.675076,13.093475,0.082847,-0.093228,-0.013678,calib
201.14100,17.650000,3.300000,18.700000,1.798116,-0.616322,12.981695,0.082254,-0.091686,-0.013390,calib
201.15700,17.690000,3.340000,18.690000,1.806389,-0.604977,12.951152,0.082000,-0.091167,-0.013397,calib
201.18800,17.630000,3.340000,18.710000,1.814833,-0.576624,12.910307,0.081866,-0.090842,-0.013305,calib
201.20400,17.620000,3.380000,18.780000,1.801916,-0.543695,12.900345,0.081601,-0.090650,-0.013093,calib
201.21900,17.620000,3.400000,18.930000,1.795924,-0.522717,12.900437,0.081254,-0.090890,-0.012876,calib
201.28200,17.620000,3.490000,18.900000,1.827037,-0.465877,12.880744,0.080986,-0.090333,-0.012665,calib
201.29700,17.570000,3.460000,19.020000,1.820593,-0.461953,12.880856,0.080683,-0.090285,-0.012554,calib
201.31300,17.560000,3.470000,19.140000,1.779494,-0.402600,12.911934,0.080280,-0.090848,-0.012007,calib
201.31300,17.570000,3.510000,19.270000,1.730187,-0.372288,12.942780,0.080004,-0.091358,-0.011567,calib
201.32900,17.520000,3.510000,19.350000,1.723196,-0.367450,12.963239,0.079875,-0.091785,-0.011452,calib
201.39100,17.590000,3.580000,19.340000,1.715994,-0.303083,13.138829,0.080334,-0.092485,-0.011069,calib
201.40700,17.570000,3.570000,19.390000,1.709203,-0.281508,13.159434,0.080322,-0.092912,-0.010849,calib
201.42200,17.540000,3.580000,19.530000,1.681420,-0.264345,13.179933,0.079951,-0.093190,-0.010732,calib
201.42200,17.540000,3.580000,19.600000,1.645179,-0.258617,13.220935,0.079998,-0.093893,-0.010290,calib
201.43800,17.500000,3.550000,19.690000,1.630796,-0.257602,13.261823,0.079844,-0.094459,-0.010275,calib
201.50000,17.550000,3.590000,19.530000,1.678817,-0.286947,13.292733,0.080625,-0.094226,-0.010696,calib
201.51600,17.570000,3.590000,19.570000,1.679099,-0.286901,13.303016,0.080460,-0.094322,-0.010690,calib
201.53200,17.570000,3.550000,19.590000,1.678700,-0.286603,13.313272,0.080628,-0.094417,-0.010688,calib
201.53200,17.570000,3.560000,19.570000,1.684825,-0.306919,13.333553,0.080817,-0.094653,-0.010897,calib
201.54700,17.610000,3.520000,19.540000,1.683544,-0.323103,13.343637,0.081200,-0.094744,-0.011004,calib
201.61000,17.630000,3.490000,19.460000,1.672371,-0.393175,13.363545,0.082197,-0.094586,-0.011542,calib
201.62500,17.600000,3.480000,19.470000,1.664615,-0.405162,13.363293,0.082280,-0.094821,-0.011543,calib
201.64100,17.600000,3.450000,19.530000,1.649816,-0.404854,13.373526,0.082449,-0.094815,-0.011542,calib
201.64100,17.610000,3.440000,19.520000,1.641379,-0.416588,13.373248,0.082864,-0.095049,-0.011548,calib
201.65700,17.650000,3.410000,19.500000,1.640896,-0.433370,13.362819,0.082912,-0.094953,-0.011659,calib
201.71900,17.620000,3.350000,19.450000,1.640248,-0.459501,13.311284,0.083056,-0.094190,-0.012000,calib
201.73500,17.630000,3.360000,19.490000,1.596888,-0.492861,13.238744,0.082825,-0.094087,-0.011920,calib
201.73500,17.600000,3.340000,19.510000,1.589364,-0.488384,13.249086,0.083023,-0.094132,-0.011812,calib
201.75000,17.600000,3.350000,19.530000,1.582089,-0.492552,13.248977,0.082994,-0.094081,-0.011919,calib
201.76600,17.660000,3.340000,19.470000,1.595755,-0.509661,13.238738,0.083202,-0.093798,-0.012030,calib
201.81300,17.630000,3.350000,19.400000,1.667771,-0.512290,13.146697,0.083501,-0.092587,-0.012386,calib
201.84400,17.630000,3.370000,19.380000,1.675296,-0.516766,13.136355,0.083303,-0.092541,-0.012494,calib
201.84400,17.620000,3.370000,19.410000,1.667802,-0.512562,13.157145,0.083499,-0.092394,-0.012381,calib
201.86000,17.630000,3.330000,19.410000,1.674527,-0.516441,13.167316,0.083636,-0.092537,-0.012485,calib
201.87500,17.680000,3.360000,19.370000,1.673927,-0.532878,13.177426,0.083687,-0.092630,-0.012589,calib
201.93800,17.700000,3.380000,19.310000,1.738861,-0.513446,13.188502,0.083980,-0.092030,-0.012691,calib
201.95400,17.660000,3.420000,19.360000,1.732388,-0.484441,13.178429,0.084018,-0.091886,-0.012589,calib
201.96900,17.640000,3.420000,19.400000,1.718471,-0.467650,13.188834,0.083972,-0.091881,-0.012479,calib
201.98500,17.650000,3.440000,19.400000,1.725659,-0.463410,13.219930,0.084002,-0.091929,-0.012359,calib
202.00000,17.660000,3.440000,19.380000,1.739110,-0.471168,13.240271,0.084278,-0.092216,-0.012568,calib
202.06300,17.680000,3.400000,19.410000,1.692346,-0.493533,13.342694,0.085453,-0.092854,-0.012544,calib
202.09400,17.720000,3.390000,19.390000,1.698651,-0.505775,13.373618,0.085697,-0.092900,-0.012534,calib
202.11000,17.730000,3.350000,19.320000,1.697703,-0.513524,13.393936,0.085975,-0.093087,-0.012744,calib
202.12500,17.760000,3.360000,19.320000,1.696334,-0.529636,13.435007,0.086359,-0.093175,-0.012839,calib
202.14100,17.710000,3.350000,19.300000,1.681022,-0.545837,13.424363,0.086578,-0.093265,-0.012953,calib
202.18800,17.750000,3.310000,19.390000,1.628334,-0.582071,13.444431,0.087157,-0.093384,-0.012954,calib
202.20400,17.740000,3.300000,19.330000,1.635459,-0.586249,13.444345,0.087127,-0.093434,-0.013060,calib
202.23500,17.790000,3.280000,19.280000,1.649125,-0.603357,13.434105,0.087335,-0.093151,-0.013172,calib
202.23500,17.740000,3.260000,19.290000,1.642451,-0.591087,13.423886,0.087256,-0.093007,-0.013176,calib
202.25000,17.740000,3.300000,19.370000,1.628170,-0.582460,13.413610,0.087318,-0.093101,-0.012967,calib
202.32900,17.710000,3.290000,19.480000,1.602858,-0.525434,13.321505,0.086560,-0.092630,-0.012461,calib
202.34400,17.710000,3.310000,19.490000,1.596132,-0.521555,13.311335,0.086422,-0.092488,-0.012357,calib
202.36000,17.640000,3.300000,19.530000,1.596732,-0.505118,13.301224,0.086372,-0.092394,-0.012253,calib
202.37500,17.680000,3.320000,19.530000,1.590007,-0.501239,13.291054,0.086234,-0.092250,-0.012148,calib
202.37500,17.650000,3.300000,19.550000,1.597363,-0.488953,13.301562,0.086319,-0.092109,-0.012145,calib
202.45400,17.680000,3.390000,19.520000,1.635117,-0.477880,13.271091,0.085730,-0.091792,-0.012148,calib
202.46900,17.690000,3.380000,19.520000,1.649686,-0.469843,13.250528,0.085784,-0.091703,-0.012263,calib
202.48500,17.650000,3.370000,19.550000,1.650664,-0.462367,13.240657,0.085504,-0.091325,-0.012049,calib
202.48500,17.630000,3.420000,19.550000,1.644242,-0.449780,13.230272,0.085263,-0.091468,-0.012051,calib
202.50000,17.590000,3.440000,19.650000,1.637517,-0.436940,13.230387,0.085189,-0.091707,-0.011730,calib
202.59400,17.570000,3.480000,19.680000,1.676671,-0.385218,13.169557,0.084551,-0.090824,-0.011637,calib
202.61000,17.600000,3.510000,19.740000,1.655829,-0.372323,13.179931,0.084314,-0.091057,-0.011310,calib
202.62500,17.580000,3.510000,19.800000,1.634639,-0.350739,13.200512,0.084304,-0.091384,-0.011090,calib
202.62500,17.600000,3.500000,19.840000,1.627847,-0.338125,13.210831,0.084229,-0.091429,-0.011086,calib
202.64100,17.580000,3.590000,19.830000,1.642277,-0.338407,13.221303,0.084225,-0.091338,-0.011081,calib
202.71900,17.550000,3.490000,19.860000,1.635273,-0.351725,13.149178,0.084129,-0.090912,-0.011108,calib
202.73500,17.540000,3.520000,19.930000,1.606875,-0.343043,13.149161,0.084029,-0.091000,-0.010894,calib
202.73500,17.470000,3.490000,19.960000,1.600031,-0.338820,13.159528,0.083894,-0.091047,-0.010781,calib
202.75000,17.540000,3.540000,19.840000,1.621422,-0.343669,13.139093,0.084022,-0.090719,-0.010896,calib
202.76600,17.560000,3.530000,19.760000,1.649604,-0.370092,13.098053,0.084161,-0.089965,-0.011232,calib
202.84400,17.550000,3.480000,19.790000,1.642000,-0.399847,13.036039,0.084116,-0.089633,-0.011362,calib
202.86000,17.590000,3.540000,19.700000,1.662821,-0.421405,13.036161,0.084292,-0.089207,-0.011575,calib
202.87500,17.600000,3.490000,19.660000,1.677337,-0.430720,13.005361,0.084223,-0.088736,-0.011799,calib
202.89100,17.590000,3.540000,19.670000,1.692336,-0.423253,12.984988,0.084107,-0.088361,-0.011912,calib
202.90700,17.500000,3.530000,19.680000,1.693402,-0.415849,12.944131,0.083826,-0.087985,-0.011710,calib
202.96900,17.450000,3.580000,19.910000,1.626471,-0.332598,12.903352,0.082434,-0.088266,-0.010859,calib
202.98500,17.390000,3.690000,19.960000,1.643270,-0.300629,12.852386,0.081828,-0.087899,-0.010657,calib
203.00000,17.410000,3.720000,20.000000,1.644753,-0.267709,12.842447,0.081562,-0.087808,-0.010444,calib
203.01600,17.370000,3.770000,20.120000,1.632118,-0.234734,12.842768,0.081133,-0.087712,-0.010226,calib
203.03200,17.370000,3.720000,20.200000,1.611297,-0.213176,12.842645,0.080957,-0.088137,-0.010013,calib
203.07900,17.120000,3.820000,20.590000,1.513279,-0.087385,12.617315,0.078206,-0.087050,-0.008684,calib
203.11000,17.020000,3.880000,20.750000,1.465642,-0.050383,12.545523,0.077477,-0.086904,-0.008064,calib
203.12500,17.000000,3.840000,20.870000,1.417168,-0.038092,12.514632,0.076742,-0.086848,-0.007749,calib
203.14100,16.950000,3.760000,20.990000,1.359775,-0.045355,12.483321,0.076533,-0.087313,-0.007333,calib
203.14100,16.960000,3.690000,21.030000,1.315833,-0.069338,12.462066,0.076535,-0.087681,-0.007345,calib
203.21900,16.870000,3.760000,21.080000,1.257153,-0.053016,12.153642,0.074496,-0.085838,-0.006907,calib
203.23500,16.660000,3.780000,21.440000,1.238649,-0.007598,12.092131,0.073658,-0.085989,-0.006389,calib
203.25000,16.630000,3.840000,21.510000,1.234174,0.028876,12.041061,0.072921,-0.085760,-0.006080,calib
203.26600,16.590000,3.890000,21.500000,1.258214,0.047362,11.959184,0.072217,-0.084871,-0.006209,calib
203.26600,16.640000,3.950000,21.380000,1.317076,0.044580,11.887711,0.071856,-0.083749,-0.006549,calib
203.34400,16.500000,3.940000,21.550000,1.382092,0.087862,11.590625,0.069659,-0.081422,-0.006313,calib
203.36000,16.400000,4.000000,21.630000,1.369492,0.112375,11.560008,0.069170,-0.081331,-0.005999,calib
203.37500,16.430000,4.080000,21.640000,1.378218,0.140773,11.529445,0.068871,-0.081099,-0.005900,calib
203.37500,16.420000,4.120000,21.610000,1.409015,0.164070,11.478473,0.068367,-0.080544,-0.005913,calib
203.39100,16.400000,4.200000,21.530000,1.432970,0.191589,11.437869,0.067729,-0.080034,-0.005813,calib
203.45400,16.030000,4.410000,22.130000,1.423693,0.358270,11.254192,0.064265,-0.079356,-0.004671,calib
203.46900,16.020000,4.390000,22.170000,1.423715,0.366932,11.243696,0.064325,-0.079548,-0.004784,calib
203.48500,15.970000,4.450000,22.230000,1.411514,0.391146,11.202822,0.063669,-0.079363,-0.004472,calib
203.48500,15.910000,4.460000,22.300000,1.392641,0.436591,11.162014,0.062997,-0.079414,-0.003947,calib
203.50000,15.690000,4.550000,22.660000,1.353377,0.503023,11.121275,0.061979,-0.079606,-0.003206,calib
203.57900,15.010000,4.870000,23.510000,1.236130,0.777226,10.773438,0.056633,-0.078927,-0.000616,calib
203.59400,14.810000,4.910000,23.780000,1.188508,0.806271,10.732272,0.055684,-0.079065,-0.000196,calib
203.61000,14.660000,4.850000,24.100000,1.104467,0.857780,10.721729,0.055065,-0.079809,0.000442,calib
203.62500,14.410000,4.800000,24.510000,0.984553,0.906029,10.721198,0.054263,-0.080973,0.001298,calib
203.62500,14.160000,4.780000,24.980000,0.843965,0.975219,10.710454,0.053280,-0.082180,0.002365,calib
203.70400,11.090000,4.830000,28.320000,0.064710,1.462625,10.616439,0.045234,-0.089274,0.009423,calib
203.71900,10.120000,4.650000,29.360000,-0.097703,1.529577,10.677347,0.044077,-0.091568,0.010731,calib
203.73500,9.510000,4.530000,29.890000,-0.274520,1.613691,10.789903,0.043044,-0.093948,0.012164,calib
203.73500,8.940000,4.480000,30.340000,-0.422302,1.697097,10.861428,0.042000,-0.096152,0.013583,calib
203.75000,8.440000,4.510000,30.710000,-0.561929,1.792193,10.922949,0.040706,-0.098026,0.015002,calib
203.81300,4.030000,4.900000,32.810000,-1.139201,2.429394,11.519756,0.032727,-0.110862,0.023078,calib
203.84400,3.950000,5.010000,32.820000,-1.137476,2.472125,11.612732,0.032204,-0.111719,0.023547,calib
203.86000,3.850000,5.100000,32.850000,-1.136695,2.489957,11.674355,0.031837,-0.112576,0.023681,calib
203.86000,3.620000,5.050000,32.910000,-1.150032,2.507843,11.746236,0.031307,-0.113429,0.023819,calib
203.87500,3.410000,5.050000,32.940000,-1.184524,2.538852,11.807761,0.030707,-0.114610,0.024274,calib
203.93800,1.640000,5.370000,33.190000,-1.322435,2.740029,12.055201,0.025871,-0.119309,0.027193,calib
203.95400,1.450000,5.310000,33.240000,-1.342774,2.753559,12.065243,0.025309,-0.120118,0.027521,calib
203.96900,1.340000,5.330000,33.240000,-1.355759,2.770414,12.075508,0.024769,-0.120402,0.027637,calib
203.98500,1.160000,5.390000,33.250000,-1.354277,2.778524,12.065307,0.024165,-0.120599,0.027854,calib
204.00000,1.090000,5.420000,33.160000,-1.338398,2.777664,12.044843,0.023495,-0.120513,0.027855,calib
204.04700,0.570000,5.590000,33.000000,-1.348541,2.859816,11.778332,0.019601,-0.119363,0.028758,calib
204.06300,0.430000,5.670000,32.960000,-1.352586,2.895719,11.727454,0.018694,-0.118847,0.029070,calib
204.07900,0.300000,5.760000,32.840000,-1.348901,2.926730,11.614708,0.017584,-0.118101,0.029253,calib
204.09400,0.370000,5.830000,32.750000,-1.337447,2.952604,11.481773,0.016270,-0.116931,0.029647,calib
204.09400,0.300000,5.910000,32.640000,-1.327090,2.962384,11.368961,0.015175,-0.115946,0.029617,calib
204.14100,0.290000,5.620000,32.630000,-1.395935,2.858982,11.017561,0.012960,-0.114813,0.029183,calib
204.17200,0.300000,5.650000,32.570000,-1.381050,2.849641,10.966056,0.012725,-0.114441,0.028952,calib
204.18800,0.330000,5.690000,32.550000,-1.336189,2.830722,10.894325,0.011923,-0.113795,0.028831,calib
204.18800,0.390000,5.770000,32.490000,-1.285083,2.815952,10.822599,0.011644,-0.112910,0.028489,calib
204.20400,0.670000,5.900000,32.400000,-1.234429,2.793090,10.761179,0.011475,-0.112120,0.028257,calib
204.25000,0.720000,5.960000,32.140000,-1.084423,2.726049,10.442902,0.008659,-0.109338,0.027322,calib
204.28200,0.740000,5.910000,32.120000,-1.076551,2.712884,10.422352,0.008234,-0.109200,0.027320,calib
204.29700,0.770000,5.920000,32.130000,-1.076502,2.687504,10.411755,0.007891,-0.109104,0.026999,calib
204.31300,0.770000,5.890000,32.160000,-1.077535,2.637867,10.411125,0.007709,-0.109388,0.026680,calib
204.32900,0.850000,5.800000,32.190000,-1.079516,2.580482,10.430813,0.007805,-0.109858,0.026151,calib
204.39100,0.980000,5.550000,32.190000,-1.092363,2.368851,10.356038,0.007810,-0.110275,0.024517,calib
204.40700,1.070000,5.490000,32.180000,-1.092446,2.351771,10.335354,0.007690,-0.110085,0.024404,calib
204.42200,1.130000,5.460000,32.170000,-1.086481,2.313914,10.273142,0.007917,-0.109850,0.024057,calib
204.42200,1.200000,5.400000,32.160000,-1.080486,2.275785,10.221379,0.008143,-0.109423,0.023714,calib
204.43800,1.250000,5.330000,32.120000,-1.081847,2.225370,10.159107,0.008283,-0.109138,0.023368,calib
204.51600,1.980000,4.970000,31.810000,-0.986272,1.992248,9.633167,0.009258,-0.104708,0.021240,calib
204.51600,2.040000,4.940000,31.760000,-0.963310,1.976005,9.448497,0.008966,-0.102871,0.021176,calib
204.53200,2.120000,5.010000,31.690000,-0.954619,1.977584,9.335847,0.008640,-0.101597,0.021246,calib
204.54700,2.150000,5.020000,31.660000,-0.931194,1.987589,9.233455,0.008206,-0.100517,0.021213,calib
204.56300,2.210000,5.030000,31.600000,-0.922985,1.972387,9.110377,0.007927,-0.099147,0.021172,calib
204.62500,2.930000,4.890000,31.110000,-0.782324,1.870022,8.474283,0.006828,-0.091941,0.019994,calib
204.64100,2.960000,4.930000,31.050000,-0.767055,1.868338,8.381895,0.006645,-0.091191,0.019962,calib
204.65700,2.990000,4.920000,31.020000,-0.744651,1.853542,8.310366,0.006369,-0.090107,0.019941,calib
204.65700,3.060000,4.950000,30.970000,-0.708108,1.847354,8.218081,0.006317,-0.089220,0.019802,calib
204.67200,3.290000,4.970000,30.770000,-0.656789,1.823233,8.115775,0.005970,-0.087765,0.019558,calib
204.73500,4.160000,5.100000,29.840000,-0.341006,1.723130,7.296162,0.004526,-0.078344,0.018219,calib
204.75000,4.380000,5.090000,29.600000,-0.275098,1.697579,7.101442,0.004328,-0.076138,0.017939,calib
204.76600,4.520000,5.090000,29.420000,-0.209674,1.655247,6.896293,0.004178,-0.073836,0.017547,calib
204.76600,4.730000,5.050000,29.200000,-0.137093,1.608465,6.701507,0.003996,-0.071391,0.017054,calib
204.78200,5.130000,4.970000,28.770000,-0.064573,1.562227,6.485824,0.003818,-0.069331,0.016552,calib
204.86000,5.510000,4.810000,27.300000,0.039457,1.566681,5.029112,-0.000366,-0.055670,0.016593,calib
204.89100,5.640000,4.700000,26.940000,0.041531,1.580730,4.864809,-0.000771,-0.054446,0.016642,calib
204.89100,5.730000,4.690000,26.740000,0.029383,1.569091,4.700576,-0.001520,-0.052837,0.016696,calib
204.90700,5.820000,4.680000,26.520000,0.038183,1.579261,4.546443,-0.001787,-0.051757,0.016640,calib
204.92200,5.860000,4.570000,26.360000,0.040716,1.567658,4.392516,-0.002703,-0.050343,0.016701,calib
204.98500,6.120000,4.340000,25.320000,0.125460,1.467092,3.693361,-0.004772,-0.044465,0.015502,calib
205.01600,6.200000,4.360000,25.140000,0.160920,1.427685,3.600758,-0.004726,-0.043575,0.015148,calib
205.01600,6.310000,4.250000,25.000000,0.210810,1.387996,3.518627,-0.004684,-0.042595,0.014800,calib
205.03200,6.460000,4.210000,24.740000,0.267759,1.352865,3.456900,-0.004610,-0.041850,0.014244,calib
205.04700,6.580000,4.260000,24.620000,0.324339,1.317759,3.415877,-0.004370,-0.041008,0.013695,calib
205.11000,6.450000,4.080000,24.290000,0.351094,1.357525,3.190980,-0.005594,-0.038227,0.013841,calib
205.12500,6.430000,4.100000,24.220000,0.343938,1.361975,3.180618,-0.005562,-0.038370,0.013942,calib
205.14100,6.410000,3.960000,24.160000,0.330938,1.377824,3.149971,-0.005947,-0.037989,0.014042,calib
205.15700,6.400000,4.020000,24.130000,0.318056,1.402292,3.109072,-0.006272,-0.037801,0.014350,calib
205.17200,6.460000,4.040000,24.050000,0.311330,1.406171,3.098901,-0.006410,-0.037657,0.014454,calib
205.23500,6.620000,3.750000,23.420000,0.343974,1.417346,2.925076,-0.007502,-0.035107,0.014191,calib
205.25000,6.690000,3.720000,23.340000,0.358522,1.416721,2.915009,-0.007509,-0.034827,0.014188,calib
205.26600,6.750000,3.780000,23.270000,0.402417,1.415161,2.884641,-0.007693,-0.034272,0.014182,calib
205.28200,6.770000,3.780000,23.180000,0.432044,1.405311,2.864337,-0.008098,-0.033710,0.013968,calib
205.29700,6.840000,3.750000,23.050000,0.461139,1.404060,2.844202,-0.008112,-0.033149,0.013963,calib
205.36000,7.190000,3.480000,22.330000,0.572963,1.222301,2.628145,-0.007925,-0.029656,0.012287,calib
205.37500,7.180000,3.430000,22.230000,0.579755,1.209688,2.617826,-0.007850,-0.029611,0.012283,calib
205.39100,7.210000,3.380000,22.210000,0.579388,1.183601,2.576573,-0.007870,-0.028943,0.011947,calib
205.40700,7.220000,3.370000,22.190000,0.572031,1.162353,2.555779,-0.008019,-0.028702,0.011727,calib
205.42200,7.220000,3.360000,22.180000,0.564339,1.132670,2.524752,-0.008063,-0.028368,0.011609,calib
205.48500,7.140000,3.110000,21.880000,0.512744,1.060276,2.369551,-0.008075,-0.027164,0.011014,calib
205.50000,7.110000,3.040000,21.890000,0.477188,1.064447,2.348886,-0.008208,-0.027012,0.011112,calib
205.51600,7.030000,3.000000,21.910000,0.449009,1.064757,2.327969,-0.008533,-0.027197,0.011106,calib
205.51600,7.040000,3.000000,21.900000,0.420180,1.065048,2.317474,-0.008527,-0.027188,0.011100,calib
205.53200,7.040000,2.920000,21.830000,0.399306,1.069254,2.307114,-0.008826,-0.027232,0.011205,calib
205.59400,6.900000,2.760000,21.780000,0.300811,1.094459,2.276025,-0.009630,-0.027112,0.011518,calib
205.61000,6.860000,2.760000,21.830000,0.294388,1.107046,2.265640,-0.009872,-0.027255,0.011515,calib
205.62500,6.800000,2.720000,21.830000,0.265723,1.107727,2.285966,-0.010028,-0.027532,0.011523,calib
205.64100,6.820000,2.680000,21.800000,0.237175,1.108063,2.285754,-0.010187,-0.027617,0.011522,calib
205.65700,6.860000,2.660000,21.790000,0.237523,1.099374,2.275546,-0.010414,-0.027525,0.011629,calib
205.70400,6.880000,2.530000,21.430000,0.229556,1.026381,2.120607,-0.010600,-0.026337,0.011038,calib
205.71900,6.890000,2.470000,21.380000,0.221548,1.014076,2.120521,-0.010355,-0.026285,0.011035,calib
205.73500,6.960000,2.410000,21.360000,0.220634,0.988904,2.099615,-0.010202,-0.026093,0.010704,calib
205.75000,6.950000,2.430000,21.320000,0.227624,0.959256,2.078893,-0.010412,-0.025953,0.010593,calib
205.76600,7.010000,2.440000,21.190000,0.248533,0.937627,2.048030,-0.010237,-0.025530,0.010367,calib
205.82900,7.000000,2.400000,21.000000,0.299451,0.888996,1.955716,-0.010754,-0.024458,0.010129,calib
205.84400,7.000000,2.390000,20.930000,0.306725,0.884202,1.945540,-0.010790,-0.024125,0.010020,calib
205.86000,7.010000,2.380000,20.920000,0.314828,0.887501,1.935584,-0.011099,-0.023796,0.010128,calib
205.87500,6.970000,2.410000,20.860000,0.322568,0.882636,1.904946,-0.011301,-0.023564,0.010334,calib
205.89100,6.930000,2.390000,20.770000,0.337137,0.890673,1.884383,-0.011247,-0.023475,0.010218,calib
205.96900,6.900000,2.400000,20.690000,0.397740,0.887384,1.823486,-0.012438,-0.022454,0.010214,calib
205.98500,6.930000,2.450000,20.690000,0.412934,0.894968,1.844383,-0.012717,-0.022172,0.010119,calib
206.00000,6.880000,2.490000,20.730000,0.420920,0.898610,1.854965,-0.013023,-0.022033,0.010235,calib
206.00000,6.920000,2.450000,20.750000,0.428646,0.910870,1.844769,-0.013104,-0.021988,0.010232,calib
206.01600,6.870000,2.450000,20.700000,0.421068,0.897994,1.844875,-0.013028,-0.021650,0.010232,calib
206.09400,6.990000,2.290000,20.580000,0.410627,0.802289,1.854210,-0.012706,-0.021398,0.009378,calib
206.11000,7.120000,2.350000,20.650000,0.403516,0.798511,1.884922,-0.012896,-0.021631,0.009284,calib
206.12500,7.110000,2.270000,20.640000,0.402946,0.781801,1.905480,-0.012847,-0.021532,0.009185,calib
206.14100,7.120000,2.290000,20.600000,0.416894,0.764739,1.905523,-0.012804,-0.021344,0.009079,calib
206.14100,7.180000,2.290000,20.460000,0.430507,0.739240,1.895332,-0.012655,-0.021062,0.009076,calib
206.20400,7.170000,2.210000,20.540000,0.399758,0.681602,1.925421,-0.012558,-0.021139,0.008551,calib
206.21900,7.180000,2.170000,20.540000,0.392401,0.669316,1.914913,-0.012643,-0.021281,0.008547,calib
206.23500,7.170000,2.180000,20.490000,0.406001,0.660942,1.925163,-0.012373,-0.021187,0.008335,calib
206.25000,7.210000,2.160000,20.500000,0.405518,0.644161,1.914735,-0.012326,-0.021090,0.008224,calib
206.26600,7.230000,2.150000,20.450000,0.419465,0.627098,1.914778,-0.012282,-0.020902,0.008118,calib
206.31300,7.140000,1.890000,20.440000,0.370997,0.494933,1.851244,-0.011386,-0.020880,0.007226,calib
206.32900,7.150000,1.760000,20.460000,0.363692,0.491038,1.840687,-0.011413,-0.021021,0.007114,calib
206.32900,7.110000,1.680000,20.390000,0.318236,0.450255,1.808900,-0.010868,-0.021003,0.006664,calib
206.34400,7.060000,1.570000,20.320000,0.287729,0.417509,1.767075,-0.010434,-0.020993,0.006427,calib
206.36000,7.100000,1.550000,20.250000,0.272535,0.400964,1.735892,-0.010218,-0.020894,0.006305,calib
206.40700,6.980000,1.530000,20.160000,0.257612,0.400078,1.632958,-0.009732,-0.020132,0.006259,calib
206.42200,6.950000,1.470000,20.010000,0.257114,0.391253,1.591904,-0.009465,-0.019754,0.006348,calib
206.43800,6.950000,1.460000,19.940000,0.249527,0.387312,1.571065,-0.009327,-0.019799,0.006231,calib
206.45400,6.950000,1.410000,19.960000,0.256067,0.374382,1.560911,-0.009089,-0.019467,0.006226,calib
206.45400,6.980000,1.360000,19.920000,0.248280,0.353705,1.539925,-0.009068,-0.019512,0.006003,calib
206.50000,7.040000,1.020000,19.370000,0.191245,0.216802,1.404333,-0.007382,-0.018774,0.004967,calib
206.51600,7.030000,0.940000,19.260000,0.174768,0.175112,1.372950,-0.006848,-0.018384,0.004520,calib
206.53200,7.140000,0.880000,19.280000,0.158291,0.142383,1.351852,-0.006249,-0.018375,0.004290,calib
206.54700,7.160000,0.810000,19.130000,0.141614,0.092918,1.330608,-0.005768,-0.018367,0.003955,calib
206.56300,7.190000,0.770000,19.060000,0.124871,0.052188,1.329854,-0.005225,-0.018547,0.003520,calib
206.61000,7.340000,0.810000,18.830000,0.164985,-0.015619,1.298964,-0.004386,-0.017695,0.003075,calib
206.62500,7.390000,0.820000,18.810000,0.179102,-0.015674,1.288706,-0.004223,-0.017700,0.003070,calib
206.64100,7.440000,0.800000,18.740000,0.185976,-0.020169,1.288785,-0.004091,-0.017463,0.002962,calib
206.65700,7.430000,0.790000,18.670000,0.199673,-0.028588,1.299280,-0.003821,-0.017371,0.003072,calib
206.65700,7.480000,0.830000,18.700000,0.206777,-0.041428,1.309690,-0.003912,-0.017229,0.003079,calib
206.70400,7.750000,0.960000,18.540000,0.279171,-0.017177,1.454939,-0.003912,-0.017048,0.003141,calib
206.71900,7.880000,1.010000,18.640000,0.286328,-0.012665,1.475587,-0.003880,-0.017288,0.003256,calib
206.73500,7.890000,1.050000,18.670000,0.294991,0.007876,1.537867,-0.004397,-0.017336,0.003501,calib
206.75000,7.910000,1.150000,18.690000,0.317794,0.037024,1.579391,-0.004689,-0.017581,0.003628,calib
206.76600,7.970000,1.190000,18.680000,0.340263,0.057737,1.610683,-0.004876,-0.017732,0.003857,calib
206.81300,7.860000,1.540000,19.010000,0.385545,0.244097,1.746768,-0.007206,-0.018377,0.005221,calib
206.82900,7.750000,1.560000,19.070000,0.372396,0.260563,1.726212,-0.007585,-0.018377,0.005323,calib
206.84400,7.620000,1.440000,19.090000,0.359214,0.294452,1.746880,-0.007840,-0.018755,0.005545,calib
206.84400,7.610000,1.460000,19.300000,0.374690,0.311042,1.788344,-0.008220,-0.018950,0.005674,calib
206.86000,7.660000,1.610000,19.360000,0.374496,0.310925,1.747075,-0.008057,-0.018859,0.005655,calib
206.90700,7.490000,1.570000,19.110000,0.451906,0.228713,1.572336,-0.007659,-0.017511,0.005484,calib
206.92200,7.450000,1.400000,19.000000,0.458749,0.224490,1.561968,-0.007524,-0.017465,0.005372,calib
206.93800,7.430000,1.480000,19.030000,0.458251,0.215665,1.520914,-0.007258,-0.017086,0.005461,calib
206.95400,7.380000,1.430000,19.000000,0.443456,0.198822,1.479475,-0.007210,-0.016893,0.005337,calib
206.95400,7.330000,1.360000,19.000000,0.414396,0.207458,1.458650,-0.006982,-0.016788,0.005217,calib
207.04700,7.050000,1.160000,18.740000,0.261917,0.196043,1.189323,-0.006226,-0.016427,0.005092,calib
207.06300,7.020000,1.130000,18.720000,0.261204,0.187607,1.168564,-0.005955,-0.016234,0.004867,calib
207.06300,7.060000,1.120000,18.690000,0.260958,0.179099,1.127344,-0.005851,-0.016143,0.004957,calib
207.07900,7.040000,1.100000,18.680000,0.260527,0.170708,1.116867,-0.005745,-0.016046,0.004738,calib
207.09400,7.040000,1.080000,18.640000,0.246214,0.170646,1.085857,-0.005745,-0.015949,0.004725,calib
207.15700,6.920000,1.070000,18.610000,0.224798,0.183424,1.044436,-0.005653,-0.015994,0.004705,calib
207.17200,6.970000,1.080000,18.590000,0.232072,0.187592,1.044545,-0.005625,-0.016044,0.004812,calib
207.18800,6.950000,1.100000,18.540000,0.232103,0.187320,1.054993,-0.005627,-0.015852,0.004817,calib
207.18800,6.920000,1.120000,18.540000,0.246620,0.186966,1.034478,-0.005632,-0.015763,0.004810,calib
207.20400,6.930000,1.070000,18.520000,0.246620,0.186966,1.034478,-0.005632,-0.015763,0.004810,calib
207.28200,6.870000,1.090000,18.450000,0.254411,0.190492,1.003792,-0.005775,-0.015531,0.004907,calib
207.29700,6.870000,1.090000,18.450000,0.254411,0.190492,1.003792,-0.005775,-0.015531,0.004907,calib
207.29700,6.860000,1.090000,18.440000,0.254581,0.198538,0.983204,-0.005720,-0.015342,0.004791,calib
207.31300,6.850000,1.080000,18.390000,0.247425,0.202988,0.972842,-0.005688,-0.015485,0.004893,calib
207.32900,6.840000,1.120000,18.440000,0.247373,0.194597,0.972891,-0.005746,-0.015485,0.005002,calib
207.39100,6.770000,1.040000,18.270000,0.226622,0.206117,0.890584,-0.005832,-0.014865,0.004969,calib
207.42200,6.720000,1.060000,18.240000,0.226792,0.223125,0.880282,-0.005713,-0.015058,0.005070,calib
207.42200,6.750000,1.010000,18.270000,0.219615,0.218912,0.880417,-0.005742,-0.015009,0.005285,calib
207.43800,6.720000,1.070000,18.250000,0.226910,0.222781,0.859744,-0.005716,-0.014869,0.005062,calib
207.45400,6.720000,1.070000,18.190000,0.227006,0.213774,0.849702,-0.005781,-0.014488,0.005168,calib
207.51600,6.680000,1.080000,18.130000,0.227145,0.222093,0.818666,-0.005723,-0.014491,0.005047,calib
207.53200,6.720000,1.030000,18.130000,0.226812,0.213657,0.808433,-0.005618,-0.014396,0.005150,calib
207.54700,6.680000,1.050000,18.110000,0.233937,0.209480,0.808347,-0.005647,-0.014446,0.005043,calib
207.56300,6.720000,1.100000,18.100000,0.241211,0.213647,0.808456,-0.005619,-0.014497,0.005150,calib
207.56300,6.690000,1.050000,18.070000,0.248736,0.209171,0.798114,-0.005817,-0.014453,0.005042,calib
207.62500,6.650000,1.070000,18.070000,0.234388,0.217571,0.798042,-0.005756,-0.014351,0.004933,calib
207.64100,6.600000,1.030000,18.060000,0.227263,0.221749,0.798128,-0.005727,-0.014302,0.005039,calib
207.64100,6.680000,1.030000,18.080000,0.227211,0.213359,0.798176,-0.005785,-0.014302,0.005148,calib
207.65700,6.640000,1.070000,18.070000,0.241662,0.221739,0.798151,-0.005728,-0.014402,0.005040,calib
207.67200,6.680000,1.090000,18.030000,0.241728,0.213005,0.777661,-0.005790,-0.014214,0.005141,calib
207.71900,6.660000,1.050000,17.990000,0.256558,0.212425,0.777876,-0.005962,-0.014028,0.005144,calib
207.73500,6.670000,1.040000,17.990000,0.256558,0.212425,0.777876,-0.005962,-0.014028,0.005144,calib
207.75000,6.640000,1.070000,18.000000,0.256245,0.212651,0.757146,-0.005795,-0.014125,0.005133,calib
207.76600,6.640000,1.090000,18.000000,0.256245,0.212651,0.757146,-0.005795,-0.014125,0.005133,calib
207.76600,6.620000,1.070000,17.960000,0.249571,0.224921,0.746926,-0.005874,-0.013981,0.005130,calib
207.84400,6.530000,1.070000,17.900000,0.243112,0.236801,0.716412,-0.005957,-0.013650,0.005441,calib
207.87500,6.560000,1.060000,17.860000,0.242882,0.245146,0.706081,-0.005734,-0.013554,0.005326,calib
207.89100,6.520000,1.060000,17.830000,0.242969,0.245074,0.675094,-0.005735,-0.013558,0.005314,calib
207.89100,6.500000,1.020000,17.790000,0.243369,0.244776,0.664838,-0.005903,-0.013463,0.005312,calib
207.90700,6.500000,1.080000,17.780000,0.236244,0.248953,0.664924,-0.005873,-0.013414,0.005419,calib
207.96900,6.500000,1.070000,17.800000,0.229821,0.261540,0.654539,-0.006115,-0.013558,0.005416,calib
208.00000,6.460000,1.040000,17.770000,0.229939,0.261196,0.634000,-0.006118,-0.013369,0.005408,calib
208.01600,6.430000,1.060000,17.760000,0.222813,0.265374,0.634086,-0.006088,-0.013319,0.005515,calib
208.03200,6.410000,1.060000,17.790000,0.223095,0.265419,0.644368,-0.006253,-0.013414,0.005521,calib
208.03200,6.430000,1.070000,17.790000,0.216022,0.277987,0.644405,-0.006164,-0.013364,0.005519,calib
208.09400,6.380000,1.040000,17.770000,0.223578,0.282200,0.654796,-0.006300,-0.013510,0.005632,calib
208.12500,6.400000,1.080000,17.740000,0.223747,0.290247,0.634209,-0.006244,-0.013320,0.005516,calib
208.14100,6.400000,1.080000,17.740000,0.231304,0.294460,0.644600,-0.006380,-0.013466,0.005629,calib
208.14100,6.340000,1.090000,17.760000,0.231334,0.294188,0.655048,-0.006383,-0.013274,0.005634,calib
208.15700,6.370000,1.090000,17.750000,0.231052,0.294143,0.644766,-0.006218,-0.013180,0.005628,calib
208.21900,6.390000,1.100000,17.680000,0.252874,0.297685,0.634808,-0.006197,-0.012949,0.005733,calib
208.23500,6.370000,1.080000,17.670000,0.253326,0.305777,0.624503,-0.006306,-0.012855,0.005622,calib
208.25000,6.370000,1.100000,17.670000,0.253326,0.305777,0.624503,-0.006306,-0.012855,0.005622,calib
208.26600,6.380000,1.100000,17.680000,0.253356,0.305505,0.634951,-0.006308,-0.012663,0.005627,calib
208.26600,6.410000,1.120000,17.660000,0.260349,0.309627,0.624778,-0.006115,-0.012618,0.005728,calib
208.34400,6.370000,1.110000,17.600000,0.275265,0.308975,0.594006,-0.006288,-0.012436,0.005719,calib
208.36000,6.330000,1.130000,17.590000,0.275265,0.308975,0.594006,-0.006288,-0.012436,0.005719,calib
208.37500,6.360000,1.140000,17.580000,0.275413,0.308359,0.583915,-0.006293,-0.012054,0.005716,calib
208.39100,6.340000,1.160000,17.570000,0.282636,0.304137,0.584073,-0.006324,-0.012106,0.005932,calib
208.40700,6.350000,1.130000,17.550000,0.282636,0.304137,0.584073,-0.006324,-0.012106,0.005932,calib
208.46900,6.310000,1.130000,17.500000,0.276249,0.324109,0.532727,-0.006351,-0.011584,0.005804,calib
208.48500,6.320000,1.130000,17.520000,0.283287,0.320003,0.563628,-0.006380,-0.011631,0.005710,calib
208.50000,6.340000,1.110000,17.540000,0.290562,0.324171,0.563737,-0.006351,-0.011681,0.005817,calib
208.51600,6.290000,1.120000,17.520000,0.290562,0.324171,0.563737,-0.006351,-0.011681,0.005817,calib
208.53200,6.320000,1.140000,17.510000,0.298117,0.319423,0.563843,-0.006551,-0.011444,0.005714,calib
208.59400,6.300000,1.130000,17.510000,0.283318,0.319731,0.574076,-0.006382,-0.011438,0.005715,calib
208.61000,6.290000,1.110000,17.520000,0.283266,0.311341,0.574125,-0.006441,-0.011438,0.005823,calib
208.62500,6.310000,1.120000,17.500000,0.283266,0.311341,0.574125,-0.006441,-0.011438,0.005823,calib
208.64100,6.300000,1.130000,17.500000,0.283266,0.311341,0.574125,-0.006441,-0.011438,0.005823,calib
208.65700,6.320000,1.110000,17.500000,0.282717,0.303294,0.584186,-0.006331,-0.011532,0.005612,calib
208.71900,6.320000,1.130000,17.510000,0.275540,0.299081,0.584321,-0.006360,-0.011482,0.005827,calib
208.73500,6.270000,1.120000,17.500000,0.275539,0.290119,0.574035,-0.006424,-0.011099,0.005610,calib
208.75000,6.350000,1.120000,17.490000,0.289939,0.290110,0.574058,-0.006425,-0.011199,0.005610,calib
208.76600,6.370000,1.130000,17.470000,0.289605,0.281674,0.563825,-0.006320,-0.011105,0.005713,calib
208.78200,6.320000,1.090000,17.470000,0.282331,0.277506,0.563716,-0.006348,-0.011055,0.005606,calib
208.84400,6.320000,1.090000,17.370000,0.303358,0.264494,0.522599,-0.006113,-0.010826,0.005589,calib
208.87500,6.330000,1.100000,17.360000,0.310601,0.259973,0.501975,-0.006146,-0.010685,0.005475,calib
208.87500,6.310000,1.120000,17.360000,0.303593,0.263806,0.481522,-0.006120,-0.010448,0.005574,calib
208.89100,6.270000,1.090000,17.360000,0.303593,0.263806,0.481522,-0.006120,-0.010448,0.005574,calib
208.90700,6.300000,1.110000,17.360000,0.303675,0.271925,0.491921,-0.006063,-0.010254,0.005470,calib
208.98500,6.240000,1.120000,17.230000,0.311302,0.275061,0.430414,-0.006045,-0.009738,0.005554,calib
209.00000,6.200000,1.070000,17.240000,0.311333,0.274789,0.440862,-0.006047,-0.009546,0.005559,calib
209.01600,6.230000,1.110000,17.280000,0.318607,0.278957,0.440971,-0.006019,-0.009596,0.005666,calib
209.03200,6.230000,1.120000,17.270000,0.311615,0.274834,0.451144,-0.006212,-0.009641,0.005565,calib
209.03200,6.230000,1.150000,17.280000,0.311333,0.274789,0.440862,-0.006047,-0.009546,0.005559,calib
209.11000,6.160000,1.110000,17.200000,0.297333,0.274500,0.430582,-0.006213,-0.009352,0.005556,calib
209.12500,6.190000,1.090000,17.220000,0.297051,0.274454,0.420300,-0.006049,-0.009256,0.005550,calib
209.12500,6.170000,1.070000,17.230000,0.297051,0.274454,0.420300,-0.006049,-0.009256,0.005550,calib
209.14100,6.210000,1.070000,17.220000,0.297051,0.274454,0.420300,-0.006049,-0.009256,0.005550,calib
209.15700,6.220000,1.080000,17.200000,0.311399,0.266054,0.420372,-0.006109,-0.009357,0.005659,calib
209.21900,6.150000,1.110000,17.170000,0.283287,0.282439,0.379228,-0.006158,-0.009066,0.005749,calib
209.23500,6.120000,1.060000,17.180000,0.268822,0.291183,0.399695,-0.006095,-0.009154,0.005648,calib
209.25000,6.110000,1.080000,17.190000,0.276325,0.278045,0.399849,-0.006353,-0.008918,0.005653,calib
209.25000,6.120000,1.040000,17.160000,0.276043,0.277999,0.389567,-0.006189,-0.008823,0.005647,calib
209.26600,6.180000,1.050000,17.150000,0.276043,0.277999,0.389567,-0.006189,-0.008823,0.005647,calib
209.31300,6.110000,1.040000,17.150000,0.261644,0.278009,0.389543,-0.006187,-0.008724,0.005646,calib
209.32900,6.100000,1.050000,17.170000,0.261526,0.278353,0.410082,-0.006184,-0.008913,0.005654,calib
209.34400,6.110000,1.050000,17.170000,0.261608,0.286471,0.420481,-0.006127,-0.008719,0.005550,calib
209.36000,6.130000,1.060000,17.200000,0.261890,0.286516,0.430764,-0.006292,-0.008814,0.005556,calib
209.36000,6.170000,1.080000,17.200000,0.268713,0.282593,0.441178,-0.006154,-0.008960,0.005774,calib
209.42200,6.120000,1.070000,17.260000,0.269724,0.298965,0.492823,-0.006534,-0.008861,0.005584,calib
209.43800,6.110000,1.060000,17.280000,0.262932,0.311578,0.503142,-0.006610,-0.008906,0.005588,calib
209.43800,6.100000,1.060000,17.320000,0.256370,0.315847,0.523792,-0.006908,-0.009046,0.005706,calib
209.45400,6.100000,1.070000,17.340000,0.248846,0.320323,0.534135,-0.006711,-0.009090,0.005815,calib
209.46900,6.090000,1.070000,17.340000,0.249245,0.320024,0.523878,-0.006879,-0.008996,0.005813,calib
209.51600,6.080000,1.020000,17.230000,0.233769,0.303434,0.482414,-0.006499,-0.008802,0.005685,calib
209.53200,6.070000,1.000000,17.250000,0.226464,0.299538,0.471857,-0.006525,-0.008944,0.005573,calib
209.54700,6.050000,1.010000,17.250000,0.219107,0.287252,0.461348,-0.006610,-0.009085,0.005569,calib
209.56300,6.050000,1.000000,17.260000,0.218825,0.287207,0.451066,-0.006446,-0.008989,0.005563,calib
209.57900,6.110000,1.020000,17.220000,0.225617,0.274593,0.440747,-0.006370,-0.008944,0.005559,calib
209.62500,6.060000,1.030000,17.060000,0.247191,0.260667,0.379283,-0.006309,-0.008240,0.005538,calib
209.64100,6.070000,1.050000,17.080000,0.261591,0.260657,0.379306,-0.006310,-0.008341,0.005538,calib
209.65700,6.090000,1.030000,17.080000,0.261340,0.260340,0.379472,-0.006148,-0.008053,0.005537,calib
209.65700,6.090000,1.050000,17.080000,0.275739,0.260330,0.379495,-0.006149,-0.008155,0.005538,calib
209.67200,6.090000,1.040000,17.070000,0.275770,0.260058,0.389943,-0.006151,-0.007961,0.005542,calib
209.71900,6.050000,1.050000,17.080000,0.268926,0.264281,0.400311,-0.006286,-0.008007,0.005655,calib
209.75000,6.080000,1.030000,17.110000,0.261617,0.268575,0.431140,-0.006254,-0.007954,0.005452,calib
209.75000,6.050000,1.020000,17.150000,0.261766,0.276921,0.431335,-0.006196,-0.007954,0.005665,calib
209.76600,6.050000,1.020000,17.160000,0.261818,0.285311,0.431286,-0.006137,-0.007954,0.005557,calib
209.78200,6.060000,1.030000,17.140000,0.261818,0.285311,0.431286,-0.006137,-0.007954,0.005557,calib
209.82900,6.030000,1.030000,17.170000,0.270317,0.305463,0.462745,-0.006492,-0.007717,0.005789,calib
209.84400,6.030000,1.040000,17.170000,0.270369,0.313853,0.462697,-0.006433,-0.007717,0.005680,calib
209.86000,6.030000,1.030000,17.200000,0.270651,0.313899,0.472979,-0.006598,-0.007812,0.005686,calib
209.87500,6.030000,1.050000,17.180000,0.270681,0.313627,0.483427,-0.006600,-0.007620,0.005691,calib
209.87500,6.080000,1.040000,17.220000,0.278238,0.317840,0.493818,-0.006736,-0.007766,0.005804,calib
209.92200,6.090000,1.010000,17.180000,0.291615,0.284068,0.514419,-0.006644,-0.007480,0.005599,calib
209.93800,6.080000,1.030000,17.200000,0.284341,0.279900,0.514310,-0.006672,-0.007428,0.005492,calib
209.95400,6.100000,1.000000,17.210000,0.276816,0.284376,0.524652,-0.006474,-0.007473,0.005601,calib
209.96900,6.080000,1.000000,17.240000,0.277098,0.284421,0.534935,-0.006639,-0.007568,0.005606,calib
209.98500,6.080000,1.020000,17.230000,0.269372,0.272161,0.545130,-0.006558,-0.007611,0.005610,calib
210.06300,6.150000,0.960000,17.220000,0.246185,0.235355,0.544488,-0.006317,-0.007743,0.005284,calib
210.07900,6.100000,0.940000,17.220000,0.231703,0.227247,0.534066,-0.006372,-0.007836,0.005387,calib
210.09400,6.090000,0.930000,17.210000,0.231154,0.219200,0.544127,-0.006263,-0.007928,0.005176,calib
210.09400,6.110000,0.930000,17.240000,0.231154,0.219200,0.544127,-0.006263,-0.007928,0.005176,calib
210.11000,6.140000,0.890000,17.220000,0.223546,0.206596,0.533784,-0.006186,-0.007782,0.005171,calib
210.20400,6.070000,0.830000,17.150000,0.157017,0.162245,0.501777,-0.005993,-0.008190,0.004938,calib
210.21900,6.090000,0.820000,17.150000,0.156187,0.154153,0.501556,-0.005719,-0.008188,0.004720,calib
210.23500,6.140000,0.830000,17.100000,0.156222,0.145690,0.470618,-0.005779,-0.008190,0.004816,calib
210.25000,6.130000,0.840000,17.080000,0.156021,0.128955,0.470472,-0.005896,-0.008190,0.004711,calib
210.25000,6.110000,0.820000,17.060000,0.155340,0.129208,0.470446,-0.005564,-0.008188,0.004707,calib
210.34400,6.130000,0.850000,16.980000,0.147937,0.116189,0.408578,-0.005491,-0.007857,0.004682,calib
210.36000,6.140000,0.840000,16.950000,0.154749,0.112238,0.387762,-0.005355,-0.008004,0.004565,calib
210.37500,6.110000,0.840000,16.940000,0.148024,0.116117,0.377592,-0.005493,-0.007860,0.004670,calib
210.39100,6.070000,0.810000,16.960000,0.140898,0.120294,0.377677,-0.005463,-0.007810,0.004776,calib
210.40700,6.040000,0.800000,16.990000,0.126433,0.129038,0.398144,-0.005399,-0.007898,0.004675,calib
210.46900,6.180000,0.790000,16.980000,0.146618,0.083658,0.449337,-0.005387,-0.008233,0.004483,calib
210.48500,6.200000,0.750000,16.980000,0.146618,0.083658,0.449337,-0.005387,-0.008233,0.004483,calib
210.50000,6.200000,0.740000,17.000000,0.146566,0.075268,0.449386,-0.005446,-0.008233,0.004591,calib
210.51600,6.180000,0.780000,17.020000,0.153805,0.087898,0.480433,-0.005357,-0.008280,0.004603,calib
210.51600,6.170000,0.760000,17.030000,0.153754,0.079507,0.480482,-0.005416,-0.008280,0.004711,calib
210.57900,6.260000,0.880000,16.930000,0.240426,0.085402,0.460915,-0.005223,-0.007259,0.004601,calib
210.59400,6.250000,0.900000,16.900000,0.248131,0.089000,0.461215,-0.005364,-0.007024,0.004711,calib
210.61000,6.230000,0.880000,16.910000,0.269805,0.093158,0.461348,-0.005337,-0.007175,0.004819,calib
210.62500,6.270000,0.900000,16.930000,0.277110,0.097054,0.471905,-0.005311,-0.007034,0.004931,calib
210.62500,6.250000,0.870000,16.940000,0.291991,0.104864,0.472071,-0.005424,-0.006848,0.004826,calib
210.70400,6.290000,0.870000,16.880000,0.305205,0.079664,0.472137,-0.005107,-0.006659,0.004824,calib
210.71900,6.280000,0.850000,16.930000,0.298213,0.075541,0.482310,-0.005299,-0.006704,0.004723,calib
210.71900,6.270000,0.860000,16.940000,0.290487,0.063282,0.492506,-0.005219,-0.006748,0.004726,calib
210.73500,6.260000,0.840000,16.950000,0.276088,0.063291,0.492482,-0.005217,-0.006647,0.004726,calib
210.75000,6.270000,0.800000,16.910000,0.268383,0.059694,0.492182,-0.005076,-0.006882,0.004616,calib
210.82900,6.200000,0.770000,16.930000,0.218019,0.073107,0.460805,-0.004976,-0.007108,0.004598,calib
210.84400,6.200000,0.810000,16.930000,0.203902,0.073162,0.471064,-0.005139,-0.007102,0.004603,calib
210.84400,6.210000,0.810000,16.960000,0.203902,0.073162,0.471064,-0.005139,-0.007102,0.004603,calib
210.86000,6.230000,0.810000,16.950000,0.196228,0.069293,0.481211,-0.004999,-0.007145,0.004498,calib
210.87500,6.220000,0.780000,16.930000,0.196176,0.060902,0.481260,-0.005058,-0.007145,0.004606,calib
210.93800,6.230000,0.770000,17.050000,0.174750,0.074213,0.532633,-0.005125,-0.007468,0.004625,calib
210.95400,6.190000,0.750000,17.040000,0.167475,0.070045,0.532524,-0.005154,-0.007417,0.004518,calib
210.96900,6.190000,0.760000,17.050000,0.167757,0.070091,0.542806,-0.005318,-0.007513,0.004524,calib
210.98500,6.230000,0.750000,17.040000,0.167358,0.070389,0.553063,-0.005150,-0.007606,0.004525,calib
210.98500,6.240000,0.750000,17.060000,0.160365,0.066267,0.563236,-0.005343,-0.007650,0.004424,calib
211.06300,6.200000,0.670000,17.140000,0.115669,0.034653,0.603567,-0.005226,-0.008299,0.004221,calib
211.07900,6.240000,0.660000,17.130000,0.115669,0.034653,0.603567,-0.005226,-0.008299,0.004221,calib
211.09400,6.200000,0.680000,17.130000,0.107996,0.030784,0.613715,-0.005087,-0.008341,0.004116,calib
211.09400,6.250000,0.660000,17.120000,0.107662,0.022348,0.603481,-0.004981,-0.008247,0.004219,calib
211.11000,6.260000,0.670000,17.120000,0.100388,0.018180,0.603372,-0.005010,-0.008195,0.004111,calib
211.18800,6.180000,0.630000,17.140000,0.071980,0.035797,0.582410,-0.005048,-0.008667,0.004207,calib
211.20400,6.180000,0.680000,17.120000,0.071728,0.035479,0.582576,-0.004885,-0.008379,0.004206,calib
211.21900,6.170000,0.640000,17.120000,0.071728,0.035479,0.582576,-0.004885,-0.008379,0.004206,calib
211.21900,6.230000,0.670000,17.110000,0.086527,0.035171,0.572343,-0.005055,-0.008386,0.004205,calib
211.23500,6.190000,0.690000,17.100000,0.086558,0.034899,0.582790,-0.005057,-0.008195,0.004210,calib
211.31300,6.200000,0.690000,17.100000,0.101640,0.059445,0.583103,-0.005052,-0.008009,0.004210,calib
211.32900,6.190000,0.710000,17.060000,0.108915,0.063613,0.583212,-0.005024,-0.008059,0.004317,calib
211.34400,6.210000,0.720000,17.060000,0.116439,0.059137,0.572870,-0.005222,-0.008016,0.004209,calib
211.34400,6.180000,0.690000,17.070000,0.116588,0.067482,0.573065,-0.005163,-0.008016,0.004422,calib
211.36000,6.210000,0.720000,17.100000,0.124345,0.079470,0.573317,-0.005246,-0.007781,0.004424,calib
211.43800,6.140000,0.740000,17.070000,0.132872,0.124903,0.553157,-0.005260,-0.007645,0.004630,calib
211.45400,6.140000,0.750000,17.080000,0.132872,0.124903,0.553157,-0.005260,-0.007645,0.004630,calib
211.46900,6.100000,0.760000,17.090000,0.133553,0.124649,0.553183,-0.005592,-0.007646,0.004634,calib
211.48500,6.120000,0.740000,17.070000,0.126479,0.137217,0.553220,-0.005503,-0.007596,0.004632,calib
211.48500,6.100000,0.750000,17.070000,0.126479,0.137217,0.553220,-0.005503,-0.007596,0.004632,calib
211.56300,6.060000,0.800000,17.020000,0.133958,0.140969,0.501803,-0.005480,-0.007461,0.004719,calib
211.57900,6.030000,0.770000,17.030000,0.127284,0.153239,0.491584,-0.005559,-0.007317,0.004715,calib
211.59400,6.080000,0.750000,17.070000,0.127284,0.153239,0.491584,-0.005559,-0.007317,0.004715,calib
211.61000,6.040000,0.770000,17.060000,0.127284,0.153239,0.491584,-0.005559,-0.007317,0.004715,calib
211.61000,6.050000,0.780000,17.050000,0.134559,0.157407,0.491693,-0.005530,-0.007369,0.004822,calib
211.68800,6.060000,0.770000,17.000000,0.134646,0.157335,0.460707,-0.005532,-0.007371,0.004810,calib
211.70400,6.050000,0.820000,17.060000,0.134646,0.157335,0.460707,-0.005532,-0.007371,0.004810,calib
211.71900,6.050000,0.790000,17.030000,0.127573,0.169903,0.460744,-0.005443,-0.007321,0.004808,calib
211.73500,6.020000,0.800000,17.040000,0.127573,0.169903,0.460744,-0.005443,-0.007321,0.004808,calib
211.73500,6.050000,0.770000,17.050000,0.134698,0.165725,0.460658,-0.005473,-0.007371,0.004702,calib
211.81300,6.020000,0.800000,17.010000,0.127573,0.169903,0.460744,-0.005443,-0.007321,0.004808,calib
211.82900,6.030000,0.800000,17.010000,0.127573,0.169903,0.460744,-0.005443,-0.007321,0.004808,calib
211.84400,6.030000,0.800000,17.060000,0.127854,0.169948,0.471026,-0.005607,-0.007416,0.004814,calib
211.86000,6.030000,0.790000,17.050000,0.134847,0.174071,0.460853,-0.005415,-0.007372,0.004915,calib
211.86000,6.050000,0.790000,17.010000,0.142372,0.169595,0.450511,-0.005612,-0.007328,0.004807,calib
211.92200,6.020000,0.810000,17.000000,0.134698,0.165725,0.460658,-0.005473,-0.007371,0.004702,calib
211.93800,5.990000,0.780000,17.040000,0.127573,0.169903,0.460744,-0.005443,-0.007321,0.004808,calib
211.95400,6.030000,0.790000,17.050000,0.127854,0.169948,0.471026,-0.005607,-0.007416,0.004814,calib
211.96900,6.060000,0.770000,17.050000,0.127854,0.169948,0.471026,-0.005607,-0.007416,0.004814,calib
211.96900,6.050000,0.790000,17.050000,0.120211,0.165807,0.491621,-0.005470,-0.007267,0.004713,calib
212.04700,6.030000,0.760000,17.050000,0.120181,0.166079,0.481173,-0.005468,-0.007459,0.004709,calib
212.04700,5.980000,0.790000,17.050000,0.113337,0.170302,0.491541,-0.005602,-0.007506,0.004821,calib
212.06300,6.030000,0.770000,17.080000,0.113337,0.170302,0.491541,-0.005602,-0.007506,0.004821,calib
212.07900,6.060000,0.780000,17.060000,0.113337,0.170302,0.491541,-0.005602,-0.007506,0.004821,calib
212.09400,6.020000,0.790000,17.010000,0.120129,0.157688,0.481222,-0.005527,-0.007460,0.004817,calib
212.21900,5.980000,0.820000,16.880000,0.142561,0.177135,0.368359,-0.005398,-0.006859,0.004987,calib
212.23500,5.970000,0.820000,16.860000,0.135488,0.189703,0.368396,-0.005309,-0.006809,0.004985,calib
212.25000,6.000000,0.810000,16.880000,0.135488,0.189703,0.368396,-0.005309,-0.006809,0.004985,calib
212.26600,5.940000,0.830000,16.900000,0.135887,0.189404,0.358140,-0.005477,-0.006716,0.004983,calib
212.26600,5.960000,0.820000,16.900000,0.142762,0.193871,0.368506,-0.005281,-0.006860,0.005092,calib
212.32900,6.000000,0.830000,16.800000,0.156914,0.176392,0.317023,-0.005242,-0.006487,0.004966,calib
212.34400,6.010000,0.830000,16.760000,0.156632,0.176347,0.306741,-0.005077,-0.006391,0.004961,calib
212.36000,5.950000,0.850000,16.740000,0.157032,0.176048,0.296485,-0.005245,-0.006298,0.004959,calib
212.36000,5.980000,0.840000,16.750000,0.149876,0.180498,0.286122,-0.005213,-0.006439,0.005061,calib
212.37500,5.910000,0.850000,16.760000,0.149646,0.188843,0.275791,-0.004990,-0.006344,0.004946,calib
212.43800,5.950000,0.870000,16.620000,0.178777,0.179129,0.224719,-0.005064,-0.005786,0.005038,calib
212.45400,5.940000,0.860000,16.590000,0.178495,0.179084,0.214437,-0.004900,-0.005690,0.005032,calib
212.46900,5.900000,0.870000,16.590000,0.178464,0.179356,0.203989,-0.004898,-0.005882,0.005027,calib
212.48500,5.980000,0.870000,16.590000,0.178464,0.179356,0.203989,-0.004898,-0.005882,0.005027,calib
212.48500,5.910000,0.860000,16.610000,0.171339,0.183534,0.204074,-0.004868,-0.005834,0.005134,calib
212.54700,5.940000,0.860000,16.660000,0.163947,0.179710,0.224504,-0.004893,-0.005971,0.005034,calib
212.56300,5.940000,0.810000,16.600000,0.163947,0.179710,0.224504,-0.004893,-0.005971,0.005034,calib
212.57900,5.950000,0.830000,16.620000,0.163978,0.179438,0.234952,-0.004895,-0.005779,0.005039,calib
212.59400,5.910000,0.830000,16.620000,0.171621,0.183579,0.214357,-0.005032,-0.005928,0.005139,calib
212.59400,5.910000,0.840000,16.620000,0.164526,0.187485,0.224890,-0.005004,-0.005686,0.005251,calib
212.65700,5.920000,0.860000,16.650000,0.164260,0.179483,0.245234,-0.005059,-0.005874,0.005045,calib
212.67200,5.920000,0.870000,16.630000,0.171252,0.183606,0.235061,-0.004866,-0.005830,0.005146,calib
212.68800,5.860000,0.820000,16.610000,0.156853,0.183615,0.235037,-0.004865,-0.005729,0.005145,calib
212.70400,5.920000,0.840000,16.620000,0.157273,0.191979,0.214285,-0.004972,-0.005827,0.005030,calib
212.70400,5.870000,0.850000,16.630000,0.157156,0.192323,0.234823,-0.004968,-0.006017,0.005038,calib
212.76600,5.900000,0.840000,16.710000,0.157864,0.208949,0.296968,-0.005181,-0.006012,0.005172,calib
212.78200,5.910000,0.840000,16.730000,0.164989,0.204772,0.296883,-0.005211,-0.006062,0.005066,calib
212.79700,5.880000,0.830000,16.730000,0.164338,0.204753,0.307305,-0.004880,-0.005868,0.005067,calib
212.79700,5.910000,0.840000,16.700000,0.171442,0.191913,0.317716,-0.004971,-0.005726,0.005073,calib
212.81300,5.910000,0.830000,16.730000,0.179050,0.204517,0.328058,-0.005049,-0.005873,0.005078,calib
212.89100,5.910000,0.870000,16.730000,0.201698,0.224341,0.359707,-0.005243,-0.005449,0.005309,calib
212.90700,5.940000,0.880000,16.720000,0.215816,0.224286,0.349448,-0.005080,-0.005455,0.005304,calib
212.92200,5.870000,0.870000,16.740000,0.216215,0.223988,0.339191,-0.005248,-0.005360,0.005302,calib
212.93800,5.880000,0.900000,16.750000,0.216728,0.240497,0.360068,-0.005297,-0.005265,0.005418,calib
212.95400,5.890000,0.870000,16.770000,0.216728,0.240497,0.360068,-0.005297,-0.005265,0.005418,calib
213.03200,5.870000,0.850000,16.820000,0.187375,0.224812,0.421491,-0.005401,-0.005631,0.005334,calib
213.04700,5.850000,0.850000,16.840000,0.180101,0.220644,0.421382,-0.005430,-0.005579,0.005227,calib
213.06300,5.900000,0.840000,16.870000,0.180071,0.220916,0.410934,-0.005428,-0.005771,0.005222,calib
213.06300,5.820000,0.820000,16.880000,0.165553,0.221270,0.431449,-0.005423,-0.005860,0.005230,calib
213.07900,5.870000,0.810000,16.890000,0.158279,0.217102,0.431340,-0.005451,-0.005809,0.005122,calib
213.15700,5.850000,0.840000,16.920000,0.129347,0.209781,0.472010,-0.005662,-0.006272,0.004924,calib
213.17200,5.840000,0.800000,16.930000,0.129347,0.209781,0.472010,-0.005662,-0.006272,0.004924,calib
213.18800,5.830000,0.760000,16.960000,0.114830,0.210135,0.492525,-0.005657,-0.006361,0.004931,calib
213.20400,5.830000,0.740000,17.000000,0.107674,0.214584,0.482163,-0.005625,-0.006503,0.005033,calib
213.21900,5.830000,0.770000,16.970000,0.100399,0.210416,0.482054,-0.005653,-0.006452,0.004926,calib
213.28200,5.830000,0.720000,16.910000,0.077397,0.173493,0.450668,-0.005414,-0.006589,0.004910,calib
213.29700,5.840000,0.740000,16.910000,0.077397,0.173493,0.450668,-0.005414,-0.006589,0.004910,calib
213.31300,5.860000,0.710000,16.940000,0.070122,0.169326,0.450559,-0.005442,-0.006539,0.004803,calib
213.31300,5.820000,0.720000,16.960000,0.069974,0.169941,0.460650,-0.005437,-0.006919,0.004806,calib
213.32900,5.830000,0.740000,16.930000,0.062449,0.165456,0.460707,-0.005303,-0.006581,0.004698,calib
213.39100,5.880000,0.730000,16.920000,0.098070,0.152552,0.460882,-0.005232,-0.006546,0.004700,calib
213.40700,5.870000,0.740000,16.930000,0.098070,0.152552,0.460882,-0.005232,-0.006546,0.004700,calib
213.42200,5.880000,0.730000,16.960000,0.098100,0.152280,0.471330,-0.005235,-0.006353,0.004704,calib
213.43800,5.900000,0.740000,16.930000,0.112500,0.152270,0.471353,-0.005236,-0.006454,0.004705,calib
213.45400,5.880000,0.750000,16.930000,0.119805,0.156166,0.481910,-0.005210,-0.006312,0.004817,calib
213.51600,5.930000,0.780000,16.930000,0.156391,0.167862,0.492657,-0.005298,-0.006085,0.004824,calib
213.53200,5.910000,0.820000,16.920000,0.163665,0.172030,0.492766,-0.005269,-0.006136,0.004932,calib
213.54700,5.960000,0.820000,16.900000,0.171088,0.175582,0.482785,-0.005246,-0.005805,0.005036,calib
213.56300,5.910000,0.780000,16.880000,0.178213,0.171404,0.482699,-0.005276,-0.005855,0.004929,calib
213.57900,5.910000,0.800000,16.870000,0.185605,0.175228,0.462269,-0.005251,-0.005717,0.005029,calib
213.64100,5.860000,0.780000,16.870000,0.192848,0.170707,0.441645,-0.005285,-0.005577,0.004914,calib
213.65700,5.890000,0.830000,16.840000,0.192848,0.170707,0.441645,-0.005285,-0.005577,0.004914,calib
213.67200,5.940000,0.820000,16.820000,0.191965,0.154224,0.441473,-0.005070,-0.005575,0.004805,calib
213.67200,5.960000,0.810000,16.820000,0.199639,0.158094,0.431326,-0.005209,-0.005533,0.004910,calib
213.68800,5.920000,0.800000,16.800000,0.199156,0.141312,0.420897,-0.005162,-0.005436,0.004799,calib
213.78200,5.960000,0.820000,16.740000,0.227488,0.132196,0.390337,-0.004900,-0.005066,0.004894,calib
213.79700,6.000000,0.830000,16.700000,0.227237,0.131879,0.390503,-0.004738,-0.004778,0.004893,calib
213.81300,5.970000,0.850000,16.700000,0.227636,0.131580,0.380246,-0.004906,-0.004684,0.004891,calib
213.82900,5.980000,0.840000,16.700000,0.227606,0.131852,0.369799,-0.004904,-0.004877,0.004886,calib
213.82900,5.900000,0.790000,16.720000,0.220481,0.136030,0.369884,-0.004874,-0.004828,0.004993,calib
213.89100,5.920000,0.780000,16.720000,0.197494,0.115960,0.369388,-0.004516,-0.004959,0.004773,calib
213.92200,5.940000,0.770000,16.710000,0.190199,0.103129,0.379776,-0.004605,-0.004717,0.004779,calib
213.92200,5.930000,0.770000,16.700000,0.182894,0.099233,0.369219,-0.004631,-0.004858,0.004667,calib
213.93800,5.910000,0.780000,16.740000,0.182776,0.099577,0.389757,-0.004628,-0.005047,0.004675,calib
213.95400,5.940000,0.760000,16.730000,0.175450,0.087019,0.389697,-0.004715,-0.004998,0.004676,calib
214.03200,5.860000,0.730000,16.760000,0.117643,0.088218,0.378798,-0.004699,-0.005361,0.004667,calib
214.04700,5.900000,0.730000,16.760000,0.117361,0.088172,0.368516,-0.004535,-0.005265,0.004662,calib
214.06300,5.930000,0.700000,16.690000,0.116878,0.071391,0.358087,-0.004488,-0.005169,0.004550,calib
214.07900,5.920000,0.740000,16.580000,0.123906,0.067052,0.316976,-0.004355,-0.005129,0.004748,calib
214.09400,5.940000,0.730000,16.500000,0.130954,0.062413,0.255083,-0.004225,-0.004897,0.004615,calib
214.14100,5.660000,0.760000,16.140000,0.068094,0.124754,-0.085553,-0.003956,-0.004769,0.004791,calib
214.15700,5.650000,0.800000,16.070000,0.075369,0.128922,-0.085444,-0.003927,-0.004821,0.004898,calib
214.17200,5.640000,0.800000,15.940000,0.068166,0.132638,-0.147166,-0.003738,-0.004489,0.004979,calib
214.18800,5.550000,0.790000,15.820000,0.068857,0.131852,-0.239934,-0.003912,-0.004213,0.004944,calib
214.20400,5.540000,0.850000,15.650000,0.069170,0.140027,-0.332942,-0.003857,-0.004221,0.004799,calib
214.26600,5.200000,0.980000,14.900000,0.051562,0.207725,-0.827315,-0.004058,-0.002979,0.005138,calib
214.28200,5.180000,1.010000,14.780000,0.059410,0.211450,-0.899435,-0.004200,-0.002942,0.005219,calib
214.29700,5.160000,1.020000,14.690000,0.052229,0.223829,-0.971653,-0.003949,-0.002804,0.005186,calib
214.29700,5.050000,1.070000,14.530000,0.039056,0.248224,-1.054065,-0.004110,-0.002523,0.005154,calib
214.31300,5.000000,1.100000,14.370000,0.032104,0.252258,-1.115953,-0.004083,-0.002478,0.005236,calib
214.37500,4.820000,1.030000,13.930000,-0.105668,0.232389,-1.437141,-0.003554,-0.002316,0.004879,calib
214.39100,4.830000,1.050000,13.900000,-0.119699,0.232372,-1.457869,-0.003718,-0.002314,0.004872,calib
214.40700,4.840000,1.060000,13.870000,-0.134328,0.240727,-1.468224,-0.003493,-0.002118,0.004757,calib
214.42200,4.810000,1.050000,13.880000,-0.141685,0.228441,-1.478732,-0.003578,-0.002259,0.004754,calib
214.42200,4.790000,1.030000,13.840000,-0.141234,0.236533,-1.489037,-0.003687,-0.002165,0.004643,calib
214.50000,4.800000,1.050000,13.730000,-0.156199,0.211643,-1.509888,-0.003695,-0.002161,0.004635,calib
214.51600,4.770000,1.070000,13.720000,-0.163042,0.215866,-1.499520,-0.003830,-0.002207,0.004748,calib
214.53200,4.770000,1.060000,13.700000,-0.163042,0.215866,-1.499520,-0.003830,-0.002207,0.004748,calib
214.53200,4.770000,1.060000,13.680000,-0.155886,0.211416,-1.489158,-0.003862,-0.002064,0.004646,calib
214.54700,4.790000,1.050000,13.710000,-0.155917,0.211688,-1.499606,-0.003860,-0.002257,0.004641,calib
214.61000,4.720000,1.050000,13.610000,-0.170170,0.186273,-1.509983,-0.004202,-0.002063,0.004642,calib
214.62500,4.760000,1.090000,13.600000,-0.170569,0.186572,-1.499727,-0.004034,-0.002156,0.004643,calib
214.64100,4.710000,1.050000,13.620000,-0.163444,0.182394,-1.499813,-0.004064,-0.002205,0.004537,calib
214.65700,4.740000,1.060000,13.580000,-0.163496,0.174004,-1.499764,-0.004123,-0.002206,0.004645,calib
214.67200,4.760000,1.060000,13.590000,-0.163496,0.174004,-1.499764,-0.004123,-0.002206,0.004645,calib
214.73500,4.720000,1.040000,13.550000,-0.141798,0.144864,-1.562063,-0.004495,-0.002649,0.004518,calib
214.75000,4.700000,1.050000,13.530000,-0.134044,0.132042,-1.562074,-0.004917,-0.002701,0.004524,calib
214.76600,4.730000,1.070000,13.530000,-0.127370,0.119773,-1.551855,-0.004837,-0.002845,0.004528,calib
214.78200,4.730000,1.060000,13.530000,-0.112920,0.103345,-1.552143,-0.005119,-0.003232,0.004424,calib
214.79700,4.760000,1.060000,13.510000,-0.105868,0.082115,-1.541684,-0.005268,-0.003090,0.004539,calib
214.86000,4.690000,1.060000,13.480000,-0.062842,0.015460,-1.531838,-0.006069,-0.003773,0.004448,calib
214.87500,4.730000,1.090000,13.480000,-0.077242,0.015470,-1.531862,-0.006067,-0.003672,0.004448,calib
214.89100,4.730000,1.090000,13.480000,-0.077190,0.023860,-1.531910,-0.006009,-0.003672,0.004339,calib
214.90700,4.730000,1.050000,13.460000,-0.069835,0.011337,-1.521665,-0.006262,-0.003817,0.004347,calib
214.92200,4.740000,1.070000,13.460000,-0.062908,0.024194,-1.511348,-0.006007,-0.003961,0.004348,calib
215.00000,4.710000,1.020000,13.430000,-0.070291,0.011436,-1.469974,-0.006095,-0.003716,0.004366,calib
215.01600,4.720000,1.060000,13.440000,-0.063068,0.007213,-1.469816,-0.006125,-0.003768,0.004582,calib
215.03200,4.700000,1.040000,13.430000,-0.063068,0.007213,-1.469816,-0.006125,-0.003768,0.004582,calib
215.04700,4.710000,1.060000,13.420000,-0.055943,0.003036,-1.469902,-0.006155,-0.003817,0.004475,calib
215.06300,4.700000,1.050000,13.410000,-0.062849,-0.001159,-1.490716,-0.006349,-0.003864,0.004361,calib
215.12500,4.700000,1.100000,13.410000,-0.055544,0.002737,-1.480159,-0.006323,-0.003723,0.004473,calib
215.14100,4.720000,1.090000,13.400000,-0.055974,0.003308,-1.480350,-0.006153,-0.004010,0.004470,calib
215.15700,4.700000,1.090000,13.400000,-0.055974,0.003308,-1.480350,-0.006153,-0.004010,0.004470,calib
215.15700,4.720000,1.090000,13.420000,-0.055974,0.003308,-1.480350,-0.006153,-0.004010,0.004470,calib
215.17200,4.690000,1.070000,13.410000,-0.055574,0.003009,-1.490607,-0.006321,-0.003915,0.004468,calib
215.23500,4.690000,1.080000,13.400000,-0.056204,0.011653,-1.490681,-0.005930,-0.003913,0.004356,calib
215.26600,4.710000,1.070000,13.370000,-0.055522,0.011400,-1.490655,-0.006262,-0.003914,0.004360,calib
215.26600,4.700000,1.020000,13.390000,-0.055804,0.011354,-1.500937,-0.006098,-0.003819,0.004354,calib
215.28200,4.690000,1.070000,13.390000,-0.055574,0.003009,-1.490607,-0.006321,-0.003915,0.004468,calib
215.29700,4.700000,1.040000,13.370000,-0.062648,0.015577,-1.490569,-0.006232,-0.003866,0.004467,calib
215.36000,4.710000,1.110000,13.360000,-0.077113,0.024321,-1.470103,-0.006168,-0.003953,0.004365,calib
215.37500,4.690000,1.070000,13.370000,-0.077113,0.024321,-1.470103,-0.006168,-0.003953,0.004365,calib
215.39100,4.680000,1.090000,13.370000,-0.077113,0.024321,-1.470103,-0.006168,-0.003953,0.004365,calib
215.40700,4.710000,1.060000,13.350000,-0.084238,0.028499,-1.470017,-0.006138,-0.003903,0.004472,calib
215.40700,4.710000,1.070000,13.360000,-0.098555,0.036627,-1.459641,-0.006080,-0.003610,0.004368,calib
215.46900,4.700000,1.070000,13.360000,-0.127378,0.069737,-1.438039,-0.005515,-0.003030,0.005227,calib
215.48500,4.710000,1.080000,13.350000,-0.127378,0.069737,-1.438039,-0.005515,-0.003030,0.005227,calib
215.50000,4.720000,1.040000,13.350000,-0.134607,0.057134,-1.437856,-0.005603,-0.002981,0.005551,calib
215.50000,4.700000,1.080000,13.360000,-0.127554,0.035903,-1.427396,-0.005753,-0.002840,0.005666,calib
215.51600,4.680000,1.060000,13.340000,-0.113207,0.027503,-1.427324,-0.005813,-0.002940,0.005775,calib
215.57900,4.700000,1.080000,13.330000,-0.099887,-0.031485,-1.406334,-0.005898,-0.002657,0.006217,calib
215.59400,4.680000,1.070000,13.330000,-0.099918,-0.031213,-1.416782,-0.005896,-0.002848,0.006213,calib
215.61000,4.710000,1.070000,13.350000,-0.099236,-0.031466,-1.416756,-0.006228,-0.002850,0.006217,calib
215.62500,4.670000,1.060000,13.340000,-0.106459,-0.027244,-1.416914,-0.006198,-0.002798,0.006001,calib
215.64100,4.700000,1.060000,13.330000,-0.121119,-0.018617,-1.437716,-0.005971,-0.002794,0.005881,calib
215.68800,4.680000,1.070000,13.320000,-0.099017,0.035540,-1.458414,-0.005594,-0.002753,0.005331,calib
215.70400,4.700000,1.100000,13.330000,-0.099299,0.035494,-1.468696,-0.005430,-0.002658,0.005325,calib
215.71900,4.670000,1.080000,13.310000,-0.092024,0.039662,-1.468587,-0.005402,-0.002709,0.005432,calib
215.73500,4.680000,1.070000,13.330000,-0.091476,0.047709,-1.478649,-0.005511,-0.002618,0.005644,calib
215.75000,4.650000,1.080000,13.330000,-0.105875,0.047719,-1.478672,-0.005510,-0.002517,0.005644,calib
215.81300,4.660000,1.070000,13.300000,-0.134077,0.165314,-1.530873,-0.004518,-0.002410,0.004424,calib
215.84400,4.680000,1.080000,13.300000,-0.141433,0.177836,-1.541118,-0.004265,-0.002265,0.004416,calib
215.86000,4.640000,1.060000,13.330000,-0.126099,0.202700,-1.540971,-0.004422,-0.002367,0.004418,calib
215.86000,4.670000,1.090000,13.310000,-0.140759,0.211326,-1.561773,-0.004196,-0.002363,0.004298,calib
215.87500,4.670000,1.080000,13.310000,-0.147884,0.215504,-1.561688,-0.004166,-0.002314,0.004405,calib
215.93800,4.690000,1.070000,13.300000,-0.105391,0.173296,-1.561695,-0.004301,-0.002327,0.004303,calib
215.95400,4.690000,1.080000,13.290000,-0.098065,0.185854,-1.561635,-0.004214,-0.002376,0.004302,calib
215.96900,4.700000,1.120000,13.300000,-0.098034,0.185582,-1.551187,-0.004216,-0.002184,0.004307,calib
215.98500,4.660000,1.080000,13.290000,-0.090627,0.181450,-1.540991,-0.004410,-0.002329,0.004206,calib
216.00000,4.690000,1.070000,13.310000,-0.097752,0.185627,-1.540905,-0.004380,-0.002279,0.004313,calib
216.07900,4.690000,1.100000,13.290000,-0.068502,0.193700,-1.551163,-0.004493,-0.002386,0.004204,calib
216.09400,4.690000,1.110000,13.270000,-0.061849,0.172768,-1.530447,-0.004474,-0.002338,0.004320,calib
216.11000,4.690000,1.100000,13.290000,-0.040376,0.160190,-1.530461,-0.004565,-0.002489,0.004323,calib
216.12500,4.690000,1.050000,13.280000,-0.025977,0.160180,-1.530437,-0.004566,-0.002589,0.004323,calib
216.14100,4.660000,1.050000,13.290000,-0.011379,0.143136,-1.540817,-0.004853,-0.002595,0.004217,calib
216.20400,4.680000,1.090000,13.280000,0.010577,0.147340,-1.530402,-0.004990,-0.002842,0.004330,calib
216.21900,4.690000,1.070000,13.280000,0.003786,0.159953,-1.520082,-0.005066,-0.002887,0.004334,calib
216.21900,4.680000,1.070000,13.270000,0.004067,0.159998,-1.509800,-0.005231,-0.002982,0.004340,calib
216.23500,4.650000,1.070000,13.290000,0.011193,0.155821,-1.509886,-0.005261,-0.003033,0.004233,calib
216.25000,4.670000,1.080000,13.260000,-0.023857,0.128601,-1.372564,-0.005455,0.001433,0.005054,calib
216.32900,4.680000,1.080000,13.280000,0.057928,0.044524,-1.391294,-0.007215,0.003069,0.005938,calib
216.34400,4.670000,1.080000,13.270000,0.057455,0.027769,-1.370492,-0.007167,0.003165,0.006161,calib
216.36000,4.650000,1.080000,13.280000,0.057434,0.019107,-1.359996,-0.007228,0.003357,0.006274,calib
216.36000,4.620000,1.060000,13.270000,0.050297,0.005688,-1.328469,-0.007322,0.003982,0.006612,calib
216.37500,4.650000,1.050000,13.270000,0.043006,-0.008094,-1.296533,-0.007254,0.004893,0.007271,calib
216.45400,4.690000,1.110000,13.260000,0.006592,-0.043513,-0.971802,-0.010313,0.010845,0.008741,calib
216.46900,4.680000,1.060000,13.250000,0.001544,-0.050073,-0.909147,-0.011351,0.012045,0.008674,calib
216.48500,4.680000,1.080000,13.300000,-0.011718,-0.042969,-0.857119,-0.011796,0.012819,0.008594,calib
216.48500,4.660000,1.060000,13.260000,-0.025702,-0.026405,-0.836510,-0.011843,0.013016,0.008387,calib
216.50000,4.660000,1.070000,13.260000,-0.047068,-0.022807,-0.815308,-0.011816,0.013549,0.008825,calib
216.57900,4.650000,1.080000,13.270000,0.057867,0.186837,-0.971007,-0.011516,0.011973,0.007034,calib
216.59400,4.670000,1.080000,13.260000,0.050366,0.233600,-1.003073,-0.011022,0.011742,0.005617,calib
216.61000,4.660000,1.110000,13.250000,0.035442,0.276811,-1.025157,-0.010550,0.011180,0.004095,calib
216.62500,4.650000,1.050000,13.250000,0.028897,0.306540,-1.046574,-0.010671,0.010848,0.003227,calib
216.64100,4.630000,1.110000,13.240000,0.007405,0.328233,-1.057953,-0.010681,0.010526,0.002145,calib
216.70400,4.680000,1.050000,13.260000,-0.062464,0.348253,-1.101823,-0.012014,0.008252,0.000952,calib
216.71900,4.670000,1.090000,13.260000,-0.048019,0.339808,-1.101508,-0.012075,0.008150,0.001383,calib
216.73500,4.680000,1.050000,13.230000,-0.040597,0.327512,-1.101467,-0.012327,0.007810,0.001708,calib
216.75000,4.650000,1.060000,13.240000,-0.054536,0.310832,-1.080829,-0.012772,0.007719,0.001936,calib
216.76600,4.640000,1.090000,13.240000,-0.060802,0.298021,-1.070338,-0.013356,0.007671,0.002269,calib
216.82900,4.680000,1.100000,13.230000,-0.151006,0.240223,-0.894329,-0.015733,0.009865,0.001941,calib
216.84400,4.680000,1.050000,13.230000,-0.150914,0.239407,-0.862985,-0.015740,0.010441,0.001955,calib
216.86000,4.690000,1.100000,13.220000,-0.165283,0.239144,-0.852560,-0.015740,0.010734,0.001959,calib
216.87500,4.650000,1.100000,13.240000,-0.165192,0.238328,-0.821217,-0.015747,0.011310,0.001974,calib
216.89100,4.670000,1.100000,13.240000,-0.172123,0.233662,-0.790148,-0.015944,0.011650,0.001882,calib
216.95400,4.640000,1.090000,13.240000,-0.167539,0.304389,-0.705948,-0.013632,0.012853,0.002748,calib
216.98500,4.660000,1.090000,13.230000,-0.169750,0.330872,-0.674889,-0.012288,0.012572,0.003065,calib
217.00000,4.660000,1.050000,13.240000,-0.166524,0.364150,-0.623948,-0.010233,0.010907,0.003486,calib
217.01600,4.670000,1.060000,13.230000,-0.155491,0.392997,-0.573067,-0.008540,0.009192,0.003803,calib
217.01600,4.660000,1.080000,13.240000,-0.157895,0.412685,-0.522187,-0.007405,0.007862,0.003913,calib
217.07900,4.660000,1.070000,13.220000,-0.136403,0.463582,-0.411129,-0.004064,0.003478,0.004014,calib
217.11000,4.650000,1.050000,13.220000,-0.129708,0.459975,-0.411407,-0.003924,0.003144,0.003904,calib
217.12500,4.620000,1.080000,13.220000,-0.130107,0.460274,-0.401150,-0.003756,0.003049,0.003906,calib
217.12500,4.610000,1.090000,13.220000,-0.130257,0.451929,-0.401345,-0.003814,0.003050,0.003692,calib
217.14100,4.630000,1.070000,13.230000,-0.124182,0.448031,-0.380752,-0.003346,0.003101,0.003589,calib
217.21900,4.670000,1.070000,13.200000,-0.023849,0.353873,-0.594908,-0.009285,-0.007136,0.001192,calib
217.23500,4.660000,1.100000,13.190000,-0.007196,0.337818,-0.626628,-0.010719,-0.008392,0.001086,calib
217.25000,4.670000,1.080000,13.220000,0.016698,0.299672,-0.616302,-0.012309,-0.008930,0.001433,calib
217.26600,4.640000,1.080000,13.210000,0.053516,0.252454,-0.574203,-0.013140,-0.008705,0.002215,calib
217.28200,4.670000,1.040000,13.210000,-0.043570,0.277090,-0.458229,-0.010652,-0.003634,0.002026,calib
217.34400,4.620000,1.120000,13.200000,-0.079393,0.284803,-0.260325,-0.006960,-0.000917,0.002604,calib
217.36000,4.680000,1.110000,13.230000,-0.079792,0.285102,-0.250069,-0.006792,-0.001012,0.002606,calib
217.37500,4.620000,1.070000,13.220000,-0.080044,0.284784,-0.249903,-0.006630,-0.000724,0.002605,calib
217.39100,4.660000,1.020000,13.210000,-0.080193,0.276439,-0.250098,-0.006688,-0.000722,0.002391,calib
217.40700,4.680000,1.090000,13.220000,-0.087288,0.280344,-0.239565,-0.006661,-0.000481,0.002502,calib
217.46900,4.630000,1.050000,13.210000,-0.087687,0.280643,-0.229308,-0.006493,-0.000574,0.002504,calib
217.48500,4.630000,1.100000,13.200000,-0.087635,0.289033,-0.229357,-0.006434,-0.000574,0.002396,calib
217.50000,4.640000,1.070000,13.210000,-0.073287,0.280633,-0.229285,-0.006494,-0.000675,0.002505,calib
217.51600,4.630000,1.040000,13.210000,-0.087687,0.280643,-0.229308,-0.006493,-0.000574,0.002504,calib
217.51600,4.660000,1.060000,13.220000,-0.073569,0.280588,-0.239567,-0.006330,-0.000580,0.002499,calib
217.59400,4.650000,1.100000,13.200000,-0.081191,0.285109,-0.229468,-0.006131,-0.000623,0.002285,calib
217.61000,4.680000,1.080000,13.200000,-0.081042,0.293455,-0.229273,-0.006073,-0.000623,0.002499,calib
217.61000,4.650000,1.080000,13.210000,-0.073969,0.280887,-0.229310,-0.006162,-0.000673,0.002501,calib
217.62500,4.640000,1.110000,13.200000,-0.081094,0.285064,-0.229225,-0.006132,-0.000624,0.002608,calib
217.64100,4.630000,1.080000,13.220000,-0.080931,0.276492,-0.208689,-0.006357,-0.000526,0.002404,calib
217.70400,4.660000,1.080000,13.190000,-0.088368,0.280896,-0.229334,-0.006160,-0.000574,0.002500,calib
217.71900,4.650000,1.080000,13.190000,-0.088086,0.280942,-0.219052,-0.006325,-0.000668,0.002506,calib
217.73500,4.680000,1.100000,13.190000,-0.087687,0.280643,-0.229308,-0.006493,-0.000574,0.002504,calib
217.75000,4.650000,1.050000,13.190000,-0.088086,0.280942,-0.219052,-0.006325,-0.000668,0.002506,calib
217.76600,4.630000,1.110000,13.180000,-0.088368,0.280896,-0.229334,-0.006160,-0.000574,0.002500,calib
217.84400,4.620000,1.070000,13.180000,-0.088086,0.280942,-0.219052,-0.006325,-0.000668,0.002506,calib
217.86000,4.630000,1.060000,13.210000,-0.088368,0.280896,-0.229334,-0.006160,-0.000574,0.002500,calib
217.86000,4.620000,1.050000,13.210000,-0.081094,0.285064,-0.229225,-0.006132,-0.000624,0.002608,calib
217.87500,4.660000,1.040000,13.190000,-0.088317,0.289287,-0.229383,-0.006101,-0.000572,0.002392,calib
217.89100,4.640000,1.070000,13.210000,-0.081191,0.285109,-0.229468,-0.006131,-0.000623,0.002285,calib
217.96900,4.640000,1.090000,13.180000,-0.081191,0.285109,-0.229468,-0.006131,-0.000623,0.002285,calib
217.98500,4.620000,1.050000,13.210000,-0.081161,0.284837,-0.219020,-0.006134,-0.000431,0.002290,calib
218.00000,4.650000,1.090000,13.190000,-0.081560,0.285136,-0.208764,-0.005966,-0.000525,0.002292,calib
218.01600,4.640000,1.080000,13.190000,-0.081591,0.285408,-0.219212,-0.005964,-0.000717,0.002287,calib
218.01600,4.640000,1.080000,13.190000,-0.081140,0.293499,-0.229517,-0.006073,-0.000623,0.002177,calib
218.09400,4.630000,1.100000,13.180000,-0.074266,0.289005,-0.229437,-0.005940,-0.000384,0.002069,calib
218.12500,4.650000,1.070000,13.190000,-0.074383,0.289348,-0.208898,-0.005937,-0.000574,0.002077,calib
218.14100,4.620000,1.070000,13.180000,-0.074383,0.289348,-0.208898,-0.005937,-0.000574,0.002077,calib
218.14100,4.610000,1.060000,13.170000,-0.081821,0.293753,-0.229543,-0.005740,-0.000620,0.002173,calib
218.15700,4.610000,1.100000,13.180000,-0.081457,0.301916,-0.208861,-0.005848,-0.000523,0.002075,calib
218.23500,4.660000,1.080000,13.190000,-0.074383,0.289348,-0.208898,-0.005937,-0.000574,0.002077,calib
218.25000,4.630000,1.070000,13.190000,-0.081508,0.293526,-0.208812,-0.005907,-0.000523,0.002184,calib
218.26600,4.650000,1.060000,13.170000,-0.074383,0.289348,-0.208898,-0.005937,-0.000574,0.002077,calib
218.26600,4.640000,1.090000,13.180000,-0.081790,0.293481,-0.219095,-0.005742,-0.000429,0.002178,calib
218.28200,4.640000,1.070000,13.180000,-0.081508,0.293526,-0.208812,-0.005907,-0.000523,0.002184,calib
218.36000,4.660000,1.080000,13.160000,-0.089115,0.289884,-0.208870,-0.005766,-0.000760,0.002396,calib
218.37500,4.620000,1.090000,13.160000,-0.081591,0.285408,-0.219212,-0.005964,-0.000717,0.002287,calib
218.39100,4.620000,1.060000,13.180000,-0.088967,0.289268,-0.218960,-0.005771,-0.000380,0.002393,calib
218.40700,4.650000,1.090000,13.170000,-0.081560,0.285136,-0.208764,-0.005966,-0.000525,0.002292,calib
218.40700,4.650000,1.120000,13.170000,-0.089115,0.289884,-0.208870,-0.005766,-0.000760,0.002396,calib
218.48500,4.620000,1.110000,13.170000,-0.081842,0.285090,-0.219046,-0.005801,-0.000429,0.002286,calib
218.50000,4.610000,1.080000,13.150000,-0.081591,0.285408,-0.219212,-0.005964,-0.000717,0.002287,calib
218.51600,4.650000,1.090000,13.170000,-0.081960,0.285434,-0.198507,-0.005798,-0.000619,0.002294,calib
218.53200,4.650000,1.080000,13.170000,-0.081960,0.285434,-0.198507,-0.005798,-0.000619,0.002294,calib
218.54700,4.620000,1.100000,13.160000,-0.089115,0.289884,-0.208870,-0.005766,-0.000760,0.002396,calib
218.62500,4.600000,1.090000,13.170000,-0.081908,0.293825,-0.198556,-0.005739,-0.000617,0.002186,calib
218.64100,4.620000,1.040000,13.170000,-0.082138,0.302170,-0.208887,-0.005516,-0.000521,0.002071,calib
218.64100,4.650000,1.080000,13.170000,-0.089130,0.298047,-0.198714,-0.005709,-0.000566,0.001970,calib
218.65700,4.650000,1.080000,13.150000,-0.089130,0.298047,-0.198714,-0.005709,-0.000566,0.001970,calib
218.67200,4.620000,1.070000,13.170000,-0.089130,0.298047,-0.198714,-0.005709,-0.000566,0.001970,calib
218.73500,4.650000,1.060000,13.160000,-0.082138,0.302170,-0.208887,-0.005516,-0.000521,0.002071,calib
218.76600,4.640000,1.090000,13.170000,-0.081856,0.302215,-0.198605,-0.005680,-0.000617,0.002077,calib
218.78200,4.640000,1.090000,13.160000,-0.081908,0.293825,-0.198556,-0.005739,-0.000617,0.002186,calib
218.78200,4.640000,1.070000,13.160000,-0.081887,0.302487,-0.209053,-0.005678,-0.000809,0.002072,calib
218.79700,4.610000,1.110000,13.190000,-0.081887,0.302487,-0.209053,-0.005678,-0.000809,0.002072,calib
218.87500,4.610000,1.060000,13.150000,-0.082220,0.294051,-0.219286,-0.005572,-0.000714,0.002175,calib
218.89100,4.640000,1.110000,13.150000,-0.081938,0.294097,-0.209004,-0.005737,-0.000809,0.002181,calib
218.90700,4.610000,1.090000,13.170000,-0.082190,0.293779,-0.208838,-0.005575,-0.000522,0.002180,calib
218.90700,4.640000,1.070000,13.150000,-0.088783,0.289358,-0.208922,-0.005935,-0.000472,0.002076,calib
218.92200,4.640000,1.080000,13.150000,-0.081938,0.294097,-0.209004,-0.005737,-0.000809,0.002181,calib
219.00000,4.640000,1.100000,13.160000,-0.089495,0.289883,-0.219395,-0.005601,-0.000663,0.002068,calib
219.01600,4.650000,1.070000,13.150000,-0.082190,0.293779,-0.208838,-0.005575,-0.000522,0.002180,calib
219.03200,4.650000,1.090000,13.160000,-0.089085,0.289612,-0.198422,-0.005768,-0.000568,0.002401,calib
219.04700,4.630000,1.070000,13.160000,-0.089085,0.289612,-0.198422,-0.005768,-0.000568,0.002401,calib
219.04700,4.660000,1.070000,13.160000,-0.081908,0.293825,-0.198556,-0.005739,-0.000617,0.002186,calib
219.14100,4.620000,1.070000,13.160000,-0.082307,0.294123,-0.188300,-0.005571,-0.000712,0.002187,calib
219.15700,4.640000,1.100000,13.150000,-0.089182,0.289657,-0.198665,-0.005767,-0.000566,0.002078,calib
219.17200,4.630000,1.070000,13.150000,-0.081908,0.293825,-0.198556,-0.005739,-0.000617,0.002186,calib
219.17200,4.650000,1.080000,13.160000,-0.082589,0.294078,-0.198582,-0.005407,-0.000616,0.002182,calib
219.18800,4.630000,1.080000,13.130000,-0.089864,0.289910,-0.198691,-0.005435,-0.000565,0.002074,calib
219.25000,4.640000,1.070000,13.150000,-0.089663,0.306646,-0.198545,-0.005318,-0.000566,0.002180,calib
219.26600,4.660000,1.070000,13.150000,-0.096937,0.302478,-0.198654,-0.005346,-0.000516,0.002073,calib
219.28200,4.630000,1.070000,13.150000,-0.096655,0.302523,-0.188372,-0.005511,-0.000610,0.002078,calib
219.29700,4.610000,1.070000,13.150000,-0.096256,0.302225,-0.198628,-0.005679,-0.000516,0.002077,calib
219.31300,4.600000,1.110000,13.140000,-0.089530,0.298346,-0.188457,-0.005541,-0.000660,0.001972,calib
219.39100,4.650000,1.110000,13.150000,-0.089530,0.298346,-0.188457,-0.005541,-0.000660,0.001972,calib
219.40700,4.660000,1.090000,13.130000,-0.096634,0.311186,-0.198868,-0.005450,-0.000802,0.001965,calib
219.42200,4.640000,1.060000,13.140000,-0.096603,0.310914,-0.188420,-0.005452,-0.000610,0.001970,calib
219.42200,4.620000,1.070000,13.150000,-0.089478,0.306736,-0.188506,-0.005482,-0.000659,0.001863,calib
219.43800,4.620000,1.080000,13.160000,-0.089530,0.298346,-0.188457,-0.005541,-0.000660,0.001972,calib
219.50000,4.650000,1.070000,13.130000,-0.089530,0.298346,-0.188457,-0.005541,-0.000660,0.001972,calib
219.53200,4.660000,1.060000,13.150000,-0.089381,0.306691,-0.188262,-0.005482,-0.000661,0.002186,calib
219.54700,4.630000,1.070000,13.140000,-0.096655,0.302523,-0.188372,-0.005511,-0.000610,0.002078,calib
219.54700,4.640000,1.100000,13.140000,-0.096655,0.302523,-0.188372,-0.005511,-0.000610,0.002078,calib
219.56300,4.640000,1.080000,13.130000,-0.089381,0.306691,-0.188262,-0.005482,-0.000661,0.002186,calib
219.64100,4.650000,1.100000,13.150000,-0.089714,0.298255,-0.198496,-0.005377,-0.000566,0.002288,calib
219.65700,4.600000,1.060000,13.150000,-0.096655,0.302523,-0.188372,-0.005511,-0.000610,0.002078,calib
219.67200,4.640000,1.090000,13.130000,-0.089432,0.298301,-0.188214,-0.005541,-0.000661,0.002294,calib
219.68800,4.670000,1.080000,13.150000,-0.089381,0.306691,-0.188262,-0.005482,-0.000661,0.002186,calib
219.70400,4.640000,1.090000,13.140000,-0.096707,0.294133,-0.188323,-0.005570,-0.000610,0.002187,calib
219.76600,4.630000,1.070000,13.130000,-0.089862,0.298871,-0.188405,-0.005371,-0.000947,0.002291,calib
219.78200,4.630000,1.050000,13.140000,-0.089780,0.306990,-0.178006,-0.005314,-0.000755,0.002187,calib
219.79700,4.620000,1.080000,13.150000,-0.089432,0.298301,-0.188214,-0.005541,-0.000661,0.002294,calib
219.81300,4.670000,1.070000,13.140000,-0.096737,0.294405,-0.198771,-0.005567,-0.000803,0.002182,calib
219.82900,4.630000,1.050000,13.150000,-0.096737,0.294405,-0.198771,-0.005567,-0.000803,0.002182,calib
219.89100,4.630000,1.100000,13.120000,-0.096686,0.302795,-0.198820,-0.005509,-0.000802,0.002074,calib
219.90700,4.640000,1.060000,13.140000,-0.089780,0.306990,-0.178006,-0.005314,-0.000755,0.002187,calib
219.90700,4.630000,1.050000,13.130000,-0.082655,0.302812,-0.178092,-0.005344,-0.000804,0.002081,calib
219.92200,4.630000,1.090000,13.140000,-0.096773,0.302867,-0.167833,-0.005507,-0.000799,0.002086,calib
219.93800,4.600000,1.070000,13.140000,-0.089530,0.298346,-0.188457,-0.005541,-0.000660,0.001972,calib
220.00000,4.620000,1.090000,13.140000,-0.097003,0.311212,-0.178164,-0.005284,-0.000703,0.001972,calib
220.01600,4.630000,1.060000,13.140000,-0.096352,0.311231,-0.188586,-0.005614,-0.000897,0.001971,calib
220.03200,4.630000,1.090000,13.130000,-0.089478,0.306736,-0.188506,-0.005482,-0.000659,0.001863,calib
220.04700,4.610000,1.060000,13.120000,-0.089929,0.298644,-0.178201,-0.005373,-0.000753,0.001974,calib
220.06300,4.620000,1.120000,13.130000,-0.089728,0.315380,-0.178055,-0.005256,-0.000754,0.002079,calib
220.14100,4.600000,1.090000,13.130000,-0.097085,0.303094,-0.188563,-0.005341,-0.000896,0.002076,calib
220.15700,4.630000,1.070000,13.130000,-0.097055,0.302822,-0.178115,-0.005343,-0.000704,0.002080,calib
220.17200,4.620000,1.080000,13.150000,-0.097055,0.302822,-0.178115,-0.005343,-0.000704,0.002080,calib
220.18800,4.650000,1.060000,13.120000,-0.097055,0.302822,-0.178115,-0.005343,-0.000704,0.002080,calib
220.18800,4.650000,1.080000,13.130000,-0.097055,0.302822,-0.178115,-0.005343,-0.000704,0.002080,calib
220.28200,4.620000,1.060000,13.130000,-0.097055,0.302822,-0.178115,-0.005343,-0.000704,0.002080,calib
220.29700,4.630000,1.080000,13.120000,-0.097055,0.302822,-0.178115,-0.005343,-0.000704,0.002080,calib
220.31300,4.600000,1.040000,13.110000,-0.097055,0.302822,-0.178115,-0.005343,-0.000704,0.002080,calib
220.32900,4.640000,1.090000,13.130000,-0.097055,0.302822,-0.178115,-0.005343,-0.000704,0.002080,calib
220.34400,4.600000,1.090000,13.120000,-0.089780,0.306990,-0.178006,-0.005314,-0.000755,0.002187,calib
220.42200,4.620000,1.110000,13.150000,-0.097055,0.302822,-0.178115,-0.005343,-0.000704,0.002080,calib
220.43800,4.640000,1.080000,13.110000,-0.104180,0.306999,-0.178029,-0.005313,-0.000654,0.002187,calib
220.45400,4.630000,1.090000,13.120000,-0.104579,0.307298,-0.167773,-0.005145,-0.000748,0.002189,calib
220.46900,4.620000,1.090000,13.120000,-0.097055,0.302822,-0.178115,-0.005343,-0.000704,0.002080,calib
220.48500,4.640000,1.100000,13.120000,-0.097055,0.302822,-0.178115,-0.005343,-0.000704,0.002080,calib
220.56300,4.600000,1.100000,13.120000,-0.097033,0.311484,-0.188612,-0.005282,-0.000895,0.001967,calib
220.57900,4.620000,1.110000,13.110000,-0.097055,0.302822,-0.178115,-0.005343,-0.000704,0.002080,calib
220.59400,4.640000,1.070000,13.130000,-0.097454,0.303120,-0.167859,-0.005175,-0.000798,0.002082,calib
220.59400,4.640000,1.090000,13.110000,-0.096773,0.302867,-0.167833,-0.005507,-0.000799,0.002086,calib
220.61000,4.620000,1.070000,13.100000,-0.096773,0.302867,-0.167833,-0.005507,-0.000799,0.002086,calib
220.68800,4.600000,1.110000,13.100000,-0.103898,0.307045,-0.167747,-0.005477,-0.000749,0.002193,calib
220.70400,4.650000,1.110000,13.110000,-0.096773,0.302867,-0.167833,-0.005507,-0.000799,0.002086,calib
220.70400,4.640000,1.090000,13.110000,-0.097454,0.303120,-0.167859,-0.005175,-0.000798,0.002082,calib
220.71900,4.610000,1.070000,13.110000,-0.104297,0.307343,-0.157491,-0.005309,-0.000843,0.002195,calib
220.73500,4.610000,1.080000,13.120000,-0.104579,0.307298,-0.167773,-0.005145,-0.000748,0.002189,calib
220.79700,4.630000,1.060000,13.100000,-0.103898,0.307045,-0.167747,-0.005477,-0.000749,0.002193,calib
220.81300,4.610000,1.090000,13.110000,-0.104579,0.307298,-0.167773,-0.005145,-0.000748,0.002189,calib
220.82900,4.620000,1.090000,13.110000,-0.103898,0.307045,-0.167747,-0.005477,-0.000749,0.002193,calib
220.84400,4.610000,1.060000,13.120000,-0.104180,0.306999,-0.178029,-0.005313,-0.000654,0.002187,calib
220.86000,4.630000,1.060000,13.100000,-0.104579,0.307298,-0.167773,-0.005145,-0.000748,0.002189,calib
220.92200,4.650000,1.090000,13.100000,-0.104579,0.307298,-0.167773,-0.005145,-0.000748,0.002189,calib
220.93800,4.630000,1.090000,13.120000,-0.104631,0.298908,-0.167724,-0.005204,-0.000749,0.002297,calib
220.95400,4.640000,1.100000,13.100000,-0.104579,0.307298,-0.167773,-0.005145,-0.000748,0.002189,calib
220.95400,4.610000,1.070000,13.100000,-0.104180,0.306999,-0.178029,-0.005313,-0.000654,0.002187,calib
220.96900,4.630000,1.120000,13.100000,-0.104579,0.307298,-0.167773,-0.005145,-0.000748,0.002189,calib
221.04700,4.650000,1.070000,13.100000,-0.104231,0.298609,-0.177981,-0.005372,-0.000655,0.002295,calib
221.06300,4.600000,1.080000,13.100000,-0.104579,0.307298,-0.167773,-0.005145,-0.000748,0.002189,calib
221.07900,4.600000,1.090000,13.100000,-0.104631,0.298908,-0.167724,-0.005204,-0.000749,0.002297,calib
221.09400,4.610000,1.080000,13.110000,-0.104180,0.306999,-0.178029,-0.005313,-0.000654,0.002187,calib
221.09400,4.620000,1.070000,13.120000,-0.104579,0.307298,-0.167773,-0.005145,-0.000748,0.002189,calib
221.17200,4.610000,1.090000,13.090000,-0.104558,0.315960,-0.178270,-0.005084,-0.000940,0.002076,calib
221.18800,4.620000,1.070000,13.100000,-0.104527,0.315688,-0.167822,-0.005086,-0.000748,0.002080,calib
221.20400,4.610000,1.120000,13.100000,-0.104558,0.315960,-0.178270,-0.005084,-0.000940,0.002076,calib
221.20400,4.640000,1.090000,13.130000,-0.104579,0.307298,-0.167773,-0.005145,-0.000748,0.002189,calib
221.21900,4.620000,1.070000,13.110000,-0.104297,0.307343,-0.157491,-0.005309,-0.000843,0.002195,calib
221.28200,4.640000,1.080000,13.100000,-0.104579,0.307298,-0.167773,-0.005145,-0.000748,0.002189,calib
221.29700,4.610000,1.040000,13.120000,-0.104527,0.315688,-0.167822,-0.005086,-0.000748,0.002080,calib
221.31300,4.630000,1.090000,13.100000,-0.104579,0.307298,-0.167773,-0.005145,-0.000748,0.002189,calib
221.32900,4.620000,1.070000,13.110000,-0.097454,0.303120,-0.167859,-0.005175,-0.000798,0.002082,calib
221.34400,4.620000,1.080000,13.120000,-0.111402,0.311222,-0.178187,-0.005282,-0.000603,0.001971,calib
221.40700,4.590000,1.070000,13.110000,-0.104579,0.307298,-0.167773,-0.005145,-0.000748,0.002189,calib
221.42200,4.620000,1.060000,13.110000,-0.104579,0.307298,-0.167773,-0.005145,-0.000748,0.002189,calib
221.43800,4.600000,1.090000,13.110000,-0.104579,0.307298,-0.167773,-0.005145,-0.000748,0.002189,calib
221.45400,4.610000,1.070000,13.100000,-0.104527,0.315688,-0.167822,-0.005086,-0.000748,0.002080,calib
221.45400,4.630000,1.060000,13.120000,-0.104579,0.307298,-0.167773,-0.005145,-0.000748,0.002189,calib
221.53200,4.630000,1.110000,13.110000,-0.104579,0.307298,-0.167773,-0.005145,-0.000748,0.002189,calib
221.54700,4.620000,1.100000,13.100000,-0.104297,0.307343,-0.157491,-0.005309,-0.000843,0.002195,calib
221.56300,4.630000,1.060000,13.120000,-0.104579,0.307298,-0.167773,-0.005145,-0.000748,0.002189,calib
221.57900,4.620000,1.050000,13.090000,-0.104579,0.307298,-0.167773,-0.005145,-0.000748,0.002189,calib
221.59400,4.600000,1.080000,13.110000,-0.111704,0.311476,-0.167687,-0.005115,-0.000699,0.002295,calib
221.65700,4.630000,1.060000,13.090000,-0.104297,0.307343,-0.157491,-0.005309,-0.000843,0.002195,calib
221.67200,4.620000,1.020000,13.090000,-0.104579,0.307298,-0.167773,-0.005145,-0.000748,0.002189,calib
221.70400,4.630000,1.100000,13.110000,-0.104297,0.307343,-0.157491,-0.005309,-0.000843,0.002195,calib
221.70400,4.590000,1.110000,13.090000,-0.104579,0.307298,-0.167773,-0.005145,-0.000748,0.002189,calib
221.71900,4.610000,1.050000,13.100000,-0.104579,0.307298,-0.167773,-0.005145,-0.000748,0.002189,calib
221.81300,4.610000,1.100000,13.100000,-0.104610,0.307570,-0.178221,-0.005143,-0.000940,0.002184,calib
221.82900,4.600000,1.090000,13.100000,-0.104675,0.316304,-0.157731,-0.005081,-0.001129,0.002083,calib
221.84400,4.590000,1.070000,13.100000,-0.104579,0.307298,-0.167773,-0.005145,-0.000748,0.002189,calib
221.86000,4.640000,1.080000,13.100000,-0.104927,0.315987,-0.157565,-0.004918,-0.000841,0.002082,calib
221.86000,4.610000,1.080000,13.100000,-0.104979,0.307597,-0.157517,-0.004977,-0.000842,0.002191,calib
221.92200,4.620000,1.100000,13.120000,-0.104579,0.307298,-0.167773,-0.005145,-0.000748,0.002189,calib
221.95400,4.610000,1.100000,13.090000,-0.105009,0.307869,-0.167964,-0.004975,-0.001035,0.002186,calib
221.96900,4.650000,1.100000,13.090000,-0.112134,0.312046,-0.167879,-0.004945,-0.000986,0.002293,calib
221.98500,4.590000,1.090000,13.100000,-0.104579,0.307298,-0.167773,-0.005145,-0.000748,0.002189,calib
221.98500,4.600000,1.100000,13.080000,-0.105009,0.307869,-0.167964,-0.004975,-0.001035,0.002186,calib
222.06300,4.620000,1.060000,13.100000,-0.104979,0.307597,-0.157517,-0.004977,-0.000842,0.002191,calib
222.07900,4.620000,1.070000,13.100000,-0.104979,0.307597,-0.157517,-0.004977,-0.000842,0.002191,calib
222.09400,4.630000,1.060000,13.100000,-0.112104,0.311774,-0.157431,-0.004947,-0.000792,0.002297,calib
222.09400,4.660000,1.090000,13.100000,-0.104979,0.307597,-0.157517,-0.004977,-0.000842,0.002191,calib
222.11000,4.620000,1.100000,13.090000,-0.104979,0.307597,-0.157517,-0.004977,-0.000842,0.002191,calib
222.17200,4.640000,1.060000,13.080000,-0.097704,0.311765,-0.157407,-0.004949,-0.000893,0.002298,calib
222.18800,4.620000,1.070000,13.100000,-0.104979,0.307597,-0.157517,-0.004977,-0.000842,0.002191,calib
222.20400,4.650000,1.090000,13.090000,-0.111704,0.311476,-0.167687,-0.005115,-0.000699,0.002295,calib
222.21900,4.630000,1.080000,13.100000,-0.111822,0.311819,-0.147149,-0.005112,-0.000888,0.002303,calib
222.23500,4.620000,1.050000,13.100000,-0.097422,0.311810,-0.147125,-0.005113,-0.000989,0.002304,calib
222.31300,4.630000,1.070000,13.100000,-0.097652,0.320155,-0.157456,-0.004890,-0.000892,0.002189,calib
222.32900,4.600000,1.110000,13.080000,-0.111822,0.311819,-0.147149,-0.005112,-0.000888,0.002303,calib
222.34400,4.620000,1.100000,13.110000,-0.105009,0.307869,-0.167964,-0.004975,-0.001035,0.002186,calib
222.34400,4.630000,1.090000,13.100000,-0.104957,0.316259,-0.168013,-0.004916,-0.001035,0.002078,calib
222.36000,4.620000,1.100000,13.090000,-0.112052,0.320165,-0.157479,-0.004888,-0.000792,0.002189,calib
222.43800,4.610000,1.080000,13.090000,-0.111770,0.320210,-0.147197,-0.005053,-0.000887,0.002195,calib
222.45400,4.620000,1.100000,13.090000,-0.111770,0.320210,-0.147197,-0.005053,-0.000887,0.002195,calib
222.46900,4.600000,1.110000,13.100000,-0.111770,0.320210,-0.147197,-0.005053,-0.000887,0.002195,calib
222.48500,4.590000,1.080000,13.100000,-0.104675,0.316304,-0.157731,-0.005081,-0.001129,0.002083,calib
222.48500,4.630000,1.050000,13.090000,-0.111822,0.311819,-0.147149,-0.005112,-0.000888,0.002303,calib
222.56300,4.620000,1.070000,13.090000,-0.104697,0.307642,-0.147234,-0.005142,-0.000937,0.002197,calib
222.59400,4.600000,1.090000,13.100000,-0.111852,0.312092,-0.157597,-0.005110,-0.001080,0.002298,calib
222.59400,4.600000,1.100000,13.090000,-0.104979,0.307597,-0.157517,-0.004977,-0.000842,0.002191,calib
222.61000,4.590000,1.090000,13.090000,-0.112104,0.311774,-0.157431,-0.004947,-0.000792,0.002297,calib
222.62500,4.600000,1.080000,13.090000,-0.104927,0.315987,-0.157565,-0.004918,-0.000841,0.002082,calib
222.70400,4.610000,1.080000,13.080000,-0.104979,0.307597,-0.157517,-0.004977,-0.000842,0.002191,calib
222.71900,4.610000,1.110000,13.080000,-0.112104,0.311774,-0.157431,-0.004947,-0.000792,0.002297,calib
222.73500,4.600000,1.100000,13.090000,-0.104697,0.307642,-0.147234,-0.005142,-0.000937,0.002197,calib
222.75000,4.610000,1.060000,13.080000,-0.112104,0.311774,-0.157431,-0.004947,-0.000792,0.002297,calib
222.76600,4.600000,1.110000,13.070000,-0.112104,0.311774,-0.157431,-0.004947,-0.000792,0.002297,calib
222.86000,4.620000,1.080000,13.100000,-0.111822,0.311819,-0.147149,-0.005112,-0.000888,0.002303,calib
222.87500,4.610000,1.100000,13.090000,-0.112104,0.311774,-0.157431,-0.004947,-0.000792,0.002297,calib
222.89100,4.580000,1.110000,13.070000,-0.112104,0.311774,-0.157431,-0.004947,-0.000792,0.002297,calib
222.90700,4.610000,1.080000,13.100000,-0.111822,0.311819,-0.147149,-0.005112,-0.000888,0.002303,calib
222.90700,4.600000,1.080000,13.070000,-0.112104,0.311774,-0.157431,-0.004947,-0.000792,0.002297,calib
223.00000,4.590000,1.090000,13.070000,-0.104927,0.315987,-0.157565,-0.004918,-0.000841,0.002082,calib
223.01600,4.640000,1.110000,13.080000,-0.111770,0.320210,-0.147197,-0.005053,-0.000887,0.002195,calib
223.03200,4.630000,1.120000,13.080000,-0.112104,0.311774,-0.157431,-0.004947,-0.000792,0.002297,calib
223.04700,4.640000,1.070000,13.090000,-0.112503,0.312073,-0.147174,-0.004779,-0.000886,0.002299,calib
223.04700,4.640000,1.100000,13.100000,-0.111822,0.311819,-0.147149,-0.005112,-0.000888,0.002303,calib
223.12500,4.620000,1.120000,13.080000,-0.112104,0.311774,-0.157431,-0.004947,-0.000792,0.002297,calib
223.14100,4.630000,1.090000,13.070000,-0.112052,0.320165,-0.157479,-0.004888,-0.000792,0.002189,calib
223.15700,4.610000,1.080000,13.070000,-0.112104,0.311774,-0.157431,-0.004947,-0.000792,0.002297,calib
223.17200,4.660000,1.070000,13.090000,-0.111822,0.311819,-0.147149,-0.005112,-0.000888,0.002303,calib
223.17200,4.600000,1.070000,13.090000,-0.112052,0.320165,-0.157479,-0.004888,-0.000792,0.002189,calib
223.25000,4.620000,1.080000,13.090000,-0.112503,0.312073,-0.147174,-0.004779,-0.000886,0.002299,calib
223.26600,4.600000,1.080000,13.090000,-0.105229,0.316241,-0.147065,-0.004751,-0.000937,0.002406,calib
223.28200,4.610000,1.100000,13.100000,-0.112503,0.312073,-0.147174,-0.004779,-0.000886,0.002299,calib
223.28200,4.610000,1.080000,13.100000,-0.112170,0.320508,-0.136941,-0.004885,-0.000981,0.002197,calib
223.29700,4.600000,1.090000,13.080000,-0.112104,0.311774,-0.157431,-0.004947,-0.000792,0.002297,calib
223.37500,4.610000,1.100000,13.070000,-0.119347,0.316296,-0.136806,-0.004914,-0.000932,0.002412,calib
223.39100,4.640000,1.100000,13.080000,-0.111822,0.311819,-0.147149,-0.005112,-0.000888,0.002303,calib
223.40700,4.590000,1.080000,13.070000,-0.112104,0.311774,-0.157431,-0.004947,-0.000792,0.002297,calib
223.42200,4.630000,1.090000,13.090000,-0.112104,0.311774,-0.157431,-0.004947,-0.000792,0.002297,calib
223.43800,4.610000,1.090000,13.080000,-0.112104,0.311774,-0.157431,-0.004947,-0.000792,0.002297,calib
223.50000,4.600000,1.090000,13.070000,-0.112104,0.311774,-0.157431,-0.004947,-0.000792,0.002297,calib
223.51600,4.610000,1.070000,13.070000,-0.111822,0.311819,-0.147149,-0.005112,-0.000888,0.002303,calib
223.53200,4.620000,1.090000,13.100000,-0.112052,0.320165,-0.157479,-0.004888,-0.000792,0.002189,calib
223.54700,4.600000,1.070000,13.080000,-0.112170,0.320508,-0.136941,-0.004885,-0.000981,0.002197,calib
223.56300,4.630000,1.120000,13.060000,-0.111740,0.319938,-0.136749,-0.005055,-0.000695,0.002199,calib
223.61000,4.590000,1.090000,13.080000,-0.112052,0.320165,-0.157479,-0.004888,-0.000792,0.002189,calib
223.62500,4.660000,1.100000,13.070000,-0.119177,0.324342,-0.157394,-0.004858,-0.000742,0.002295,calib
223.64100,4.620000,1.090000,13.060000,-0.112052,0.320165,-0.157479,-0.004888,-0.000792,0.002189,calib
223.65700,4.620000,1.060000,13.080000,-0.111822,0.311819,-0.147149,-0.005112,-0.000888,0.002303,calib
223.67200,4.620000,1.110000,13.080000,-0.112503,0.312073,-0.147174,-0.004779,-0.000886,0.002299,calib
223.73500,4.590000,1.060000,13.080000,-0.119347,0.316296,-0.136806,-0.004914,-0.000932,0.002412,calib
223.75000,4.620000,1.110000,13.080000,-0.112104,0.311774,-0.157431,-0.004947,-0.000792,0.002297,calib
223.76600,4.600000,1.060000,13.070000,-0.112221,0.312118,-0.136892,-0.004944,-0.000981,0.002305,calib
223.78200,4.600000,1.080000,13.070000,-0.119295,0.324686,-0.136855,-0.004855,-0.000931,0.002303,calib
223.79700,4.620000,1.070000,13.060000,-0.119577,0.324641,-0.147137,-0.004691,-0.000837,0.002297,calib
223.86000,4.590000,1.090000,13.090000,-0.119607,0.324913,-0.157585,-0.004688,-0.001028,0.002293,calib
223.87500,4.610000,1.050000,13.080000,-0.112451,0.320463,-0.147223,-0.004721,-0.000886,0.002191,calib
223.89100,4.610000,1.140000,13.070000,-0.112221,0.312118,-0.136892,-0.004944,-0.000981,0.002305,calib
223.90700,4.620000,1.100000,13.070000,-0.119377,0.316568,-0.147254,-0.004912,-0.001124,0.002407,calib
223.92200,4.600000,1.110000,13.070000,-0.119628,0.316250,-0.147089,-0.004749,-0.000837,0.002406,calib
223.98500,4.620000,1.110000,13.100000,-0.118947,0.315997,-0.147063,-0.005082,-0.000838,0.002410,calib
224.00000,4.600000,1.130000,13.040000,-0.119347,0.316296,-0.136806,-0.004914,-0.000932,0.002412,calib
224.03200,4.610000,1.070000,13.080000,-0.119295,0.324686,-0.136855,-0.004855,-0.000931,0.002303,calib
224.04700,4.620000,1.050000,13.080000,-0.119347,0.316296,-0.136806,-0.004914,-0.000932,0.002412,calib
224.04700,4.580000,1.090000,13.070000,-0.119628,0.316250,-0.147089,-0.004749,-0.000837,0.002406,calib
224.12500,4.600000,1.080000,13.050000,-0.119577,0.324641,-0.147137,-0.004691,-0.000837,0.002297,calib
224.14100,4.620000,1.070000,13.050000,-0.119577,0.324641,-0.147137,-0.004691,-0.000837,0.002297,calib
224.15700,4.590000,1.060000,13.050000,-0.119577,0.324641,-0.147137,-0.004691,-0.000837,0.002297,calib
224.17200,4.600000,1.060000,13.070000,-0.119577,0.324641,-0.147137,-0.004691,-0.000837,0.002297,calib
224.17200,4.630000,1.080000,13.040000,-0.119347,0.316296,-0.136806,-0.004914,-0.000932,0.002412,calib
224.26600,4.620000,1.080000,13.070000,-0.120028,0.316549,-0.136832,-0.004582,-0.000931,0.002408,calib
224.28200,4.620000,1.080000,13.100000,-0.112503,0.312073,-0.147174,-0.004779,-0.000886,0.002299,calib
224.29700,4.650000,1.080000,13.050000,-0.119577,0.324641,-0.147137,-0.004691,-0.000837,0.002297,calib
224.31300,4.610000,1.090000,13.080000,-0.119316,0.316024,-0.126359,-0.004916,-0.000740,0.002416,calib
224.32900,4.630000,1.060000,13.060000,-0.112191,0.311846,-0.126444,-0.004946,-0.000789,0.002310,calib
224.39100,4.640000,1.050000,13.060000,-0.112139,0.320236,-0.126493,-0.004887,-0.000789,0.002201,calib
224.40700,4.590000,1.090000,13.070000,-0.126590,0.311856,-0.126468,-0.004944,-0.000690,0.002309,calib
224.42200,4.600000,1.070000,13.070000,-0.119577,0.324641,-0.147137,-0.004691,-0.000837,0.002297,calib
224.42200,4.610000,1.090000,13.070000,-0.112170,0.320508,-0.136941,-0.004885,-0.000981,0.002197,calib
224.43800,4.610000,1.110000,13.070000,-0.119746,0.316594,-0.126550,-0.004746,-0.001026,0.002413,calib
224.51600,4.580000,1.080000,13.070000,-0.119347,0.316296,-0.136806,-0.004914,-0.000932,0.002412,calib
224.53200,4.610000,1.070000,13.070000,-0.112420,0.329153,-0.126489,-0.004659,-0.001076,0.002412,calib
224.54700,4.620000,1.080000,13.070000,-0.119316,0.316024,-0.126359,-0.004916,-0.000740,0.002416,calib
224.56300,4.590000,1.100000,13.060000,-0.119316,0.316024,-0.126359,-0.004916,-0.000740,0.002416,calib
224.57900,4.620000,1.080000,13.060000,-0.119347,0.316296,-0.136806,-0.004914,-0.000932,0.002412,calib
224.64100,4.580000,1.080000,13.040000,-0.119347,0.316296,-0.136806,-0.004914,-0.000932,0.002412,calib
224.65700,4.620000,1.070000,13.080000,-0.119746,0.316594,-0.126550,-0.004746,-0.001026,0.002413,calib
224.67200,4.640000,1.090000,13.070000,-0.119628,0.316250,-0.147089,-0.004749,-0.000837,0.002406,calib
224.67200,4.560000,1.100000,13.050000,-0.119347,0.316296,-0.136806,-0.004914,-0.000932,0.002412,calib
224.68800,4.600000,1.100000,13.060000,-0.119264,0.324414,-0.126407,-0.004857,-0.000739,0.002308,calib
224.75000,4.630000,1.100000,13.070000,-0.112702,0.329107,-0.136772,-0.004494,-0.000981,0.002406,calib
224.78200,4.610000,1.090000,13.060000,-0.119577,0.324641,-0.147137,-0.004691,-0.000837,0.002297,calib
224.78200,4.600000,1.080000,13.060000,-0.119347,0.316296,-0.136806,-0.004914,-0.000932,0.002412,calib
224.79700,4.580000,1.090000,13.070000,-0.105229,0.316241,-0.147065,-0.004751,-0.000937,0.002406,calib
224.81300,4.620000,1.090000,13.060000,-0.112753,0.320717,-0.136723,-0.004553,-0.000981,0.002515,calib
224.89100,4.590000,1.070000,13.070000,-0.120028,0.316549,-0.136832,-0.004582,-0.000931,0.002408,calib
224.90700,4.600000,1.070000,13.070000,-0.112221,0.312118,-0.136892,-0.004944,-0.000981,0.002305,calib
224.92200,4.600000,1.100000,13.080000,-0.112538,0.320535,-0.116236,-0.004719,-0.000883,0.002203,calib
224.93800,4.620000,1.080000,13.060000,-0.119264,0.324414,-0.126407,-0.004857,-0.000739,0.002308,calib
224.93800,4.600000,1.060000,13.090000,-0.119945,0.324667,-0.126433,-0.004525,-0.000739,0.002304,calib
225.01600,4.590000,1.070000,13.080000,-0.119316,0.316024,-0.126359,-0.004916,-0.000740,0.002416,calib
225.04700,4.610000,1.070000,13.070000,-0.119976,0.324939,-0.136881,-0.004523,-0.000931,0.002299,calib
225.04700,4.610000,1.120000,13.050000,-0.119746,0.316594,-0.126550,-0.004746,-0.001026,0.002413,calib
225.06300,4.610000,1.080000,13.070000,-0.112420,0.329153,-0.126489,-0.004659,-0.001076,0.002412,calib
225.07900,4.610000,1.090000,13.070000,-0.112389,0.328880,-0.116042,-0.004661,-0.000884,0.002417,calib
225.14100,4.570000,1.080000,13.070000,-0.112472,0.320762,-0.126441,-0.004718,-0.001077,0.002521,calib
225.15700,4.610000,1.090000,13.090000,-0.119347,0.316296,-0.136806,-0.004914,-0.000932,0.002412,calib
225.17200,4.600000,1.070000,13.060000,-0.119628,0.316250,-0.147089,-0.004749,-0.000837,0.002406,calib
225.17200,4.580000,1.100000,13.050000,-0.119628,0.316250,-0.147089,-0.004749,-0.000837,0.002406,calib
225.18800,4.600000,1.090000,13.060000,-0.119746,0.316594,-0.126550,-0.004746,-0.001026,0.002413,calib
225.25000,4.610000,1.130000,13.060000,-0.120028,0.316549,-0.136832,-0.004582,-0.000931,0.002408,calib
225.28200,4.580000,1.090000,13.080000,-0.112671,0.328835,-0.126324,-0.004496,-0.000789,0.002411,calib
225.29700,4.600000,1.110000,13.050000,-0.119628,0.316250,-0.147089,-0.004749,-0.000837,0.002406,calib
225.31300,4.600000,1.070000,13.050000,-0.119746,0.316594,-0.126550,-0.004746,-0.001026,0.002413,calib
225.32900,4.630000,1.110000,13.060000,-0.120028,0.316549,-0.136832,-0.004582,-0.000931,0.002408,calib
225.39100,4.630000,1.080000,13.060000,-0.119295,0.324686,-0.136855,-0.004855,-0.000931,0.002303,calib
225.40700,4.640000,1.060000,13.060000,-0.119295,0.324686,-0.136855,-0.004855,-0.000931,0.002303,calib
225.42200,4.600000,1.090000,13.070000,-0.119976,0.324939,-0.136881,-0.004523,-0.000931,0.002299,calib
225.42200,4.620000,1.120000,13.060000,-0.119746,0.316594,-0.126550,-0.004746,-0.001026,0.002413,calib
225.43800,4.580000,1.100000,13.060000,-0.119976,0.324939,-0.136881,-0.004523,-0.000931,0.002299,calib
225.51600,4.600000,1.070000,13.060000,-0.120028,0.316549,-0.136832,-0.004582,-0.000931,0.002408,calib
225.53200,4.640000,1.070000,13.070000,-0.126819,0.329162,-0.126513,-0.004657,-0.000976,0.002412,calib
225.54700,4.580000,1.120000,13.060000,-0.119694,0.324985,-0.126599,-0.004687,-0.001025,0.002305,calib
225.56300,4.600000,1.130000,13.050000,-0.119746,0.316594,-0.126550,-0.004746,-0.001026,0.002413,calib
225.56300,4.570000,1.070000,13.050000,-0.120028,0.316549,-0.136832,-0.004582,-0.000931,0.002408,calib
225.64100,4.610000,1.080000,13.060000,-0.119746,0.316594,-0.126550,-0.004746,-0.001026,0.002413,calib
225.65700,4.570000,1.100000,13.070000,-0.126789,0.328890,-0.116065,-0.004659,-0.000784,0.002416,calib
225.67200,4.590000,1.100000,13.060000,-0.127071,0.328845,-0.126347,-0.004495,-0.000688,0.002411,calib
225.68800,4.610000,1.080000,13.050000,-0.119628,0.316250,-0.147089,-0.004749,-0.000837,0.002406,calib
225.70400,4.600000,1.050000,13.050000,-0.119514,0.333058,-0.115956,-0.004631,-0.000834,0.002524,calib
225.76600,4.610000,1.100000,13.050000,-0.127122,0.320454,-0.126299,-0.004554,-0.000690,0.002519,calib
225.78200,4.630000,1.080000,13.050000,-0.112753,0.320717,-0.136723,-0.004553,-0.000981,0.002515,calib
225.78200,4.610000,1.110000,13.060000,-0.127153,0.320726,-0.136747,-0.004552,-0.000882,0.002514,calib
225.79700,4.590000,1.090000,13.080000,-0.126871,0.320772,-0.126464,-0.004716,-0.000976,0.002520,calib
225.81300,4.590000,1.080000,13.060000,-0.119976,0.324939,-0.136881,-0.004523,-0.000931,0.002299,calib
225.87500,4.610000,1.060000,13.050000,-0.127101,0.329117,-0.136795,-0.004493,-0.000880,0.002406,calib
225.90700,4.630000,1.090000,13.080000,-0.119879,0.324894,-0.136637,-0.004523,-0.000932,0.002621,calib
225.90700,4.630000,1.100000,13.060000,-0.112671,0.328835,-0.126324,-0.004496,-0.000789,0.002411,calib
225.92200,4.590000,1.050000,13.050000,-0.119545,0.333330,-0.126404,-0.004629,-0.001027,0.002519,calib
225.93800,4.610000,1.100000,13.060000,-0.126871,0.320772,-0.126464,-0.004716,-0.000976,0.002520,calib
226.00000,4.580000,1.080000,13.040000,-0.119746,0.316594,-0.126550,-0.004746,-0.001026,0.002413,calib
226.01600,4.590000,1.070000,13.050000,-0.119694,0.324985,-0.126599,-0.004687,-0.001025,0.002305,calib
226.03200,4.610000,1.100000,13.060000,-0.112420,0.329153,-0.126489,-0.004659,-0.001076,0.002412,calib
226.04700,4.570000,1.050000,13.040000,-0.119746,0.316594,-0.126550,-0.004746,-0.001026,0.002413,calib
226.06300,4.600000,1.080000,13.050000,-0.119976,0.324939,-0.136881,-0.004523,-0.000931,0.002299,calib
226.14100,4.650000,1.070000,13.060000,-0.127071,0.328845,-0.126347,-0.004495,-0.000688,0.002411,calib
226.15700,4.610000,1.050000,13.060000,-0.119694,0.324985,-0.126599,-0.004687,-0.001025,0.002305,calib
226.17200,4.590000,1.100000,13.040000,-0.112702,0.329107,-0.136772,-0.004494,-0.000981,0.002406,calib
226.18800,4.580000,1.060000,13.060000,-0.119976,0.324939,-0.136881,-0.004523,-0.000931,0.002299,calib
226.20400,4.620000,1.070000,13.060000,-0.119976,0.324939,-0.136881,-0.004523,-0.000931,0.002299,calib
226.26600,4.600000,1.080000,13.040000,-0.127219,0.329461,-0.116256,-0.004489,-0.001069,0.002414,calib
226.28200,4.610000,1.070000,13.030000,-0.112819,0.329451,-0.116233,-0.004491,-0.001170,0.002414,calib
226.29700,4.600000,1.100000,13.070000,-0.127219,0.329461,-0.116256,-0.004489,-0.001069,0.002414,calib
226.31300,4.610000,1.070000,13.050000,-0.120028,0.316549,-0.136832,-0.004582,-0.000931,0.002408,calib
226.32900,4.600000,1.100000,13.050000,-0.119796,0.333013,-0.126238,-0.004466,-0.000739,0.002518,calib
226.40700,4.560000,1.090000,13.070000,-0.119879,0.324894,-0.136637,-0.004523,-0.000932,0.002621,calib
226.42200,4.610000,1.100000,13.040000,-0.126789,0.328890,-0.116065,-0.004659,-0.000784,0.002416,calib
226.43800,4.620000,1.090000,13.060000,-0.112472,0.320762,-0.126441,-0.004718,-0.001077,0.002521,calib
226.45400,4.590000,1.100000,13.040000,-0.119796,0.333013,-0.126238,-0.004466,-0.000739,0.002518,calib
226.45400,4.610000,1.070000,13.060000,-0.112472,0.320762,-0.126441,-0.004718,-0.001077,0.002521,calib
226.53200,4.630000,1.070000,13.050000,-0.112472,0.320762,-0.126441,-0.004718,-0.001077,0.002521,calib
226.54700,4.620000,1.040000,13.040000,-0.119664,0.324713,-0.116151,-0.004689,-0.000833,0.002310,calib
226.56300,4.580000,1.060000,13.050000,-0.126819,0.329162,-0.126513,-0.004657,-0.000976,0.002412,calib
226.57900,4.590000,1.040000,13.060000,-0.112420,0.329153,-0.126489,-0.004659,-0.001076,0.002412,calib
226.57900,4.620000,1.090000,13.040000,-0.126789,0.328890,-0.116065,-0.004659,-0.000784,0.002416,calib
226.65700,4.590000,1.070000,13.030000,-0.119566,0.324668,-0.115907,-0.004690,-0.000835,0.002632,calib
226.67200,4.600000,1.090000,13.060000,-0.126819,0.329162,-0.126513,-0.004657,-0.000976,0.002412,calib
226.68800,4.620000,1.080000,13.050000,-0.119566,0.324668,-0.115907,-0.004690,-0.000835,0.002632,calib
226.70400,4.580000,1.100000,13.050000,-0.119664,0.324713,-0.116151,-0.004689,-0.000833,0.002310,calib
226.71900,4.630000,1.090000,13.050000,-0.126841,0.320500,-0.116016,-0.004718,-0.000784,0.002525,calib
226.76600,4.570000,1.100000,13.030000,-0.119879,0.324894,-0.136637,-0.004523,-0.000932,0.002621,calib
226.78200,4.560000,1.080000,13.060000,-0.126789,0.328890,-0.116065,-0.004659,-0.000784,0.002416,calib
226.81300,4.610000,1.130000,13.030000,-0.119597,0.324940,-0.126355,-0.004688,-0.001027,0.002627,calib
226.82900,4.620000,1.100000,13.060000,-0.112753,0.320717,-0.136723,-0.004553,-0.000981,0.002515,calib
226.82900,4.590000,1.070000,13.060000,-0.126871,0.320772,-0.126464,-0.004716,-0.000976,0.002520,calib
226.93800,4.580000,1.070000,13.030000,-0.119694,0.324985,-0.126599,-0.004687,-0.001025,0.002305,calib
226.95400,4.590000,1.060000,13.060000,-0.113153,0.321015,-0.126467,-0.004385,-0.001075,0.002517,calib
226.96900,4.580000,1.110000,13.030000,-0.127153,0.320726,-0.136747,-0.004552,-0.000882,0.002514,calib
226.98500,4.570000,1.110000,13.030000,-0.112420,0.329153,-0.126489,-0.004659,-0.001076,0.002412,calib
227.00000,4.590000,1.080000,13.040000,-0.119914,0.333357,-0.105699,-0.004463,-0.000928,0.002525,calib
227.06300,4.590000,1.050000,13.040000,-0.127188,0.329189,-0.105809,-0.004491,-0.000877,0.002418,calib
227.07900,4.590000,1.060000,13.030000,-0.119914,0.333357,-0.105699,-0.004463,-0.000928,0.002525,calib
227.09400,4.610000,1.070000,13.060000,-0.127122,0.320454,-0.126299,-0.004554,-0.000690,0.002519,calib
227.11000,4.590000,1.060000,13.050000,-0.112472,0.320762,-0.126441,-0.004718,-0.001077,0.002521,calib
227.12500,4.620000,1.090000,13.030000,-0.112871,0.321061,-0.116184,-0.004550,-0.001170,0.002523,calib
227.18800,4.630000,1.130000,13.050000,-0.119566,0.324668,-0.115907,-0.004690,-0.000835,0.002632,calib
227.20400,4.590000,1.090000,13.030000,-0.112840,0.320789,-0.105737,-0.004552,-0.000978,0.002527,calib
227.20400,4.610000,1.100000,13.040000,-0.126789,0.328890,-0.116065,-0.004659,-0.000784,0.002416,calib
227.21900,4.570000,1.080000,13.030000,-0.119664,0.324713,-0.116151,-0.004689,-0.000833,0.002310,calib
227.23500,4.620000,1.110000,13.020000,-0.119514,0.333058,-0.115956,-0.004631,-0.000834,0.002524,calib
227.31300,4.620000,1.060000,13.020000,-0.126789,0.328890,-0.116065,-0.004659,-0.000784,0.002416,calib
227.32900,4.600000,1.090000,13.040000,-0.120278,0.325193,-0.126381,-0.004355,-0.001026,0.002623,calib
227.34400,4.610000,1.080000,13.060000,-0.119966,0.324966,-0.105651,-0.004522,-0.000929,0.002634,calib
227.34400,4.600000,1.100000,13.050000,-0.113070,0.329134,-0.116067,-0.004328,-0.000883,0.002413,calib
227.36000,4.600000,1.080000,13.030000,-0.126789,0.328890,-0.116065,-0.004659,-0.000784,0.002416,calib
227.42200,4.580000,1.080000,13.030000,-0.119545,0.333330,-0.126404,-0.004629,-0.001027,0.002519,calib
227.43800,4.600000,1.090000,13.040000,-0.119914,0.333357,-0.105699,-0.004463,-0.000928,0.002525,calib
227.45400,4.590000,1.110000,13.050000,-0.119996,0.325238,-0.116099,-0.004520,-0.001121,0.002629,calib
227.45400,4.570000,1.080000,13.040000,-0.120196,0.333311,-0.115982,-0.004299,-0.000833,0.002520,calib
227.46900,4.630000,1.090000,13.050000,-0.119545,0.333330,-0.126404,-0.004629,-0.001027,0.002519,calib
227.54700,4.600000,1.090000,13.050000,-0.126871,0.320772,-0.126464,-0.004716,-0.000976,0.002520,calib
227.56300,4.640000,1.050000,13.040000,-0.119944,0.333629,-0.116147,-0.004461,-0.001120,0.002521,calib
